Date;Ouverture;Haut;Bas;Clôture;Changement, %
2013-01-02;841;841;810;811;0.00
2013-01-03;813.75;819;809.5;811.25;+0.03
2013-01-04;812.25;815.25;796.75;804.5;-0.83
2013-01-07;806.75;816.5;801.5;807.5;+0.37
2013-01-08;807.5;817;806.75;808.75;+0.15
2013-01-09;810.75;813.25;800;801.25;-0.93
2013-01-10;803.25;809.25;795.25;796.5;-0.59
2013-01-11;798.75;819.75;785.25;807;+1.32
2013-01-14;813;830;813;823.5;+2.04
2013-01-15;825.5;844.75;823;838.25;+1.79
2013-01-16;838.5;848;834.25;842.5;+0.51
2013-01-17;843.75;846.75;831.75;837;-0.65
2013-01-18;838.25;847;832;843.75;+0.81
2013-01-22;847.25;852;830;830.75;-1.54
2013-01-23;830.75;839.25;825.25;830.25;-0.06
2013-01-24;830.75;830.75;816.75;821.5;-1.05
2013-01-25;821.75;835.25;817.25;829.5;+0.97
2013-01-28;830.25;835.25;824.75;832.75;+0.39
2013-01-29;832.5;840;830;830.75;-0.24
2013-01-30;830;842;825.5;840.75;+1.20
2013-01-31;840.5;844.25;829.75;837.75;-0.36
2013-02-01;837.75;847.25;821;822;-1.88
2013-02-04;825.5;829.75;813.25;817;-0.61
2013-02-05;817.25;819.75;801.25;807.25;-1.19
2013-02-06;807;814.25;797.75;809.75;+0.31
2013-02-07;809.75;812.75;800;801;-1.08
2013-02-08;801;815.75;796.75;799.75;-0.16
2013-02-11;801.25;803.5;788;788.75;-1.38
2013-02-12;790.25;793;774;778;-1.36
2013-02-13;778.5;784;770.25;780.25;+0.29
2013-02-14;782.75;786;769.75;775;-0.67
2013-02-15;775;786;771.25;777.5;+0.32
2013-02-19;781.5;782.75;762.75;769;-1.09
2013-02-20;769;778;765.75;777.25;+1.07
2013-02-21;776.75;776.75;756.5;757.25;-2.57
2013-02-22;759;763.5;748.75;749.75;-0.99
2013-02-25;749.75;752.25;731;731.5;-2.43
2013-02-26;732.25;735.25;724.5;732.75;+0.17
2013-02-27;733.25;744;732.5;734.25;+0.20
2013-02-28;738.25;749.75;737.75;747;+1.74
2013-03-01;749.25;760.5;742.75;756;+1.20
2013-03-04;752.25;752.25;736.5;737;-2.51
2013-03-05;733.5;738;733.5;736.25;-0.10
2013-03-06;727;736.5;727;729.5;-0.92
2013-03-07;740.75;740.75;730;740;+1.44
2013-03-08;743.25;743.25;737;738.25;-0.24
2013-03-11;740;740;738.25;738.25;0.00
2013-03-12;742;757.5;735;735;-0.44
2013-03-13;729.25;729.25;729.25;729.25;-0.78
2013-03-14;727.5;842.5;727.5;742.75;+1.85
2013-03-15;751.75;752.25;745.5;751.5;+1.18
2013-03-18;749.5;751.25;738;744.25;-0.96
2013-03-19;742.5;753;742.5;751.75;+1.01
2013-03-20;751.5;767.75;750.5;766.25;+1.93
2013-03-21;766.25;767.25;758.25;760.5;-0.75
2013-03-22;760.5;763;748.25;761.5;+0.13
2013-03-25;761;763;755.5;759;-0.33
2013-03-26;758.5;769;756.25;768.5;+1.25
2013-03-27;767.75;778.5;764.25;774;+0.72
2013-03-28;773.5;778.75;723.25;726.75;-6.10
2013-04-01;726.25;729;704.5;709.75;-2.34
2013-04-02;714;717.25;709;716.75;+0.99
2013-04-03;718;737.5;714.5;735.25;+2.58
2013-04-04;736.75;743.5;718.25;721.75;-1.84
2013-04-05;720.25;728.75;717.75;726;+0.59
2013-04-08;727.5;746.75;726.5;745;+2.62
2013-04-09;745;751;739.25;746.5;+0.20
2013-04-10;745;748.5;726.25;730;-2.21
2013-04-11;731;743.5;730.25;738.75;+1.20
2013-04-12;739;757;738;753;+1.93
2013-04-15;753.5;754.5;729.25;732.5;-2.72
2013-04-16;732.5;742.25;729.5;741.75;+1.26
2013-04-17;742.75;754;737.75;742;+0.03
2013-04-18;742;749.25;738.25;743.75;+0.24
2013-04-19;744.5;749;738;746;+0.30
2013-04-22;744.5;744.5;728.25;739.5;-0.87
2013-04-23;740.5;742.25;730.5;737.25;-0.30
2013-04-24;739;741.5;733.5;739;+0.24
2013-04-25;738;766.75;737.25;763.75;+3.35
2013-04-26;762;766.25;755.25;756.5;-0.95
2013-04-29;762;784.75;761;780.75;+3.21
2013-04-30;782.25;803.5;772.5;798;+2.21
2013-05-01;798.75;798.75;787;794.25;-0.47
2013-05-02;794;802.25;794;802.25;+1.01
2013-05-03;795;795;790;790;-1.53
2013-05-06;772;772;768.75;768.75;-2.69
2013-05-07;759;769.75;759;769.75;+0.13
2013-05-08;772;772;771.75;771.75;+0.26
2013-05-09;780;792;780;792;+2.62
2013-05-10;771.5;771.5;771.5;771.5;-2.59
2013-05-13;768.25;768.25;760.5;760.5;-1.43
2013-05-14;760;760;760;760;-0.07
2013-05-15;767;767.5;751.25;751.75;-1.09
2013-05-16;752.5;759;737.25;743.5;-1.10
2013-05-17;745;746;735.75;737.25;-0.84
2013-05-20;736.25;745.75;731.5;745;+1.05
2013-05-21;744;745;733.25;738.5;-0.87
2013-05-22;739.5;749.25;738.75;743.25;+0.64
2013-05-23;742.25;759;741.5;754.5;+1.51
2013-05-24;755;757.25;744.5;745.75;-1.16
2013-05-28;745.75;754.75;735.5;743.5;-0.30
2013-05-29;744.5;751.75;740.5;747.75;+0.57
2013-05-30;743.25;747.5;736.25;746;-0.23
2013-05-31;745.75;752.25;741;751;+0.67
2013-06-03;751.25;757;740;751.5;+0.07
2013-06-04;751;754;744.75;750.75;-0.10
2013-06-05;751;753.25;742.75;743.25;-1.00
2013-06-06;743.75;746.75;735.75;738.5;-0.64
2013-06-07;738.5;743;733.5;735;-0.47
2013-06-10;733.75;733.75;720;726;-1.22
2013-06-11;726;733.75;723.25;730;+0.55
2013-06-12;729.5;731;715.75;716.5;-1.85
2013-06-13;717;719.75;709.25;718.5;+0.28
2013-06-14;718.5;718.5;708.25;711.5;-0.97
2013-06-17;711;724;706;713.75;+0.32
2013-06-18;714.5;724;714.5;719.25;+0.77
2013-06-19;718;743.5;714.75;739.75;+2.85
2013-06-20;738.5;743.25;729;737;-0.37
2013-06-21;736.5;743;734;736.5;-0.07
2013-06-24;733;734.25;715;715.25;-2.89
2013-06-25;715.5;720.25;704;704.25;-1.54
2013-06-26;704.25;708.25;693.5;694.25;-1.42
2013-06-27;694.75;699.5;685.5;686.5;-1.12
2013-06-28;685.5;691.75;671.75;676.25;-1.49
2013-07-01;676;681;671.75;676.75;+0.07
2013-07-02;676;682.75;673;674;-0.41
2013-07-03;676.25;684.75;676.25;683.5;+1.41
2013-07-05;689;692.25;676.5;676.5;-1.02
2013-07-08;693;694.25;691.25;691.25;+2.18
2013-07-09;693.25;711.25;693;706.75;+2.24
2013-07-10;715;715;702.75;712;+0.74
2013-07-11;724.25;726.5;711.5;711.5;-0.07
2013-07-12;728.25;728.25;712.75;712.75;+0.18
2013-07-15;707.25;707.25;697;701;-1.65
2013-07-16;701.25;711;700;703.75;+0.39
2013-07-17;703.75;707.5;702;702.75;-0.14
2013-07-18;702.5;707.75;699.75;702.25;-0.07
2013-07-19;702.5;710.75;700.5;705.25;+0.43
2013-07-22;705.75;708.5;698;702;-0.46
2013-07-23;702;702;696.25;699;-0.43
2013-07-24;699.5;703.5;697;697.25;-0.25
2013-07-25;697;701.5;691;692.25;-0.72
2013-07-26;692;698.5;690.5;691.5;-0.11
2013-07-29;691.5;696.5;690;690.25;-0.18
2013-07-30;690;701.25;688.5;696.25;+0.87
2013-07-31;695;707.5;694.5;706.75;+1.51
2013-08-01;705.5;708.5;695.5;706.75;0.00
2013-08-02;706;714.5;704.75;706.75;0.00
2013-08-05;706;712.5;692;695.5;-1.59
2013-08-06;696;702.5;693;702;+0.93
2013-08-07;702;703;695;699;-0.43
2013-08-08;699;707;697.5;702;+0.43
2013-08-09;701.5;706.5;693.5;697.25;-0.68
2013-08-12;697.5;710;693.25;700.25;+0.43
2013-08-13;700;706.25;694;696.25;-0.57
2013-08-14;695;699.75;690.5;698.75;+0.36
2013-08-15;698;707;697;703;+0.61
2013-08-16;701.75;704.75;694.75;698.25;-0.68
2013-08-19;700.5;709.25;700.5;703.25;+0.72
2013-08-20;703.25;705.5;695.25;696.75;-0.92
2013-08-21;697;708.5;696;699.5;+0.39
2013-08-22;699.5;701.5;693.75;694.25;-0.75
2013-08-23;694;700.75;693;695.5;+0.18
2013-08-26;699.25;719.25;699.25;708.25;+1.83
2013-08-27;707.75;712.75;705.25;707.25;-0.14
2013-08-28;706.5;714;703.75;706.25;-0.14
2013-08-29;708;710;698.75;701;-0.74
2013-08-30;701.75;703;698;700.75;-0.04
2013-09-03;701.25;707;693.75;696.75;-0.57
2013-09-04;695.5;705.25;694;705;+1.18
2013-09-05;705;706;700.75;701.25;-0.53
2013-09-06;704;709;702.25;708.5;+1.03
2013-09-09;705.75;708.25;701.25;701.5;-0.99
2013-09-10;702;707.75;702;706.75;+0.75
2013-09-11;708;708.25;708;708.25;+0.21
2013-09-12;702.75;707.5;698;706.75;-0.21
2013-09-13;691;691;683.5;685;-3.08
2013-09-16;691;696.25;689;689.75;+0.69
2013-09-17;689;698.5;689;690.25;+0.07
2013-09-18;689.75;695;689.25;692.5;+0.33
2013-09-19;692.75;707.5;692.25;702;+1.37
2013-09-20;701.75;703;690.75;692.75;-1.32
2013-09-23;693;701;691.5;697.75;+0.72
2013-09-24;698;706.5;695;705;+1.04
2013-09-25;705;722.75;703.75;718.25;+1.88
2013-09-26;718;728;716;727.25;+1.25
2013-09-27;726;735;725.75;731.75;+0.62
2013-09-30;730;746.75;727.75;739.5;+1.06
2013-10-01;739;746.75;734;745;+0.74
2013-10-02;744.5;756.75;742.75;754.5;+1.28
2013-10-03;754;764.75;754;755.5;+0.13
2013-10-04;755;757;749;750.25;-0.69
2013-10-07;751.75;758.75;749.75;756.5;+0.83
2013-10-08;756;762.75;753.5;760.5;+0.53
2013-10-09;759;762.5;753.25;759;-0.20
2013-10-10;759;763.5;754.25;755.5;-0.46
2013-10-11;755;764.25;752.25;760.25;+0.63
2013-10-14;759.5;764;754.5;761.5;+0.16
2013-10-15;759.75;762.25;755.5;756.25;-0.69
2013-10-16;756.25;758;742.25;744.75;-1.52
2013-10-17;745;753.25;745;749;+0.57
2013-10-18;749.5;770;749.5;768.75;+2.64
2013-10-21;769;774;754.5;761.25;-0.98
2013-10-22;760.25;768.5;756.25;765.5;+0.56
2013-10-23;765.75;776.25;764.25;770.75;+0.69
2013-10-24;770.25;776.5;763.5;764.25;-0.84
2013-10-25;764.75;768.75;758.5;759;-0.69
2013-10-28;759;760;750;750.75;-1.09
2013-10-29;750;756.5;749;751.75;+0.13
2013-10-30;752.5;758.25;747.5;747.75;-0.53
2013-10-31;747.75;749;739.5;740.5;-0.97
2013-11-01;740.25;741;731.5;733.5;-0.95
2013-11-04;733;736.5;728.25;729.25;-0.58
2013-11-05;729;729.75;721.5;722.25;-0.96
2013-11-06;722.75;724.75;716;716.5;-0.80
2013-11-07;716.5;719.25;712;712.5;-0.56
2013-11-08;712.5;716.75;703.5;708.5;-0.56
2013-11-11;710.5;714.75;704.75;706.25;-0.32
2013-11-12;706.25;713;702.5;703.25;-0.42
2013-11-13;704;706;701.5;702;-0.18
2013-11-14;701.5;709.75;701.5;703;+0.14
2013-11-15;703;704.75;697.5;698.25;-0.68
2013-11-18;699.25;703.75;693.75;694;-0.61
2013-11-19;694.25;700.5;693;698.5;+0.65
2013-11-20;699;703;695;695.5;-0.43
2013-11-21;695.25;700.75;694;694.75;-0.11
2013-11-22;696;702.5;695.5;701.75;+1.01
2013-11-25;703;706;699.5;703.5;+0.25
2013-11-26;703.75;705;699.5;704.25;+0.11
2013-11-27;704.5;717;704.25;713;+1.24
2013-11-29;716;717.75;706.5;713.25;+0.04
2013-12-02;711.75;715.5;705;705;-1.16
2013-12-03;708;715.25;707;711.75;+0.96
2013-12-04;711;713;709;709.25;-0.35
2013-12-05;708;708;702;705;-0.60
2013-12-06;704;705.5;704;705.25;+0.04
2013-12-09;705;706;703.5;703.5;-0.25
2013-12-10;700;700;693.25;694.5;-1.28
2013-12-11;692.75;697;692.75;696.5;+0.29
2013-12-12;696.75;697;668.5;669.25;-3.91
2013-12-13;657;657;657;657;-1.83
2013-12-16;672;672.5;664.75;665.5;+1.29
2013-12-17;665.5;668.75;659.25;660.5;-0.75
2013-12-18;660.25;660.25;653;653.75;-1.02
2013-12-19;655;661.75;651.75;652.75;-0.15
2013-12-20;652.75;659.75;651;657.25;+0.69
2013-12-23;656.5;658.5;648;648.5;-1.33
2013-12-24;648.5;650.5;644.75;646.5;-0.31
2013-12-26;646.5;646.75;641;644.5;-0.31
2013-12-27;646;647.5;638.5;644.25;-0.04
2013-12-30;642;644.25;635;635.75;-1.32
2013-12-31;635.75;643;632.75;640.5;+0.75
2014-01-02;638.5;639.75;630.25;631.25;-1.44
2014-01-03;631.25;644;630.5;642.5;+1.78
2014-01-06;644.5;650.75;643;644;+0.23
2014-01-07;645.25;650.5;641.5;645.25;+0.19
2014-01-08;645.25;651;635;637;-1.28
2014-01-09;637;640.75;630.75;639;+0.31
2014-01-10;639;649.75;624.5;626;-2.03
2014-01-13;628.25;631.5;618.25;619.75;-1.00
2014-01-14;619;633.5;617;632;+1.98
2014-01-15;631.5;633.5;619.5;620.5;-1.82
2014-01-16;620;631;619.75;629.5;+1.45
2014-01-17;629;630.5;621.75;623.25;-0.99
2014-01-21;624.75;626.5;620.5;621.25;-0.32
2014-01-22;622.25;628.5;622.25;624.75;+0.56
2014-01-23;626.5;642.75;625.25;632.25;+1.20
2014-01-24;632.25;635.5;626;627.25;-0.79
2014-01-27;628;634.75;622;622.5;-0.76
2014-01-28;622.5;627;621.25;622;-0.08
2014-01-29;622;622.25;607.75;608.75;-2.13
2014-01-30;609.75;614.75;608;610.75;+0.33
2014-01-31;612;617.25;609.25;615.5;+0.78
2014-02-03;614.5;625;612.5;624.25;+1.42
2014-02-04;624.25;647.75;624.25;646.5;+3.56
2014-02-05;646;653.25;642;651.25;+0.73
2014-02-06;650.25;657.25;647.5;648.75;-0.38
2014-02-07;648.75;655.5;639.25;649.25;+0.08
2014-02-10;646.75;666.75;644;662.75;+2.08
2014-02-11;662.75;669.75;660.25;665.5;+0.41
2014-02-12;664.5;671.5;659.25;663;-0.38
2014-02-13;663;673.5;661;672.75;+1.47
2014-02-14;671.75;679.5;670.5;674.5;+0.26
2014-02-18;675;688.5;674;685.75;+1.67
2014-02-19;685.75;693.5;684.75;692.5;+0.98
2014-02-20;692;694.5;687.25;691.75;-0.11
2014-02-21;691.25;694.5;682;682.75;-1.30
2014-02-24;679;690.25;675.75;689;+0.92
2014-02-25;686.25;692.75;675.5;690.5;+0.22
2014-02-26;690;690;677;679;-1.67
2014-02-27;676;678.25;659.25;662.25;-2.47
2014-02-28;665.5;684;665.5;677;+2.23
2014-03-03;680.75;723;680.75;701.25;+3.58
2014-03-04;695.75;704.25;695.75;704.25;+0.43
2014-03-05;704;704;702;703.25;-0.14
2014-03-06;707;710.75;705.25;706.25;+0.43
2014-03-07;716;718.25;712;715.25;+1.27
2014-03-10;712;712;704.75;704.75;-1.47
2014-03-11;712.5;734;712.5;722;+2.45
2014-03-12;744;744;741.25;741.25;+2.67
2014-03-13;730.25;730.25;730.25;730.25;-1.48
2014-03-14;744;744;744;744;+1.88
2014-03-17;750.5;759;741;743.5;-0.07
2014-03-18;743.5;764;743;763.25;+2.66
2014-03-19;762.75;791.75;759;788.25;+3.28
2014-03-20;787.75;799;770.5;782;-0.79
2014-03-21;782;784;768.25;771.25;-1.37
2014-03-24;771;797.25;768;794.5;+3.01
2014-03-25;794.25;795.75;787.25;791.75;-0.35
2014-03-26;791.5;794;770.25;771.25;-2.59
2014-03-27;772;788.75;764;783.75;+1.62
2014-03-28;782.25;782.25;762.75;763.5;-2.58
2014-03-31;765.75;768.5;748.25;764;+0.07
2014-04-01;762.25;765.25;751;753.5;-1.37
2014-04-02;756;756.75;734.5;738.75;-1.96
2014-04-03;739;746;733.75;744;+0.71
2014-04-04;742.75;744.75;724.25;733.75;-1.38
2014-04-07;734.75;743.75;730.25;739.5;+0.78
2014-04-08;739.5;747.75;732;741.5;+0.27
2014-04-09;742.25;749.25;730;733.25;-1.11
2014-04-10;733;735.25;719.75;722.5;-1.47
2014-04-11;725;727.25;717;719.5;-0.42
2014-04-14;725.5;750.25;724.25;742;+3.13
2014-04-15;741.5;766.5;736;765.5;+3.17
2014-04-16;765;774.25;749.5;754.5;-1.44
2014-04-17;754.5;772.25;752.5;758;+0.46
2014-04-21;759;759;729.75;734;-3.17
2014-04-22;734;745.5;730.5;741.25;+0.99
2014-04-23;741;749.5;736.5;745.75;+0.61
2014-04-24;746.75;767.5;741;759.5;+1.84
2014-04-25;759;777.25;759;775.75;+2.14
2014-04-28;775.25;784;770.5;783.25;+0.97
2014-04-29;784;798;779.5;797.25;+1.79
2014-04-30;796.5;811;793.5;809.75;+1.57
2014-05-01;809;811.5;798;806.25;-0.43
2014-05-02;817;835;815.5;831.75;+3.16
2014-05-05;836.5;847.25;836.5;838.75;+0.84
2014-05-06;848.5;854.5;843;843;+0.51
2014-05-07;844.25;844.25;833;836.5;-0.77
2014-05-08;836.25;836.25;830.5;832.5;-0.48
2014-05-09;824;824;819;819;-1.62
2014-05-12;824;824;824;824;+0.61
2014-05-13;832.5;839;824.25;824.25;+0.03
2014-05-14;807.5;807.5;807.5;807.5;-2.03
2014-05-15;805.75;807;777.75;778.75;-3.56
2014-05-16;778.75;781.25;762.25;767.75;-1.41
2014-05-19;767.75;770.75;759;768.75;+0.13
2014-05-20;769;785.75;766;768.25;-0.07
2014-05-21;766.5;772;759.5;761.5;-0.88
2014-05-22;761.5;764.75;747.75;751.75;-1.28
2014-05-23;752;755;740.75;745;-0.90
2014-05-27;741;747;736;738.25;-0.91
2014-05-28;736;740.25;729.25;736;-0.30
2014-05-29;736.25;740;726.5;730.5;-0.75
2014-05-30;731;735.75;721.5;723;-1.03
2014-06-02;721.75;724;710.75;718.75;-0.59
2014-06-03;721;721.25;706;707.75;-1.53
2014-06-04;706.25;717;706;713.5;+0.81
2014-06-05;714.5;721.75;711;714;+0.07
2014-06-06;715;737.75;713.25;735.5;+3.01
2014-06-09;736;745;731;733.75;-0.24
2014-06-10;734.5;737.5;723;726;-1.06
2014-06-11;728;731.25;703.25;704.25;-3.00
2014-06-12;702;709;702;705.5;+0.18
2014-06-13;706.25;719.5;705.5;713.25;+1.10
2014-06-16;713.5;719.75;706;708.25;-0.70
2014-06-17;707.75;713.5;702;712.5;+0.60
2014-06-18;712.75;741.75;712.75;727.75;+2.14
2014-06-19;728;738;724.5;729.25;+0.21
2014-06-20;729;730.25;720;720.75;-1.17
2014-06-23;720.5;731.75;708;714;-0.94
2014-06-24;714;714;704.75;705.5;-1.19
2014-06-25;705.25;715;703;714;+1.20
2014-06-26;713;725;712;721;+0.98
2014-06-27;720;736;720;726;+0.69
2014-06-30;727;731;710;710.5;-2.13
2014-07-01;711;711;693.25;700;-1.48
2014-07-02;696.5;699.5;672.25;683;-2.43
2014-07-03;680.25;697.25;673;697;+2.05
2014-07-07;697;697;677.25;678.5;-2.65
2014-07-08;680;682.75;670.75;675;-0.52
2014-07-09;674;674;660;660.75;-2.11
2014-07-10;661.25;666;654.75;655.5;-0.79
2014-07-11;653.5;653.5;630.5;634.25;-3.24
2014-07-14;644;654.5;644;652.5;+2.88
2014-07-15;646;647;636;639;-2.07
2014-07-16;637.5;645;635.5;637.25;-0.27
2014-07-17;636.75;659.5;630.25;649;+1.84
2014-07-18;648.75;653.75;632;633.75;-2.35
2014-07-21;633;633;624.25;628;-0.91
2014-07-22;628;635;621;621.25;-1.07
2014-07-23;620.75;625.25;620;623.5;+0.36
2014-07-24;623.5;634.75;618.75;620.5;-0.48
2014-07-25;620;631.75;619.25;631.25;+1.73
2014-07-28;631;636.25;624;625.5;-0.91
2014-07-29;625;627;611;611.5;-2.24
2014-07-30;611.5;620;611;617;+0.90
2014-07-31;615.75;631;614.75;625.75;+1.42
2014-08-01;625.25;642.25;625.25;632.75;+1.12
2014-08-04;632;648.75;631.25;638.5;+0.91
2014-08-05;638;644.75;633.25;642.75;+0.67
2014-08-06;642;661.75;642;656.25;+2.10
2014-08-07;655.75;658.25;645.25;646.25;-1.52
2014-08-08;646;646;627.75;629.25;-2.63
2014-08-11;629.25;633.75;620;623.75;-0.87
2014-08-12;623;623.75;611.75;613.25;-1.68
2014-08-13;613.25;620.75;602.75;604;-1.51
2014-08-14;603.5;609.75;602;608;+0.66
2014-08-15;607;627.75;605;619.75;+1.93
2014-08-18;619;619.5;611.25;617.75;-0.32
2014-08-19;616;632.25;611;624.5;+1.09
2014-08-20;624.5;627.5;612.75;618.75;-0.92
2014-08-21;621;624.75;616.5;622;+0.53
2014-08-22;622;639;621.25;633.5;+1.85
2014-08-25;632;636;621.75;622.75;-1.70
2014-08-26;622.75;626.75;612.75;621;-0.28
2014-08-27;620;631.75;616;628;+1.13
2014-08-28;627.5;645;626;635;+1.11
2014-08-29;632.25;639.25;623.75;626.25;-1.38
2014-09-02;626.25;626.25;614;617.5;-1.40
2014-09-03;615;615.5;600.25;600.75;-2.71
2014-09-04;603.25;608.25;603.25;608.25;+1.25
2014-09-05;618.5;621.5;618.5;619.75;+1.89
2014-09-08;618.75;625;615.75;625;+0.85
2014-09-09;615.25;616;613;613;-1.92
2014-09-10;611.75;611.75;605.25;605.25;-1.26
2014-09-11;597.5;598.5;595.75;595.75;-1.57
2014-09-12;595;600;572.25;572.25;-3.94
2014-09-15;592.5;593;585.25;586.25;+2.45
2014-09-16;585.75;594.75;580;583.25;-0.51
2014-09-17;581.75;584.5;579;582.25;-0.17
2014-09-18;579.75;582;569;569.75;-2.15
2014-09-19;568.25;570;557.5;560.25;-1.67
2014-09-22;560.25;565.25;553.5;560.25;0.00
2014-09-23;558.5;563.25;553.5;562;+0.31
2014-09-24;559.5;571.75;559;564.25;+0.40
2014-09-25;563.25;566.25;555;564.25;0.00
2014-09-26;563.5;565;559.25;563.75;-0.09
2014-09-29;559.5;569;559.5;566.5;+0.49
2014-09-30;566.25;566.75;554.25;558;-1.50
2014-10-01;556.5;563;550;557.5;-0.09
2014-10-02;556.25;569.75;556.25;561.5;+0.72
2014-10-03;562.5;570.75;560.5;568;+1.16
2014-10-06;567.75;578;567;575.5;+1.32
2014-10-07;575;595.75;573.5;588.25;+2.22
2014-10-08;588.25;592;582;586.5;-0.30
2014-10-09;586;588.25;571;572.75;-2.34
2014-10-10;572;587.5;568;577.75;+0.87
2014-10-13;577.75;586.75;575.25;584.25;+1.13
2014-10-14;584.25;591;582;590.25;+1.03
2014-10-15;590.25;598.5;584.5;592;+0.30
2014-10-16;592.25;606.5;590.75;605;+2.20
2014-10-17;605.25;614.75;600.75;601.75;-0.54
2014-10-20;601;602.5;594.5;601;-0.12
2014-10-21;601;606.5;597.5;602.25;+0.21
2014-10-22;603;612;599.25;605.25;+0.50
2014-10-23;604;608.75;601.5;605.25;0.00
2014-10-24;603.75;615.75;593.25;593.75;-1.90
2014-10-27;592.25;599;588.75;594.75;+0.17
2014-10-28;596.5;604.75;595.25;602;+1.22
2014-10-29;601.5;608.75;598.75;606.5;+0.75
2014-10-30;606;611.75;599.5;602;-0.74
2014-10-31;601.25;603.5;587;593.75;-1.37
2014-11-03;594.5;599.5;590;597.5;+0.63
2014-11-04;597.75;598;589;590.25;-1.21
2014-11-05;591.75;592;579.75;584.5;-0.97
2014-11-06;584.5;586.5;578.5;579;-0.94
2014-11-07;580;580;567.5;569.25;-1.68
2014-11-10;570;577;565.25;573;+0.66
2014-11-11;573;580.25;569;578.5;+0.96
2014-11-12;578.5;602.5;577.5;599.25;+3.59
2014-11-13;599.25;610;594;605.25;+1.00
2014-11-14;605;612.5;599.75;605.5;+0.04
2014-11-17;605.5;609.75;595.75;596.5;-1.49
2014-11-18;598;598.75;590;593.5;-0.50
2014-11-19;594.25;594.25;581.25;586.25;-1.22
2014-11-20;587;603;583.75;602.25;+2.73
2014-11-21;601.75;608.25;598.25;604;+0.29
2014-11-24;603.75;607.5;600;604.25;+0.04
2014-11-25;603.5;619.25;602;617.25;+2.15
2014-11-26;617.5;626.5;616.5;621;+0.61
2014-11-28;618.5;640;618.5;637;+2.58
2014-12-01;633.25;660.5;633.25;660.25;+3.65
2014-12-02;663;663.25;648.75;648.75;-1.74
2014-12-03;638.5;638.5;630.25;631.75;-2.62
2014-12-04;624;631.25;618;627.25;-0.71
2014-12-05;628.75;634.25;628.75;632.5;+0.84
2014-12-08;638.5;643.25;633;634;+0.24
2014-12-09;629;629.5;615;617;-2.68
2014-12-10;615;615;610;614.75;-0.36
2014-12-11;609.25;623.5;609.25;623.5;+1.42
2014-12-12;636.75;638.5;634;634;+1.68
2014-12-15;633.5;651.5;630.25;647;+2.05
2014-12-16;643;670;643;654.75;+1.20
2014-12-17;653;682.75;649.75;681.5;+4.09
2014-12-18;678;705.75;677.5;683.75;+0.33
2014-12-19;681.5;682.5;661.75;666;-2.60
2014-12-22;664.25;677.75;655.25;657.75;-1.24
2014-12-23;657.25;667.5;652.75;664.75;+1.06
2014-12-24;666;667.75;638;644;-3.12
2014-12-26;646;649.25;642.25;644.25;+0.04
2014-12-29;645;654.75;642.5;647.5;+0.50
2014-12-30;647;647;634;636;-1.78
2014-12-31;635;638.75;621.5;626.5;-1.49
2015-01-02;627;628;610;617;-1.52
2015-01-05;615.5;633;615.25;624.75;+1.26
2015-01-06;624.75;642;623;631.25;+1.04
2015-01-07;633.5;634;619.25;620;-1.78
2015-01-08;620.75;620.75;605.75;607.75;-1.98
2015-01-09;608;612.5;598;600.5;-1.19
2015-01-12;599.75;602.25;590;590.5;-1.67
2015-01-13;590.25;600.25;580.75;581.75;-1.48
2015-01-14;582.25;583.25;571.5;575;-1.16
2015-01-15;577.25;584.5;570.25;573;-0.35
2015-01-16;577;584.75;574.25;577;+0.70
2015-01-20;576.75;579.75;564.75;577.75;+0.13
2015-01-21;578;583.25;570.75;572.25;-0.95
2015-01-22;570.25;578.25;564;564.75;-1.31
2015-01-23;564;566.75;560.25;564;-0.13
2015-01-26;564;567.5;553.5;554.5;-1.68
2015-01-27;555;556.5;549;550.25;-0.77
2015-01-28;549.25;550.75;534.5;535.75;-2.64
2015-01-29;536;548.75;533.25;544;+1.54
2015-01-30;544;549.5;536.25;540.25;-0.69
2015-02-02;539;543.25;533;534.5;-1.06
2015-02-03;534.5;559.75;534.5;559;+4.58
2015-02-04;560;564.75;550;552.75;-1.12
2015-02-05;551.75;566.5;549.5;564;+2.04
2015-02-06;564;573.25;554;561.75;-0.40
2015-02-09;560.75;566.75;557;563.5;+0.31
2015-02-10;561.75;563.5;552.75;554;-1.69
2015-02-11;552;563.75;550.25;559.25;+0.95
2015-02-12;557;559.5;552;554;-0.94
2015-02-13;553;563.5;552.75;562.75;+1.58
2015-02-17;564;582.25;560.75;562.25;-0.09
2015-02-18;564;570;546.75;548;-2.53
2015-02-19;548.75;553;543.75;544.5;-0.64
2015-02-20;543.25;547.25;532;533.25;-2.07
2015-02-23;533.5;537;530.5;531.25;-0.38
2015-02-24;532;544.25;532;535.75;+0.85
2015-02-25;535;537.5;525;528.25;-1.40
2015-02-26;527.25;530.25;517.25;527.25;-0.19
2015-02-27;527.75;540.25;525.75;534.5;+1.38
2015-03-02;536.25;540;521;521;-2.53
2015-03-03;523.5;530.5;521.25;530.5;+1.82
2015-03-04;525;525;522.75;523.5;-1.32
2015-03-05;522.75;522.75;514;514;-1.81
2015-03-06;515.75;521.75;514.25;520.75;+1.31
2015-03-09;531.25;531.25;529;529;+1.58
2015-03-10;526.5;534.75;526.5;534.75;+1.09
2015-03-11;538.25;538.75;535.25;538.5;+0.70
2015-03-12;539;547.25;539;546.5;+1.49
2015-03-13;549.75;552.75;541.75;541.75;-0.87
2015-03-16;540;557.5;534;555;+2.45
2015-03-17;556.5;559.5;541.75;542.75;-2.21
2015-03-18;541.75;555;540;553;+1.89
2015-03-19;557;562.5;546.25;550.25;-0.50
2015-03-20;549.25;570.25;548.5;569.5;+3.50
2015-03-23;571.5;579.25;571.5;574.5;+0.88
2015-03-24;572;573.25;561.5;565.25;-1.61
2015-03-25;565;570;560.25;563;-0.40
2015-03-26;561.75;566.75;541.5;543;-3.55
2015-03-27;542.5;554.25;542.5;553;+1.84
2015-03-30;556.75;576.75;555.25;576.25;+4.20
2015-03-31;576.5;578.25;558;559.25;-2.95
2015-04-01;560.75;574.5;549.75;572;+2.28
2015-04-02;571.75;587.75;564.75;582.75;+1.88
2015-04-06;583.5;589.5;570.75;572;-1.84
2015-04-07;570.75;574.75;559.5;565.25;-1.18
2015-04-08;566.75;570;555.75;561.25;-0.71
2015-04-09;561;562.25;543.25;551.5;-1.74
2015-04-10;551.5;560.25;548.5;558.75;+1.31
2015-04-13;546;551.75;527;529;-5.32
2015-04-14;530;531.75;520;521.75;-1.37
2015-04-15;523;527.75;513.5;514.5;-1.39
2015-04-16;514.5;517.75;505.5;508.25;-1.21
2015-04-17;508.75;513.75;505.75;509.25;+0.20
2015-04-20;508.75;513.75;507;512.5;+0.64
2015-04-21;514.5;519.25;509;513.75;+0.24
2015-04-22;513.25;516.5;508;512;-0.34
2015-04-23;512.25;522;512.25;516.5;+0.88
2015-04-24;517.25;517.25;500.75;502.25;-2.76
2015-04-27;503.75;505.5;490;490.75;-2.29
2015-04-28;492.75;499.5;483.75;497.25;+1.32
2015-04-29;497.25;501.75;493;500.75;+0.70
2015-04-30;501;504;490.25;490.25;-2.10
2015-05-01;490.25;494.5;488.5;493.25;+0.61
2015-05-04;490.75;494.25;490.75;493.75;+0.10
2015-05-05;490.5;490.5;485.25;486.25;-1.52
2015-05-06;500.75;501.25;500.75;501.25;+3.08
2015-05-07;499.25;499.25;498.75;498.75;-0.50
2015-05-08;503.75;510.5;503.75;510.5;+2.36
2015-05-11;509.25;509.5;509.25;509.5;-0.20
2015-05-12;512;517;502.5;508.25;-0.25
2015-05-13;510;510;510;510;+0.34
2015-05-14;535;535;535;535;+4.90
2015-05-15;543.5;549.5;537.25;541.75;+1.26
2015-05-18;541.25;563.75;540;555;+2.45
2015-05-19;554;558.5;535;540;-2.70
2015-05-20;539.5;550;533;545;+0.93
2015-05-21;545;564.5;544;557.75;+2.34
2015-05-22;557;564;545;546.5;-2.02
2015-05-26;548.5;552.75;523;524.5;-4.03
2015-05-27;526.5;526.5;509;512;-2.38
2015-05-28;513;518.5;505.5;510.25;-0.34
2015-05-29;509.5;511.75;495.75;498.75;-2.25
2015-06-01;499.75;516.75;496.5;514.25;+3.11
2015-06-02;515.25;536.75;513;535.5;+4.13
2015-06-03;536.25;548;527.5;529.25;-1.17
2015-06-04;528.5;541.75;524;541.25;+2.27
2015-06-05;541;553.75;534.5;535.25;-1.11
2015-06-08;535;550.5;534.75;544.5;+1.73
2015-06-09;543.75;554;541.75;548.25;+0.69
2015-06-10;548;553.5;529.25;530.5;-3.24
2015-06-11;532;534;522.25;523.25;-1.37
2015-06-12;522.5;531;521.5;526;+0.53
2015-06-15;526.75;526.75;506.5;508.75;-3.28
2015-06-16;509.25;515;505.25;506.5;-0.44
2015-06-17;508;517;505;505.5;-0.20
2015-06-18;506.25;511.5;497.5;498.25;-1.43
2015-06-19;497;505.5;496.25;503.25;+1.00
2015-06-22;502.75;515.5;502.25;512;+1.74
2015-06-23;512;531;512;530.25;+3.56
2015-06-24;531;536;523;524.5;-1.08
2015-06-25;524;536;520.25;535.25;+2.05
2015-06-26;535;563;534;559.25;+4.48
2015-06-29;556.25;579.25;555.75;571.5;+2.19
2015-06-30;571.25;593.25;563.5;593.25;+3.81
2015-07-01;591.75;593;563.25;576;-2.91
2015-07-02;578.5;585;564;576;0.00
2015-07-06;569.25;580.5;558.25;576.25;+0.04
2015-07-07;568.75;575;565;570.75;-0.95
2015-07-08;572.25;576;567;568.25;-0.44
2015-07-09;571;572.5;565;565;-0.57
2015-07-10;569;571.5;557.5;557.5;-1.33
2015-07-13;559.75;559.75;550;558;+0.09
2015-07-14;556.25;556.25;544.25;550;-1.43
2015-07-15;559;561;550.75;559;+1.64
2015-07-16;559;565;553;553.25;-1.03
2015-07-17;552.75;553;537.75;546.5;-1.22
2015-07-20;546;546;524.25;525.5;-3.84
2015-07-21;525.5;532;516.75;518;-1.43
2015-07-22;517;524.25;511;512.25;-1.11
2015-07-23;512;521.25;510.75;517;+0.93
2015-07-24;516.25;517.5;506;507.25;-1.89
2015-07-27;506.25;508;498.25;499.25;-1.58
2015-07-28;498.75;507;498.25;504.75;+1.10
2015-07-29;505;505.75;492.5;495.25;-1.88
2015-07-30;494.25;501.5;490.25;491;-0.86
2015-07-31;491;497.75;490;492.25;+0.25
2015-08-03;490.5;491.5;481.5;489;-0.66
2015-08-04;489;495.75;482.75;485;-0.82
2015-08-05;485;494.75;483.25;489.5;+0.93
2015-08-06;488.5;495.5;485;489.5;0.00
2015-08-07;489.5;495.75;487;493;+0.72
2015-08-10;494;511.25;492.75;504.5;+2.33
2015-08-11;501.5;503.5;484;488;-3.27
2015-08-12;488;493;469.25;475.25;-2.61
2015-08-13;476;487;475.25;485.25;+2.10
2015-08-14;485.25;494.75;481.75;489.75;+0.93
2015-08-17;488.75;491;480.5;482.25;-1.53
2015-08-18;481;483.75;474;476;-1.30
2015-08-19;476;479;470;474.25;-0.37
2015-08-20;473;485.25;472;481.25;+1.48
2015-08-21;479.5;481;467.25;471;-2.13
2015-08-24;470.25;478.5;461.75;475.75;+1.01
2015-08-25;476;482.75;462.75;466;-2.05
2015-08-26;466.5;471;461.75;466.5;+0.11
2015-08-27;466.5;473.5;462.25;464.5;-0.43
2015-08-28;464;467.5;455.75;457.75;-1.45
2015-08-31;455.5;465.25;454;463.75;+1.31
2015-09-01;463.75;466.5;458.5;458.5;-1.13
2015-09-02;458.5;458.5;445.5;448;-2.29
2015-09-03;448;448;441.5;441.5;-1.45
2015-09-04;440.25;449.25;440.25;448.5;+1.59
2015-09-08;453.75;455;450.25;452;+0.78
2015-09-09;454.5;455.5;448.25;448.25;-0.83
2015-09-10;454;456.5;453.5;453.5;+1.17
2015-09-11;452.75;459;452.5;459;+1.21
2015-09-14;461.75;472.75;461.75;470.75;+2.56
2015-09-15;494.75;497.75;488.5;492.5;+4.62
2015-09-16;492;494;482;486.5;-1.22
2015-09-17;486;486.5;478.25;479.25;-1.49
2015-09-18;478;485;477;482.25;+0.63
2015-09-21;481;493;475.5;490.5;+1.71
2015-09-22;489.75;490;480.75;488;-0.51
2015-09-23;486.5;504.25;486.5;501.75;+2.82
2015-09-24;501;503;489.25;490;-2.34
2015-09-25;490;504;489.5;500.25;+2.09
2015-09-28;500.5;506.75;492.5;497.5;-0.55
2015-09-29;497;501.75;492.75;494.75;-0.55
2015-09-30;494;505.75;489.5;501.75;+1.41
2015-10-01;502;510.75;501;507.5;+1.15
2015-10-02;505.75;512;498.75;500.5;-1.38
2015-10-05;499;505;495.25;502;+0.30
2015-10-06;501.25;516.5;500;515.75;+2.74
2015-10-07;515;521;506.75;508;-1.50
2015-10-08;507.75;513;501.5;503.5;-0.89
2015-10-09;503;509.5;497;500.25;-0.65
2015-10-12;500;502.25;495;497.75;-0.50
2015-10-13;497.75;513.75;496.75;511;+2.66
2015-10-14;510;511;499.5;500.75;-2.01
2015-10-15;500.5;506;496;496.25;-0.90
2015-10-16;496;501;481.5;483.5;-2.57
2015-10-19;482;483;471.5;472.25;-2.33
2015-10-20;473;477.25;470.5;476.5;+0.90
2015-10-21;476.5;483;476.25;480.5;+0.84
2015-10-22;479.75;487;475;475.5;-1.04
2015-10-23;475;478.25;469.5;475.5;0.00
2015-10-26;476.25;494;476.25;492.25;+3.52
2015-10-27;492.25;500.25;486.25;488;-0.86
2015-10-28;485.75;487.75;477.75;485.5;-0.51
2015-10-29;485.25;491.75;484.75;488.25;+0.57
2015-10-30;488;495;486.25;493.75;+1.13
2015-11-02;493;494.75;481.75;482.75;-2.23
2015-11-03;480.75;488.5;479.75;487.5;+0.98
2015-11-04;486.25;499.5;481.5;492.75;+1.08
2015-11-05;490.25;491.5;483.5;486;-1.37
2015-11-06;485.5;490.75;480.75;490.25;+0.87
2015-11-09;488.75;490.25;472.75;474;-3.31
2015-11-10;474;475.5;455.25;460.75;-2.80
2015-11-11;460;466.25;458;464.25;+0.76
2015-11-12;465;466.75;461.25;463.75;-0.11
2015-11-13;462;466;458;465.5;+0.38
2015-11-16;463;472.5;462;467.5;+0.43
2015-11-17;468;469;461.25;463.25;-0.91
2015-11-18;462;466.5;455.25;458.75;-0.97
2015-11-19;458.5;464;457.75;462.5;+0.82
2015-11-20;462;463.5;456.25;457;-1.19
2015-11-23;449;466.25;449;464.5;+1.64
2015-11-24;464;465;457;457.5;-1.51
2015-11-25;457;463;456;457.25;-0.05
2015-11-27;457;457;449.25;450;-1.59
2015-11-30;450.25;462.25;450.25;457;+1.56
2015-12-01;457;462.25;451.5;451.5;-1.20
2015-12-02;450;451.25;446;448.25;-0.72
2015-12-03;449.25;464.75;449.25;458.75;+2.34
2015-12-04;460;463.5;460;463.5;+1.04
2015-12-07;463.75;463.75;461.5;461.5;-0.43
2015-12-08;463.5;463.5;458.25;459.25;-0.49
2015-12-09;467;470;467;467.25;+1.74
2015-12-10;475.75;475.75;475.75;475.75;+1.82
2015-12-11;478;478;468.25;468.25;-1.58
2015-12-14;476;476;472.5;472.5;+0.91
2015-12-15;487;496.75;482.75;492.25;+4.18
2015-12-16;490.75;493.5;480.5;481;-2.29
2015-12-17;480.25;484.5;470;480.5;-0.10
2015-12-18;481.5;495.75;477.5;482.25;+0.36
2015-12-21;480.75;484.5;473.25;473.75;-1.76
2015-12-22;474.5;479.25;470;470.5;-0.69
2015-12-23;471.5;473.25;467.25;469;-0.32
2015-12-24;467.5;471;467;467.5;-0.32
2015-12-28;466.5;471.75;465.5;466;-0.32
2015-12-29;465.75;475;465.25;473.25;+1.56
2015-12-30;474.75;475.25;465.25;465.5;-1.64
2015-12-31;465.75;469.75;464.25;468.5;+0.64
2016-01-04;468.5;469.25;451.75;454.25;-3.04
2016-01-05;457.25;462.25;454.75;460;+1.27
2016-01-06;460;464;454.75;461;+0.22
2016-01-07;461.25;463.75;454.75;462.75;+0.38
2016-01-08;462.25;477;462;472.75;+2.16
2016-01-11;473.75;475;459.5;462.25;-2.22
2016-01-12;463;481.5;457;480.75;+4.00
2016-01-13;480;481.75;474.25;476;-0.99
2016-01-14;476;476;467.75;468.5;-1.58
2016-01-15;468.75;474.75;464.75;474;+1.17
2016-01-19;475;478;470;472.75;-0.26
2016-01-20;472;473.75;465;467.25;-1.16
2016-01-21;468;475.75;466.75;471.5;+0.91
2016-01-22;472.25;477.75;469.75;470.75;-0.16
2016-01-25;472.5;476.75;469;474;+0.69
2016-01-26;474;479.5;471;476.75;+0.58
2016-01-27;476.75;477.75;465.25;467.5;-1.94
2016-01-28;468.75;468.75;463.25;464.75;-0.59
2016-01-29;464.5;472.25;463;472;+1.56
2016-02-01;469;470.75;463;466.75;-1.11
2016-02-02;466.75;473.75;464;465.25;-0.32
2016-02-03;465;471;464.75;468.5;+0.70
2016-02-04;468;471.5;459.25;459.75;-1.87
2016-02-05;461.25;461.25;451.5;454;-1.25
2016-02-08;452.5;453.75;445;445.5;-1.87
2016-02-09;445.5;446.5;442.25;445;-0.11
2016-02-10;445.25;448;444.25;444.75;-0.06
2016-02-11;443.75;451.5;443.5;444;-0.17
2016-02-12;445;449;442.5;444.25;+0.06
2016-02-16;444.75;453;444.75;450.75;+1.46
2016-02-17;450;455;448.25;454;+0.72
2016-02-18;453.75;455.25;451.5;453.25;-0.17
2016-02-19;452.75;459.75;451;457;+0.83
2016-02-22;455.75;460.25;453.25;453.75;-0.71
2016-02-23;453.25;454;444.5;446.25;-1.65
2016-02-24;445.5;447;437.75;442.75;-0.78
2016-02-25;442.5;446.75;440;446.25;+0.79
2016-02-26;446;447.75;439.75;442.5;-0.84
2016-02-29;445;447.25;442.25;445;+0.56
2016-03-01;443.5;443.5;437.5;437.5;-1.69
2016-03-02;438;443.5;437.5;443;+1.26
2016-03-03;446.5;455.25;446.5;454.5;+2.60
2016-03-04;454.5;458.75;454.25;457.75;+0.72
2016-03-07;462.5;466;458;459.75;+0.44
2016-03-08;456.5;464.75;456.5;460.25;+0.11
2016-03-09;457.25;465.25;457.25;465.25;+1.09
2016-03-10;469.5;472.75;469.5;472.75;+1.61
2016-03-11;472.75;472.75;468.75;472.5;-0.05
2016-03-14;477;477;477;477;+0.95
2016-03-15;488;490.5;484.75;489;+2.52
2016-03-16;489.5;490.25;483;483.75;-1.07
2016-03-17;483.25;488.5;466.75;470.75;-2.69
2016-03-18;470.75;471.75;465.5;469.5;-0.27
2016-03-21;476.75;480.75;471.25;474.75;+1.12
2016-03-22;475.25;481.5;473.25;476.75;+0.42
2016-03-23;477.25;477.75;471;472.25;-0.94
2016-03-24;472;473;467.75;471.75;-0.11
2016-03-28;471.75;485;471;477;+1.11
2016-03-29;477;484;476.75;481.75;+1.00
2016-03-30;481.25;482.25;465.25;465.75;-3.32
2016-03-31;466;479.25;459;476.25;+2.25
2016-04-01;476.25;478.25;468;477.75;+0.31
2016-04-04;479;480.5;471;475.25;-0.52
2016-04-05;475.5;478;471;473.5;-0.37
2016-04-06;472.25;472.75;458.5;461.25;-2.59
2016-04-07;461.25;462.5;453.75;454.25;-1.52
2016-04-08;455.75;462;453.75;460;+1.27
2016-04-11;458;458;442.5;443.75;-3.53
2016-04-12;444.5;452.5;442.75;447.25;+0.79
2016-04-13;447.25;458.5;445.25;454.5;+1.62
2016-04-14;455;459;449.75;455;+0.11
2016-04-15;454.5;459.5;451;457.75;+0.60
2016-04-18;458;469.5;457;464.75;+1.53
2016-04-19;464;478.75;463;476.75;+2.58
2016-04-20;475.5;494;474.5;493.25;+3.46
2016-04-21;491;497.75;481.25;488.5;-0.96
2016-04-22;485.25;486.25;458.75;461.75;-5.48
2016-04-25;460.5;470;451.75;462.5;+0.16
2016-04-26;462;466.75;455.75;466.25;+0.81
2016-04-27;465.5;467;459.5;464;-0.48
2016-04-28;464;472.75;459.75;461;-0.65
2016-04-29;461;465.5;456;465.25;+0.92
2016-05-02;461.5;461.5;455.5;461;-0.91
2016-05-03;448;448;442;442;-4.12
2016-05-04;444;444;444;444;+0.45
2016-05-05;444;444.5;437.75;440.25;-0.84
2016-05-06;442.5;442.5;441;441;+0.17
2016-05-09;441.75;441.75;433.75;433.75;-1.64
2016-05-10;438;438;435;436.75;+0.69
2016-05-11;431;431.5;431;431.5;-1.20
2016-05-12;438.75;438.75;438.75;438.75;+1.68
2016-05-13;444.75;444.75;444.75;444.75;+1.37
2016-05-16;455.75;456.25;448.75;453.5;+1.97
2016-05-17;451.25;461.75;451.25;457.75;+0.94
2016-05-18;457.25;461;453.25;456.75;-0.22
2016-05-19;455.75;456.25;444;448;-1.92
2016-05-20;448.5;456;446;449;+0.22
2016-05-23;447;451.5;444.5;447;-0.45
2016-05-24;446;453.75;443.75;446.5;-0.11
2016-05-25;446.25;454.5;445.75;451;+1.01
2016-05-26;450.75;464.25;450.5;462.25;+2.49
2016-05-27;462;463.75;458;459.75;-0.54
2016-05-31;458.5;461.25;446;447.25;-2.72
2016-06-01;449;457.75;447;456;+1.96
2016-06-02;455.5;468.75;455;464.5;+1.86
2016-06-03;462.75;475;461;474;+2.05
2016-06-06;474;486.5;472.5;481.25;+1.53
2016-06-07;480;488;478.75;485;+0.78
2016-06-08;484;495.5;481.75;492.75;+1.60
2016-06-09;492;492;479.5;484.25;-1.73
2016-06-10;484;486.75;468;468.5;-3.25
2016-06-13;468.25;477.25;460;460.75;-1.65
2016-06-14;461.25;465.75;453;458.5;-0.49
2016-06-15;458.75;463.25;456.25;456.75;-0.38
2016-06-16;456;459.75;450.25;450.75;-1.31
2016-06-17;450.75;461.75;450.25;460.75;+2.22
2016-06-20;460.5;460.5;450.75;451.25;-2.06
2016-06-21;450.25;454.25;434.5;435;-3.60
2016-06-22;436;439.5;433;433;-0.46
2016-06-23;432.75;434.75;427;427.75;-1.21
2016-06-24;427.75;428.5;418;422.75;-1.17
2016-06-27;422.75;427.75;412.5;412.75;-2.37
2016-06-28;412.75;421.75;407.5;408.75;-0.97
2016-06-29;408.75;411.5;398.75;400;-2.14
2016-06-30;400;409.25;397;404.25;+1.06
2016-07-01;401;402.25;392.5;394.25;-2.47
2016-07-05;391;402;385;402;+1.97
2016-07-06;396;402.5;393.5;400.5;-0.37
2016-07-07;402;406.5;396.5;396.5;-1.00
2016-07-08;396.5;408;396.5;405.25;+2.21
2016-07-11;409.75;409.75;400.5;401;-1.05
2016-07-12;401;407.75;397.25;407.75;+1.68
2016-07-13;418.75;418.75;407.75;407.75;0.00
2016-07-14;406;406;406;406;-0.43
2016-07-15;417.5;423.5;412.75;413.75;+1.91
2016-07-18;413.5;421.25;412;420;+1.51
2016-07-19;419;419;408.5;410.5;-2.26
2016-07-20;411;416;401.25;406.75;-0.91
2016-07-21;407;413.25;404.75;407.5;+0.18
2016-07-22;407;419.75;400;419;+2.82
2016-07-25;419;427;414.25;423.25;+1.01
2016-07-26;422;423.25;410.5;412;-2.66
2016-07-27;412.25;416.75;410.75;412.5;+0.12
2016-07-28;411.75;417.5;406.75;409;-0.85
2016-07-29;409;412.5;403.5;409.75;+0.18
2016-08-01;409;414.25;407.25;409.25;-0.12
2016-08-02;408.25;412.25;403.5;406.5;-0.67
2016-08-03;406;417.75;405.25;412.25;+1.41
2016-08-04;411.5;416;404.75;405.75;-1.58
2016-08-05;405.75;417;405;411.75;+1.48
2016-08-08;411.75;414.75;405.25;409.75;-0.49
2016-08-09;409.5;413.25;407;410;+0.06
2016-08-10;408.5;416.5;407;411.75;+0.43
2016-08-11;410.25;415.5;408.5;412.25;+0.12
2016-08-12;411.5;417;405.25;416.25;+0.97
2016-08-15;415.5;420;410.75;411.75;-1.08
2016-08-16;410.75;415.5;406.25;411.25;-0.12
2016-08-17;410.25;419;408.5;418.25;+1.70
2016-08-18;417.25;422;413.5;421;+0.66
2016-08-19;420;424;416.25;418.75;-0.53
2016-08-22;418;421.25;412.5;413.75;-1.19
2016-08-23;413.75;414;406.25;407.25;-1.57
2016-08-24;407.25;409;402.25;407.75;+0.12
2016-08-25;407.5;409.75;404.25;405.5;-0.55
2016-08-26;405.25;406.75;388.5;389.75;-3.88
2016-08-29;389.75;390;373.5;374.25;-3.98
2016-08-30;374.25;377.25;367.25;367.75;-1.74
2016-08-31;368.25;376;368.25;371.25;+0.95
2016-09-01;371.75;380.75;371.75;379.75;+2.29
2016-09-02;382.25;386.5;382;386.5;+1.78
2016-09-06;385;385;384;384;-0.65
2016-09-07;385;385;384.75;384.75;+0.20
2016-09-08;388.5;392.5;388.5;392.5;+2.01
2016-09-09;389.25;393.5;389.25;393.5;+0.25
2016-09-12;390.75;400.75;390.5;399.75;+1.59
2016-09-13;396.75;397.5;392.25;392.25;-1.88
2016-09-14;394.75;394.75;394.75;394.75;+0.64
2016-09-15;416.5;422.5;413.75;416;+5.38
2016-09-16;415.5;420.25;410.5;417.25;+0.30
2016-09-19;418.5;421.75;412.5;416.5;-0.18
2016-09-20;414.75;422.75;412.5;418.5;+0.48
2016-09-21;417;423.25;414.25;422.25;+0.90
2016-09-22;419.5;424.25;418.75;420.75;-0.36
2016-09-23;420.5;425.75;416.25;421.5;+0.18
2016-09-26;418.75;423;413.75;414;-1.78
2016-09-27;414.75;420.25;410.75;419.25;+1.27
2016-09-28;419.25;423;417.75;421.25;+0.48
2016-09-29;420;425;416.5;417.25;-0.95
2016-09-30;417;418.5;408.5;415.5;-0.42
2016-10-03;414;414.75;403;407;-2.05
2016-10-04;406.75;408.5;401.75;403;-0.98
2016-10-05;403.5;416.75;401.25;415;+2.98
2016-10-06;415.25;418.25;403.5;405;-2.41
2016-10-07;406.5;410;401.75;403;-0.49
2016-10-11;406;409.25;401.75;406.25;+0.81
2016-10-12;404.5;412.25;397;398.5;-1.91
2016-10-13;397.25;415;397.25;414;+3.89
2016-10-14;413.5;423.75;412.5;417.75;+0.91
2016-10-17;415.75;423.75;413.25;422;+1.02
2016-10-18;422.5;427;418.25;421.75;-0.06
2016-10-19;422.25;427.25;417.25;425.25;+0.83
2016-10-20;425;428.25;421.5;423;-0.53
2016-10-21;422.25;425.5;420.5;421.5;-0.35
2016-10-24;421;424.5;410.75;412.5;-2.14
2016-10-25;414;417.25;409.5;413.5;+0.24
2016-10-26;413;421.75;412.5;417;+0.85
2016-10-27;415.75;421.5;414.75;417;0.00
2016-10-28;417.25;419.5;410.75;411.25;-1.38
2016-10-31;413.5;417.25;411.5;414.75;+0.85
2016-11-01;414.75;419;411.5;413.75;-0.24
2016-11-02;413.5;419;412;415.5;+0.42
2016-11-03;415;418.5;409;410.5;-1.20
2016-11-04;411.75;412;407;411.5;+0.24
2016-11-07;411.5;413;405.5;410;-0.36
2016-11-08;410;422;409;417.5;+1.83
2016-11-09;415.25;418;407.5;410.25;-1.74
2016-11-10;412;416.25;407.25;408.75;-0.37
2016-11-14;410;411.25;401;402.75;-1.47
2016-11-15;402;408.25;401.5;408;+1.30
2016-11-16;407.75;408.75;401.5;403.5;-1.10
2016-11-17;403.5;410.5;401.75;408.75;+1.30
2016-11-18;408.75;415;406;413.75;+1.22
2016-11-21;414;418;411.75;414.5;+0.18
2016-11-22;414;418.5;412.25;416.5;+0.48
2016-11-23;416;416.5;408;415.5;-0.24
2016-11-25;415;416.25;410;411.25;-1.02
2016-11-28;411;414.5;408;411.5;+0.06
2016-11-29;411.25;411.25;397.75;398.75;-3.10
2016-11-30;400.75;402.5;390.5;391.25;-1.88
2016-12-01;391.75;392.75;382.75;384;-1.85
2016-12-02;385.75;390.25;385.75;390;+1.56
2016-12-05;390.75;392;390.25;390.25;+0.06
2016-12-06;391.25;393;387;387;-0.83
2016-12-07;386;386.75;382;382;-1.29
2016-12-08;384;387;384;387;+1.31
2016-12-09;395.5;395.5;395.5;395.5;+2.20
2016-12-12;397.5;397.5;397.5;397.5;+0.51
2016-12-13;399.25;399.25;399.25;399.25;+0.44
2016-12-14;402;402.5;400.5;400.5;+0.31
2016-12-15;420;420;411.25;412.75;+3.06
2016-12-16;411.5;415.75;409.5;414.75;+0.48
2016-12-19;415;419.75;411;414;-0.18
2016-12-20;414;417.25;409.25;412.75;-0.30
2016-12-21;410.5;413;408.25;409.25;-0.85
2016-12-22;408.5;410.5;407.25;408;-0.31
2016-12-23;407.5;408.5;405.25;406.25;-0.43
2016-12-27;406.75;419.5;406.5;418.75;+3.08
2016-12-28;418;420.75;409.5;409.5;-2.21
2016-12-29;411.5;416;410.25;415.25;+1.40
2016-12-30;414;419.75;411.75;418.5;+0.78
2017-01-03;418;423;413.5;414;-1.08
2017-01-04;414;427.5;414;426.5;+3.02
2017-01-05;426;436.25;424.25;434.5;+1.88
2017-01-06;433.75;438.75;432.5;433.5;-0.23
2017-01-09;433.5;439.25;431.5;438.5;+1.15
2017-01-10;436.75;438.75;434.75;438.25;-0.06
2017-01-11;438;438;422.5;431.75;-1.48
2017-01-12;430.75;446;426.25;444.75;+3.01
2017-01-13;444.5;449.5;441;449;+0.96
2017-01-17;448.75;457.5;446.5;452;+0.67
2017-01-18;451.25;454.5;448.75;452.25;+0.06
2017-01-19;450.25;452;442;442.25;-2.21
2017-01-20;442.25;444.5;437.75;443;+0.17
2017-01-23;443;445.25;439;444.75;+0.40
2017-01-24;443.75;446.5;440.25;441.75;-0.67
2017-01-25;440;443;437.25;437.75;-0.91
2017-01-26;438;442.5;435.5;440.25;+0.57
2017-01-27;439.5;439.75;432.25;434.25;-1.36
2017-01-30;431;432.75;425.5;425.75;-1.96
2017-01-31;426.25;430.25;423.75;429.5;+0.88
2017-02-01;429.5;441.75;425;440.5;+2.56
2017-02-02;440.5;447.5;437.5;443.5;+0.68
2017-02-03;443.25;449;439.5;440.5;-0.68
2017-02-06;438.25;445;434.25;435.75;-1.08
2017-02-07;433.75;439.75;430.75;439.5;+0.86
2017-02-08;439.5;442.5;437;442;+0.57
2017-02-09;440.25;451.75;438.25;451.25;+2.09
2017-02-10;450.75;462.25;449.25;460.5;+2.05
2017-02-13;459.5;468.25;457.25;466.75;+1.36
2017-02-14;465.75;467;461.25;465.25;-0.32
2017-02-15;464.5;469.5;461.25;469.25;+0.86
2017-02-16;468.25;474.5;455.75;458;-2.40
2017-02-17;457.5;459.75;454;456.25;-0.38
2017-02-21;455.25;456.25;451;452.25;-0.88
2017-02-22;452;458.75;451.5;457.75;+1.22
2017-02-23;458;461.5;455;457.75;0.00
2017-02-24;457;457.25;452;453.75;-0.87
2017-02-27;453;453;441.75;444;-2.15
2017-02-28;444.5;458;444.5;451.25;+1.63
2017-03-01;451.5;465.5;451.5;465.5;+3.16
2017-03-02;464.5;465.5;459.25;460.25;-1.13
2017-03-03;458.5;462.5;458.5;462;+0.38
2017-03-06;466.5;467.75;464.25;464.25;+0.49
2017-03-07;461.75;463.25;457;463.25;-0.22
2017-03-08;457;457;456;457;-1.35
2017-03-09;455.75;455.75;453.25;453.25;-0.82
2017-03-10;446;446.25;445.25;445.25;-1.77
2017-03-13;438;438;432.5;432.5;-2.86
2017-03-14;431.5;438.25;431.5;433.25;+0.17
2017-03-15;443;450;441.75;447.25;+3.23
2017-03-16;448;452.5;447;450;+0.61
2017-03-17;449.75;454.25;448.75;453.5;+0.78
2017-03-20;454.75;458.25;443.5;445.25;-1.82
2017-03-21;445.75;445.75;435.5;438.25;-1.57
2017-03-22;438.75;439.25;431.25;432.5;-1.31
2017-03-23;431.5;434.25;427.5;428;-1.04
2017-03-24;428.75;432.25;426.5;428;0.00
2017-03-27;429;429.5;420;421.25;-1.58
2017-03-28;421.25;427.5;418.75;424;+0.65
2017-03-29;424.25;427.25;421.25;423.5;-0.12
2017-03-30;423.25;424.75;417;417.25;-1.48
2017-03-31;418.25;428.5;415;420.5;+0.78
2017-04-03;423.25;426;418;419;-0.36
2017-04-04;418.5;424.75;417.5;421.75;+0.66
2017-04-05;422;427.25;422;425;+0.77
2017-04-06;424.5;426.5;419;420;-1.18
2017-04-07;420.25;423.25;417;421.75;+0.42
2017-04-10;421.75;426.5;418.25;425.5;+0.89
2017-04-11;424.25;430.75;420.5;429.75;+1.00
2017-04-12;429.25;432.75;429;430;+0.06
2017-04-13;429.75;432.75;425.25;427.25;-0.64
2017-04-17;427.25;428;415.75;416.25;-2.57
2017-04-18;416.75;419.75;414.75;419.25;+0.72
2017-04-19;418.25;424.25;416;416.75;-0.60
2017-04-20;417;420.25;402.25;402.75;-3.36
2017-04-21;402;407.25;398.75;404.5;+0.43
2017-04-24;405;408.25;400.5;401.75;-0.68
2017-04-25;401.75;413;400;412;+2.55
2017-04-26;412;418.25;408.5;412.25;+0.06
2017-04-27;412.5;422.75;411;420.75;+2.06
2017-04-28;420.5;425;420.5;424.75;+0.95
2017-05-01;430;453.25;430;452.75;+6.59
2017-05-02;452.25;459;452.25;454.75;+0.44
2017-05-03;452.25;454.25;447.25;450.5;-0.93
2017-05-04;447.75;447.75;432.25;432.5;-4.00
2017-05-05;438;438;438;438;+1.27
2017-05-08;435.25;436.75;432.5;432.5;-1.26
2017-05-09;427;427;427;427;-1.27
2017-05-10;427.75;427.75;427.75;427.75;+0.18
2017-05-11;425.75;429.75;425.75;429.75;+0.47
2017-05-12;429;429;429;429;-0.17
2017-05-15;437.5;438;427.25;428.5;-0.12
2017-05-16;428.5;429;421;424.5;-0.93
2017-05-17;423;433.5;421.75;426.5;+0.47
2017-05-18;428.25;428.25;421.25;426;-0.12
2017-05-19;426;439;426;438;+2.82
2017-05-22;439.75;444.25;435.5;436;-0.46
2017-05-23;435;436;429.5;430.5;-1.26
2017-05-24;430.75;435.75;429.25;432.75;+0.52
2017-05-25;432.75;438.25;430.75;431.25;-0.35
2017-05-26;430;439;430;437.5;+1.45
2017-05-30;437;438;427;433.25;-0.97
2017-05-31;438.25;440.25;431.25;431.75;-0.35
2017-06-01;431.25;435;424.25;430.75;-0.23
2017-06-02;430;438;428.75;433.25;+0.58
2017-06-05;433.5;435.75;427.25;430;-0.75
2017-06-06;430.5;442.25;430.5;438;+1.86
2017-06-07;438.5;450;438.25;446;+1.83
2017-06-08;448;460;447.25;453.75;+1.74
2017-06-09;453;458.5;447.75;451.5;-0.50
2017-06-12;451;451;439.5;442.75;-1.94
2017-06-13;445.25;457.75;445.25;457;+3.22
2017-06-14;457.25;468;455;457.5;+0.11
2017-06-15;457.5;470;450.25;465.25;+1.69
2017-06-16;466;476.5;465.75;473.5;+1.77
2017-06-19;472.5;481.25;466.5;472.5;-0.21
2017-06-20;474;481;466.25;474.25;+0.37
2017-06-21;475;475;466.5;467.75;-1.37
2017-06-22;467;468.75;459;467.75;0.00
2017-06-23;467.75;472;461.75;464.25;-0.75
2017-06-26;461.5;464.5;452.75;453;-2.42
2017-06-27;453.25;461;452.25;457.25;+0.94
2017-06-28;457;464;455.5;461.5;+0.93
2017-06-29;461;483.5;460;480.5;+4.12
2017-06-30;480;511.25;479.75;511.25;+6.40
2017-07-03;516.5;542.75;516.5;541.25;+5.87
2017-07-05;545.75;556.75;529.25;551.25;+1.85
2017-07-06;528.75;540.75;528.75;530.5;-3.76
2017-07-07;529;536.25;526.5;526.5;-0.75
2017-07-10;539.5;544;539;541;+2.75
2017-07-11;542;542;536.5;541;0.00
2017-07-12;537.5;537.5;528;528;-2.40
2017-07-13;522;522;499.75;499.75;-5.35
2017-07-14;499;499;499;499;-0.15
2017-07-17;512.25;512.25;503;506.5;+1.50
2017-07-18;508.75;517.5;502;502.75;-0.74
2017-07-19;501.5;507.25;497.5;500.25;-0.50
2017-07-20;501.5;506.5;493.75;503.75;+0.70
2017-07-21;503.75;507.5;493.5;496;-1.54
2017-07-24;491.25;493.25;479;487.5;-1.71
2017-07-25;493.25;493.25;472.25;472.75;-3.03
2017-07-26;474;480.5;472.25;475.5;+0.58
2017-07-27;475.75;484.5;475.5;481;+1.16
2017-07-28;481;490.25;479.75;481;0.00
2017-07-31;478.75;481.5;472.5;474.75;-1.30
2017-08-01;472;479;464.75;465.25;-2.00
2017-08-02;465.75;469.5;458.25;464.5;-0.16
2017-08-03;464;467;457.25;459.75;-1.02
2017-08-04;459.75;465.5;458;459.5;-0.05
2017-08-07;460;467.25;459;466.75;+1.58
2017-08-08;466.75;471.5;458;460.5;-1.34
2017-08-09;460.75;465;457.5;463.75;+0.71
2017-08-10;464.25;466.25;446;448.25;-3.34
2017-08-11;449.5;450.5;436.25;441.25;-1.56
2017-08-14;437.5;438.5;429.75;436.75;-1.02
2017-08-15;436.75;436.75;424.5;426.5;-2.35
2017-08-16;425.75;434;415.75;419.5;-1.64
2017-08-17;419.5;421.75;413;414.25;-1.25
2017-08-18;414.25;417.75;410.5;414.5;+0.06
2017-08-21;413.25;416.25;405.5;407.75;-1.63
2017-08-22;408.75;411.5;398.25;399;-2.15
2017-08-23;397.75;404.25;396.25;397.75;-0.31
2017-08-24;397.75;406.25;396.5;405.5;+1.95
2017-08-25;405.75;408;402.75;404.5;-0.25
2017-08-28;403;404;394;396.75;-1.92
2017-08-29;396;397.75;391.5;397.25;+0.13
2017-08-30;397;401.75;396.25;400.25;+0.76
2017-08-31;399.5;408.75;399;408.75;+2.12
2017-09-01;411;414.5;410.25;412.5;+0.92
2017-09-05;416.5;419.5;416.5;419.5;+1.70
2017-09-06;415;423.25;415;423.25;+0.89
2017-09-07;415.5;415.5;415.5;415.5;-1.83
2017-09-08;414;416.25;414;415.5;0.00
2017-09-11;409;409.25;409;409.25;-1.50
2017-09-12;409;416;407;416;+1.65
2017-09-13;420.5;420.5;418.25;418.25;+0.54
2017-09-14;420.75;420.75;420.75;420.75;+0.60
2017-09-15;442.5;447.5;440.5;446;+6.00
2017-09-18;445;447.25;439.5;442.25;-0.84
2017-09-19;441.75;446;434.75;442;-0.06
2017-09-20;442.25;449.75;442;448;+1.36
2017-09-21;448.75;451.5;443.5;449.5;+0.33
2017-09-22;449;452.5;445;450.25;+0.17
2017-09-25;448.5;455;443.5;454;+0.83
2017-09-26;452.5;460.25;449.75;452.25;-0.39
2017-09-27;452;459.5;447;459;+1.49
2017-09-28;458.75;459;451.25;453;-1.31
2017-09-29;453;456.75;441.75;442.75;-2.26
2017-10-02;440.25;443.5;432.75;439.25;-0.79
2017-10-03;439.25;444.75;438.25;441.75;+0.57
2017-10-04;442.5;443.25;435.5;436;-1.30
2017-10-05;436.75;438;432;434.25;-0.40
2017-10-06;434.25;437.5;431.75;436.75;+0.58
2017-10-09;436.5;439;430;430.75;-1.37
2017-10-10;431;435.5;429;431.25;+0.12
2017-10-11;431.25;431.75;425.5;428.25;-0.70
2017-10-12;428;433.25;422.5;426.25;-0.47
2017-10-13;426.5;437;426;436.25;+2.35
2017-10-16;436;440.75;432.5;433.75;-0.57
2017-10-17;434;437;431.5;433.25;-0.12
2017-10-18;433;433.5;427;428;-1.21
2017-10-19;428.75;434.25;427.25;429.25;+0.29
2017-10-20;429.25;433.25;421.75;422.75;-1.51
2017-10-23;422.5;434.75;421.25;433.5;+2.54
2017-10-24;434;435.25;430.25;434;+0.12
2017-10-25;434;438.75;430.75;433.5;-0.12
2017-10-26;433.5;435.75;427.5;428.25;-1.21
2017-10-27;427.75;428;422.75;425.25;-0.70
2017-10-30;425.5;425.75;421;421.75;-0.82
2017-10-31;422;423.75;413.5;416.5;-1.24
2017-11-01;416.5;419.25;414.25;415.75;-0.18
2017-11-02;415.25;426.75;415.25;425.75;+2.41
2017-11-03;426.75;429;423;426.75;+0.23
2017-11-06;427.75;431;427;430;+0.76
2017-11-07;428.5;429.75;423.25;426.5;-0.81
2017-11-08;426.75;428;419;427.5;+0.23
2017-11-09;426.25;432.75;423.25;429;+0.35
2017-11-10;429;435;427.25;433.25;+0.99
2017-11-13;433;433;423.75;427.5;-1.33
2017-11-14;428.25;430.75;425.5;428;+0.12
2017-11-15;428;428.5;416.5;417.75;-2.39
2017-11-16;418;420.75;416.5;417;-0.18
2017-11-17;417.75;422.75;416.5;422;+1.20
2017-11-20;422;422.5;414.25;416;-1.42
2017-11-21;416;423.75;414.5;420.25;+1.02
2017-11-22;420;424.75;418;421;+0.18
2017-11-24;420.25;421.25;411;414.5;-1.54
2017-11-27;414;414.25;407;407.25;-1.75
2017-11-28;408;410.75;404;409.25;+0.49
2017-11-29;409;413.75;409;413.25;+0.98
2017-11-30;413.25;419.75;411.25;414.5;+0.30
2017-12-01;414.5;422;414.5;420.5;+1.45
2017-12-04;423;423.75;420;420;-0.12
2017-12-05;418.5;418.5;413.75;414.25;-1.37
2017-12-06;416;416;406;406;-1.99
2017-12-07;403;403.25;403;403;-0.74
2017-12-08;406.25;406.25;400.75;400.75;-0.56
2017-12-11;398.25;398.25;395.25;395.25;-1.37
2017-12-12;395.25;395.75;394;394;-0.32
2017-12-13;397.5;399;397.5;399;+1.27
2017-12-14;402.5;402.5;402.5;402.5;+0.88
2017-12-15;418.25;421;415.25;417.5;+3.73
2017-12-18;420.25;422.5;418.5;419.25;+0.42
2017-12-19;419.25;423.75;418.5;420;+0.18
2017-12-20;420;424;416;422.5;+0.60
2017-12-21;422;425.5;420.5;424.25;+0.41
2017-12-22;424.5;426;421.25;422.25;-0.47
2017-12-26;422.5;424.75;417.25;420;-0.53
2017-12-27;419.5;426.5;418.25;425.5;+1.31
2017-12-28;425;427;423.5;426.75;+0.29
2017-12-29;426;428;423.75;427.25;+0.12
2018-01-02;429.25;436.75;429;434.75;+1.76
2018-01-03;435.5;442;435.5;441;+1.44
2018-01-04;441.5;441.75;436;439.75;-0.28
2018-01-05;439.25;439.75;433.75;437.5;-0.51
2018-01-08;437.5;437.5;431.25;433.25;-0.97
2018-01-09;433.25;439.75;431.75;439;+1.33
2018-01-10;439;441;437.25;440.5;+0.34
2018-01-11;440.25;441.25;435.5;440.25;-0.06
2018-01-12;440.25;443;424;426.25;-3.18
2018-01-16;426.25;427.5;420.5;422;-1.00
2018-01-17;422.25;429.5;421;427;+1.18
2018-01-18;426.75;430.75;426.5;429.5;+0.59
2018-01-19;428.75;431.75;425.75;427.5;-0.47
2018-01-22;428.25;431;426.25;428.5;+0.23
2018-01-23;427.25;428.5;422;423.25;-1.23
2018-01-24;423.75;434;421.75;433;+2.30
2018-01-25;433;439.25;430;435;+0.46
2018-01-26;435;444.5;434.25;443;+1.84
2018-01-29;445;453.75;445;453;+2.26
2018-01-30;458;470.25;457.75;469.75;+3.70
2018-01-31;469;471.25;463.5;467.25;-0.53
2018-02-01;465.75;469;457.5;467;-0.05
2018-02-02;467.25;468.25;462;463.25;-0.80
2018-02-05;459.75;466.75;454.5;461.75;-0.32
2018-02-06;462.5;470.25;459.5;469;+1.57
2018-02-07;470;482.75;469.5;481;+2.56
2018-02-08;481;484.5;468.25;474.5;-1.35
2018-02-09;471.5;474.5;465;465.5;-1.90
2018-02-12;467.25;479.25;466.5;477.5;+2.58
2018-02-13;477.25;482.5;473;474.5;-0.63
2018-02-14;473.75;475.25;468;469.75;-1.00
2018-02-15;469.75;480.25;468.25;478;+1.76
2018-02-16;479.5;482.25;473;478.5;+0.10
2018-02-20;480;485.5;470.25;471.75;-1.41
2018-02-21;472;472.75;463;465.75;-1.27
2018-02-22;466.5;471.25;460;470.75;+1.07
2018-02-23;470.5;476.25;468.25;469;-0.37
2018-02-26;472.5;481.75;472.25;477.75;+1.87
2018-02-27;482;490.25;481;489;+2.35
2018-02-28;489;512.25;489;508.25;+3.94
2018-03-01;506.75;531;506.75;531;+4.48
2018-03-02;531;531;517.5;522;-1.69
2018-03-05;524;533.5;523.75;533.5;+2.20
2018-03-06;527.75;529.25;520;529.25;-0.80
2018-03-07;525.75;527.25;521;521;-1.56
2018-03-08;520;520;513.75;519.75;-0.24
2018-03-09;508;508;508;508;-2.26
2018-03-12;506;512.75;506;509;+0.20
2018-03-13;519.75;519.75;506.75;507;-0.39
2018-03-14;512;512.25;511.75;511.75;+0.94
2018-03-15;525.25;531.25;513;513.5;+0.34
2018-03-16;512.25;515.5;498.75;499.5;-2.73
2018-03-19;493;495;469.5;470.25;-5.86
2018-03-20;470.25;479.25;467;470;-0.05
2018-03-21;470;470.25;458.25;465.5;-0.96
2018-03-22;467.5;475;463.25;471;+1.18
2018-03-23;470;481.25;464;479.25;+1.75
2018-03-26;483;485.5;467.25;468.25;-2.30
2018-03-27;469.5;473;463.75;464;-0.91
2018-03-28;466.5;467;457.75;461;-0.65
2018-03-29;461.25;471.5;456;467.25;+1.36
2018-04-02;473.5;476.25;466.75;467.5;+0.05
2018-04-03;473.5;492.5;471.5;484.75;+3.69
2018-04-04;484.25;494;473.5;486;+0.26
2018-04-05;488.5;499.25;487.5;498.5;+2.57
2018-04-06;496.5;507.25;491.25;506.75;+1.65
2018-04-09;514.25;528.75;511;522.75;+3.16
2018-04-10;522.5;525.25;513.75;521.75;-0.19
2018-04-11;521.5;522.75;509.25;516.75;-0.96
2018-04-12;512.75;514.25;501.25;507.5;-1.79
2018-04-13;507;507;490.75;495.75;-2.32
2018-04-16;490;490;477.25;478;-3.58
2018-04-17;479;486.25;476;480.5;+0.52
2018-04-18;480.5;491.25;479.25;488.75;+1.72
2018-04-19;492;496.75;489.5;495.25;+1.33
2018-04-20;494.25;495.5;481.5;482.75;-2.52
2018-04-23;482.75;489.75;480;483.25;+0.10
2018-04-24;483;494;477.25;492.5;+1.91
2018-04-25;493;509.25;493;507;+2.94
2018-04-26;507.25;511.5;493.5;501.75;-1.04
2018-04-27;502;513.25;500;512.25;+2.09
2018-04-30;513.75;523.5;512;518.5;+1.22
2018-05-01;520;532.25;513;532.25;+2.65
2018-05-02;535;536.25;531.25;535.75;+0.66
2018-05-03;539.5;547.5;539.5;547.5;+2.19
2018-05-04;547;547;535.75;535.75;-2.15
2018-05-07;531;531;519.75;519.75;-2.99
2018-05-08;518.5;518.5;518.5;518.5;-0.24
2018-05-09;512;512;512;512;-1.25
2018-05-10;507.5;507.5;507.5;507.5;-0.88
2018-05-11;500;503.5;499.5;501.75;-1.13
2018-05-14;496.75;496.75;496.75;496.75;-1.00
2018-05-15;505.75;514.75;502.5;509.75;+2.62
2018-05-16;510;516.25;508.5;514;+0.83
2018-05-17;516;528;514.5;519;+0.97
2018-05-18;519;539.5;516.25;538.75;+3.81
2018-05-21;543;546;525;526.5;-2.27
2018-05-22;525;551.75;522.5;540.5;+2.66
2018-05-23;540.5;553;536.25;551.75;+2.08
2018-05-24;551.75;564.5;548.25;549;-0.50
2018-05-25;549.5;565;547.25;564;+2.73
2018-05-29;566;574.75;553.75;556.5;-1.33
2018-05-30;556;556;536.25;540.75;-2.83
2018-05-31;540;549.5;533.5;542.5;+0.32
2018-06-01;540.25;544;532;540.75;-0.32
2018-06-04;538;538.5;518.5;521.5;-3.56
2018-06-05;524.25;534.75;522.75;529;+1.44
2018-06-06;529.25;549;527;539.75;+2.03
2018-06-07;541.5;555.5;540.25;544.5;+0.88
2018-06-08;547;552.25;533;538.25;-1.15
2018-06-11;538.25;546.5;531;534.75;-0.65
2018-06-12;535.5;555.5;530.5;553.5;+3.51
2018-06-13;552.75;558;536.5;539;-2.62
2018-06-14;539;539;520;522.25;-3.11
2018-06-15;539;539;506.5;519.75;-0.48
2018-06-18;515;518.75;499;499.5;-3.90
2018-06-19;499.25;500.5;471.75;483;-3.30
2018-06-20;483;491.75;478.25;488.75;+1.19
2018-06-21;489.5;496.25;482;493.25;+0.92
2018-06-22;492.5;495.5;485.25;488.75;-0.91
2018-06-25;488.75;488.75;468.75;469.75;-3.89
2018-06-26;470;473.5;454;458;-2.50
2018-06-27;458;467.75;455.25;460.25;+0.49
2018-06-28;458.25;463;452.75;453.25;-1.52
2018-06-29;453.5;477.75;453;470.75;+3.86
2018-07-02;473.75;481;449.5;449.5;-4.51
2018-07-03;459;463.75;459;462.25;+2.84
2018-07-05;472.75;482;472.75;482;+4.27
2018-07-06;484.5;492.25;481.5;492.25;+2.13
2018-07-09;491;491;482.5;487.5;-0.96
2018-07-10;477.75;483.75;471.5;483.75;-0.77
2018-07-11;478;478;463;463;-4.29
2018-07-12;466.5;471;466.5;470.25;+1.57
2018-07-13;469.25;469.25;469.25;469.25;-0.21
2018-07-16;489.75;492.75;482;484.5;+3.25
2018-07-17;487;499.5;485;490.75;+1.29
2018-07-18;490.75;497.75;487.25;487.75;-0.61
2018-07-19;488;497.5;485;496.5;+1.79
2018-07-20;497;513;496.5;508.5;+2.42
2018-07-23;509.25;518;506.25;510.75;+0.44
2018-07-24;509;516;502.25;509.75;-0.20
2018-07-25;510;544.75;510;540.75;+6.08
2018-07-26;540;553.5;527.5;534;-1.25
2018-07-27;532.75;538;525.75;532.5;-0.28
2018-07-30;536.25;553;535.25;547.75;+2.86
2018-07-31;547;564.25;542.75;556.5;+1.60
2018-08-01;556.25;569.25;553;563.75;+1.30
2018-08-02;564;597.25;563.5;569.25;+0.98
2018-08-03;571.75;577.25;564.25;567.25;-0.35
2018-08-06;567;587.25;563.5;586;+3.31
2018-08-07;586;598.75;578;579.5;-1.11
2018-08-08;579.5;590.5;578;584.25;+0.82
2018-08-09;584.25;587.5;574.25;578.5;-0.98
2018-08-10;578;585.5;559;559.75;-3.24
2018-08-13;559.5;561.75;540;540.75;-3.39
2018-08-14;541.25;552.5;539.75;545.75;+0.92
2018-08-15;547.5;549;533.75;535.25;-1.92
2018-08-16;536;552.5;534;547.5;+2.29
2018-08-17;549.5;568.75;542.25;565;+3.20
2018-08-20;565.75;567.25;544.5;547.25;-3.14
2018-08-21;549.25;549.25;533.25;534.5;-2.33
2018-08-22;534.5;539.25;524.5;530;-0.84
2018-08-23;535.75;538.5;518.25;527.25;-0.52
2018-08-24;527.75;527.75;517.5;519.25;-1.52
2018-08-27;518.25;518.75;500.75;501.75;-3.37
2018-08-28;501.25;508;498.25;499.25;-0.50
2018-08-29;498.5;524;497.75;519.75;+4.11
2018-08-30;521;527.25;507.25;512.25;-1.44
2018-08-31;515.5;523;513.5;523;+2.10
2018-09-04;503.5;508.5;494.75;508;-2.87
2018-09-05;507;511.75;501.75;501.75;-1.23
2018-09-06;497.25;500.5;490.5;490.5;-2.24
2018-09-07;489.5;489.5;488.5;488.5;-0.41
2018-09-10;495;503.75;495;503.75;+3.12
2018-09-11;496.25;496.25;494.25;494.25;-1.89
2018-09-12;496;496;475.5;482.5;-2.38
2018-09-13;477.5;477.5;477.5;477.5;-1.04
2018-09-14;479;479;479;479;+0.31
2018-09-17;517.5;522.75;511.25;512.75;+7.05
2018-09-18;511.75;521;510.75;516;+0.63
2018-09-19;516.75;527.5;516;526.25;+1.99
2018-09-20;526.25;529.75;519;527;+0.14
2018-09-21;525;528.25;519.5;525.25;-0.33
2018-09-24;525.25;534.25;523.5;529;+0.71
2018-09-25;528.25;530;518.5;522;-1.32
2018-09-26;522.25;530;520.25;521;-0.19
2018-09-27;519.5;526.5;515.75;517.25;-0.72
2018-09-28;516.5;524.25;510;511.25;-1.16
2018-10-01;513.25;517.75;506.5;511.5;+0.05
2018-10-02;512.5;526.75;507.5;522.5;+2.15
2018-10-03;524.25;530.75;517.75;518.75;-0.72
2018-10-04;518.75;525.5;518;522.25;+0.67
2018-10-05;522;528.5;520.25;524.25;+0.38
2018-10-08;526.5;528.75;516;517.5;-1.29
2018-10-09;517.5;524.5;515.5;519.5;+0.39
2018-10-10;521;522.25;515.25;516.25;-0.63
2018-10-11;516.25;527;510.5;513.75;-0.48
2018-10-12;513.75;525;512.5;524.25;+2.04
2018-10-15;524.5;532.5;521.75;531.75;+1.43
2018-10-16;532.25;533.25;526.5;528;-0.71
2018-10-17;528.25;528.25;519.75;521;-1.33
2018-10-18;519.25;522.75;514.25;514.75;-1.20
2018-10-19;515;519.75;512.25;516.25;+0.29
2018-10-22;515;515.75;506.25;507.75;-1.65
2018-10-23;508.5;510;502.5;507.5;-0.05
2018-10-24;507.75;509.5;495.5;497;-2.07
2018-10-25;497;497.5;485.25;486.5;-2.11
2018-10-26;486.5;503.25;486.5;500.25;+2.83
2018-10-29;504.75;510.25;497;501.5;+0.25
2018-10-30;498.5;501.25;491.5;494.75;-1.35
2018-10-31;494.25;495;484.5;493.25;-0.30
2018-11-01;493;504;492.75;501.25;+1.62
2018-11-02;501.5;505.75;497.75;504.25;+0.60
2018-11-05;504.25;507.5;500;504.75;+0.10
2018-11-06;504.75;510.75;503.25;508;+0.64
2018-11-07;507.75;509.25;501;502.25;-1.13
2018-11-08;500;506.25;492.25;497.25;-1.00
2018-11-09;496.5;496.75;487;487.5;-1.96
2018-11-12;487.5;496.25;486;493.5;+1.23
2018-11-13;492.75;495.25;483.25;486.5;-1.42
2018-11-14;487.25;491.25;480.25;481;-1.13
2018-11-15;480.75;485.25;478.75;480;-0.21
2018-11-16;479;484.5;479;482.75;+0.57
2018-11-19;483;484;470;474.25;-1.76
2018-11-20;473;476.25;469.75;473;-0.26
2018-11-21;473.25;475.25;468;469;-0.85
2018-11-23;470.25;474.5;460.75;461.25;-1.65
2018-11-26;465.25;466.5;459.75;464.5;+0.70
2018-11-27;464.75;469;456.75;458.5;-1.29
2018-11-28;459.25;469;458;467;+1.85
2018-11-29;466.75;472.5;465;466;-0.21
2018-11-30;466.5;488;466.5;486.5;+4.40
2018-12-03;492;495;478.75;484;-0.51
2018-12-04;484.75;486;483.75;483.75;-0.05
2018-12-06;468.75;468.75;468.75;468.75;-3.10
2018-12-07;484.5;484.5;484.5;484.5;+3.36
2018-12-10;486.25;486.25;482.75;482.75;-0.36
2018-12-11;492.25;492.25;477.25;477.25;-1.14
2018-12-12;483.75;483.75;483.75;483.75;+1.36
2018-12-13;504;504;492.5;492.5;+1.81
2018-12-14;492.5;492.5;492.5;492.5;0.00
2018-12-17;518;524.25;517;522;+5.99
2018-12-18;520.25;522.5;515.75;517.25;-0.91
2018-12-19;517.75;517.75;508;508.5;-1.69
2018-12-20;511;514.25;507;509.5;+0.20
2018-12-21;509.5;510;499.25;502.75;-1.32
2018-12-25;502.5;506.75;497.5;502.5;-0.05
2018-12-26;503.25;508.25;494.5;495.5;-1.39
2018-12-27;497.25;498.75;491.25;495;-0.10
2018-12-28;494.25;497.75;493;496;+0.20
2018-12-31;496;497;487.25;488.75;-1.46
2019-01-02;490;497.25;487.75;492.5;+0.77
2019-01-03;492.25;504.5;492.25;503.5;+2.23
2019-01-04;504;508.75;503.5;506;+0.50
2019-01-07;506.25;507.25;500.5;503;-0.59
2019-01-08;501;510.25;499;505;+0.40
2019-01-09;506.25;511;504.75;505.5;+0.10
2019-01-10;504.75;505.5;496.25;498.75;-1.34
2019-01-11;497.5;508.75;497.5;504.5;+1.15
2019-01-14;504.5;509.25;498.75;499;-1.09
2019-01-15;499;502.75;492.25;495.5;-0.70
2019-01-16;495.5;500.75;494.25;495.5;0.00
2019-01-17;494.75;508.25;493.25;504;+1.72
2019-01-18;505.75;509;503.25;506;+0.40
2019-01-22;506;514;502.75;509.75;+0.74
2019-01-23;510.25;515.5;510.25;515;+1.03
2019-01-24;515;518;510.5;511.5;-0.68
2019-01-25;510;513.25;506.25;509.5;-0.39
2019-01-28;510;513.25;504.5;506.75;-0.54
2019-01-29;506.75;509.25;498.25;500.25;-1.28
2019-01-30;500;505.75;498;502.25;+0.40
2019-01-31;502;504;497;499;-0.65
2019-02-01;500;510.75;498.5;508.75;+1.95
2019-02-04;510;513;505.75;510.5;+0.34
2019-02-05;509.25;512;506;511.25;+0.15
2019-02-06;510;513.5;507.25;509.25;-0.39
2019-02-07;507.5;508.75;495;496.25;-2.55
2019-02-08;496.5;500.5;492.5;494.25;-0.40
2019-02-11;493.25;495.5;487.5;493.75;-0.10
2019-02-12;492.75;495;488.25;492;-0.35
2019-02-13;491.5;495.25;490;494;+0.41
2019-02-14;492.25;494.5;481.25;481.5;-2.53
2019-02-15;483.25;484.75;472;476.5;-1.04
2019-02-19;472.75;478.5;460;460.75;-3.31
2019-02-20;463.25;465.25;449.5;450;-2.33
2019-02-21;450.25;461.75;450.25;455.25;+1.17
2019-02-22;456.25;462.25;455;458.5;+0.71
2019-02-25;460;462.75;441.5;442.25;-3.54
2019-02-26;442.75;444.5;432;435.75;-1.47
2019-02-27;433.25;444;433.25;438.75;+0.69
2019-02-28;442;444.75;439.5;441;+0.51
2019-03-01;444.75;445.75;436;440.75;-0.06
2019-03-04;443;444.5;434.25;434.25;-1.47
2019-03-05;448.25;448.5;444;444;+2.25
2019-03-06;437.5;437.5;431.25;431.25;-2.87
2019-03-07;436.25;436.25;419;420.25;-2.55
2019-03-08;429;433.5;424.75;424.75;+1.07
2019-03-11;414.25;414.25;414.25;414.25;-2.47
2019-03-12;435.75;435.75;435.75;435.75;+5.19
2019-03-13;423;441.25;423;429.75;-1.38
2019-03-14;429.75;429.75;429.75;429.75;0.00
2019-03-15;436.75;444.5;433;443;+3.08
2019-03-18;443.5;444.5;433.5;436.5;-1.47
2019-03-19;439;443.25;433.5;435.75;-0.17
2019-03-20;436.75;444.75;436;444;+1.89
2019-03-21;444;448.25;439.25;447;+0.68
2019-03-22;446;452;443.25;445;-0.45
2019-03-25;445.25;451.5;441.5;449.25;+0.96
2019-03-26;449.5;454;442.25;443.25;-1.34
2019-03-27;443;446;441;444.5;+0.28
2019-03-28;444.5;444.5;435.75;438.75;-1.29
2019-03-29;438;441;427.25;430;-1.99
2019-04-01;431;438.25;427;434.5;+1.05
2019-04-02;435.5;437.25;422.75;433.25;-0.29
2019-04-03;431.75;438.75;430.75;436.75;+0.81
2019-04-04;437;443.5;434.25;439.5;+0.63
2019-04-05;438.5;438.5;430;431.25;-1.88
2019-04-08;430.5;435.25;427.75;431.5;+0.06
2019-04-09;428;430.5;422;427.5;-0.93
2019-04-10;426.75;430;424.5;426.25;-0.29
2019-04-11;425;433.25;424.5;430.5;+1.00
2019-04-12;432.25;435.25;428.75;434.25;+0.87
2019-04-15;434.25;434.75;426.5;427.25;-1.61
2019-04-16;427;428.25;414.25;417;-2.40
2019-04-17;418;423;416.75;420.5;+0.84
2019-04-18;421.25;423.5;415.25;420;-0.12
2019-04-22;420;420;410.75;411.75;-1.96
2019-04-23;411.5;414.75;408;414.5;+0.67
2019-04-24;413.25;415.75;403.75;404.5;-2.41
2019-04-25;404;406.75;400.5;404.25;-0.06
2019-04-26;405;407.75;398.75;399.75;-1.11
2019-04-29;400.5;404;388.25;389.75;-2.50
2019-04-30;389.5;390.75;383.5;386.25;-0.90
2019-05-01;388.25;393.25;387.25;389.25;+0.78
2019-05-02;392;393.25;392;393;+0.96
2019-05-03;392.75;393;392.75;393;0.00
2019-05-06;389;395.75;386.25;394.25;+0.32
2019-05-07;395.5;395.5;394.75;394.75;+0.13
2019-05-08;394.5;394.5;394.25;394.25;-0.13
2019-05-09;390;390;390;390;-1.08
2019-05-10;379.25;379.25;379.25;379.25;-2.76
2019-05-13;378.25;397;378.25;397;+4.68
2019-05-14;410;414;401.75;401.75;+1.20
2019-05-15;410;423.25;401;402;+0.06
2019-05-16;401;420;401;416.75;+3.67
2019-05-17;419.75;425.5;415.5;420.25;+0.84
2019-05-20;424.75;439.75;424;434.5;+3.39
2019-05-21;442;453;431.25;436;+0.35
2019-05-22;432.5;440.5;428.25;432.25;-0.86
2019-05-23;431.5;439.25;421.25;425.25;-1.62
2019-05-24;424;444;421.75;442;+3.94
2019-05-28;448;463.5;447.25;460.75;+4.24
2019-05-29;474.75;481.25;450;453.25;-1.63
2019-05-30;451.75;479.5;445.25;479;+5.68
2019-05-31;481;490;467.5;473;-1.25
2019-06-03;476.5;495;473.5;486.75;+2.91
2019-06-04;493;497;462.75;468.5;-3.75
2019-06-05;469.25;469.5;445;445.75;-4.86
2019-06-06;448.25;460.75;440.75;455.25;+2.13
2019-06-07;456;457.25;445.75;449;-1.37
2019-06-10;447.25;454;439;453;+0.89
2019-06-11;449;459.5;441.5;457.5;+0.99
2019-06-12;458.25;465.25;451.25;462.75;+1.15
2019-06-13;461.75;472;460.5;468.25;+1.19
2019-06-14;467.75;478;466.5;476.25;+1.71
2019-06-17;476.5;487;473.5;475.5;-0.16
2019-06-18;475;476;460.25;465.25;-2.16
2019-06-19;464.5;464.75;452;457.5;-1.67
2019-06-20;456.25;465.25;451.5;460.5;+0.66
2019-06-21;461;462.5;451;452.5;-1.74
2019-06-24;453;466.75;450.5;465.5;+2.87
2019-06-25;467.75;473.5;463.75;465.25;-0.05
2019-06-26;464.75;470.75;457.75;469;+0.81
2019-06-27;468;478.5;463.25;468;-0.21
2019-06-28;468;475;445;451.5;-3.53
2019-07-01;452;452;430;434.75;-3.71
2019-07-02;432.75;437.5;424;424;-2.47
2019-07-03;424;436;424;436;+2.83
2019-07-05;430.5;439;430.5;439;+0.69
2019-07-08;438.5;446.25;438.25;442;+0.68
2019-07-09;443;443;439;440.5;-0.34
2019-07-10;444;444;441.25;441.25;+0.17
2019-07-11;441.25;461.25;439;461.25;+4.53
2019-07-12;461.25;461.25;461.25;461.25;0.00
2019-07-15;467.25;472.5;447.25;449;-2.66
2019-07-16;449.25;451.75;442.25;446.25;-0.61
2019-07-17;446.25;451.75;440;441.75;-1.01
2019-07-18;440;441.25;432;432.75;-2.04
2019-07-19;432.75;452.25;431.25;440;+1.68
2019-07-22;440;443.25;428;429.25;-2.44
2019-07-23;430;435.5;426.5;431.5;+0.52
2019-07-24;430.5;441.5;430.25;439.5;+1.85
2019-07-25;439.5;450;436;437.5;-0.46
2019-07-26;437;438.25;431;432;-1.26
2019-07-29;431;440.25;430;436.5;+1.04
2019-07-30;434.5;436;430;433.5;-0.69
2019-07-31;432;434.5;421.25;422.75;-2.48
2019-08-01;422.75;425.5;410.75;415.75;-1.66
2019-08-02;415.75;422.5;415.75;421.75;+1.44
2019-08-05;421.25;427.5;413.5;426.75;+1.19
2019-08-06;423.5;425.75;416.5;418;-2.05
2019-08-07;418;420.25;410.5;417.75;-0.06
2019-08-08;418.25;422;414.75;418.5;+0.18
2019-08-09;417;421;414.75;417;-0.36
2019-08-12;417;417;387.5;392.25;-5.94
2019-08-13;390.5;396.25;382.75;383.5;-2.23
2019-08-14;383.75;390;380.75;384.75;+0.33
2019-08-15;386;392;384.5;389.75;+1.30
2019-08-16;389.75;394.75;389.25;394.25;+1.15
2019-08-19;394.25;394.5;388.75;391.25;-0.76
2019-08-20;390.25;393.25;384.5;386.75;-1.15
2019-08-21;387.5;388.25;384;386.25;-0.13
2019-08-22;387.5;394.75;387;393.25;+1.81
2019-08-23;393.25;395.5;387.75;391.5;-0.45
2019-08-26;390;395;387.75;389;-0.64
2019-08-27;389;394.5;387.5;392.75;+0.96
2019-08-28;392;393.75;385.75;392.25;-0.13
2019-08-29;392.25;393.75;385.25;387.25;-1.27
2019-08-30;387;387;374.25;378.25;-2.32
2019-09-03;382;382;361.75;362;-4.30
2019-09-04;370.25;374;367.5;374;+3.31
2019-09-05;378.75;383;372;382;+2.14
2019-09-06;379;379;375.25;375.25;-1.77
2019-09-09;370.25;380;370.25;380;+1.27
2019-09-10;375;382;375;382;+0.53
2019-09-11;376.75;376.75;376.75;376.75;-1.37
2019-09-12;380;380;380;380;+0.86
2019-09-13;387.5;387.75;383.5;383.5;+0.92
2019-09-16;403;409.75;398.75;409;+6.65
2019-09-17;406.5;408.5;400.75;402.25;-1.65
2019-09-18;402.25;411;399;409.75;+1.86
2019-09-19;409;414;405.5;409.5;-0.06
2019-09-20;408.25;411.75;406.75;407.5;-0.49
2019-09-23;409.5;414;405;406.5;-0.25
2019-09-24;405.5;408.25;402.75;405;-0.37
2019-09-25;404.5;408;402;404;-0.25
2019-09-26;403.25;411.25;403.25;408.25;+1.05
2019-09-27;409.5;412.5;407;407.5;-0.18
2019-09-30;408;420;403;415;+1.84
2019-10-01;414;416.75;406.5;411.5;-0.84
2019-10-02;411.5;412.75;401.5;405.75;-1.40
2019-10-03;404;408.25;400.5;405.75;0.00
2019-10-04;404.75;409.25;403.25;404;-0.43
2019-10-07;405;408;401.75;402.25;-0.43
2019-10-08;402.25;412.25;398.75;410.25;+1.99
2019-10-09;409.5;417.75;407.5;413.25;+0.73
2019-10-10;411.5;417;400.5;403.25;-2.42
2019-10-11;403;423.25;402.5;419.5;+4.03
2019-10-14;424;427.75;419.5;425.75;+1.49
2019-10-15;423.75;426;418.75;421.25;-1.06
2019-10-16;420;425.75;417.5;425;+0.89
2019-10-17;425.5;433.25;423.75;431.25;+1.47
2019-10-18;430.75;434;426.75;433.75;+0.58
2019-10-21;432.75;437.25;424.75;425.5;-1.90
2019-10-22;424.75;433.75;420.5;421.25;-1.00
2019-10-23;421.25;425;418.5;423.25;+0.47
2019-10-24;424;426.75;418.5;419.5;-0.89
2019-10-25;420;425.25;417;422.75;+0.77
2019-10-28;423;423.25;415.5;417;-1.36
2019-10-29;417.75;421.75;415.5;419;+0.48
2019-10-30;419.25;422;416.25;418.25;-0.18
2019-10-31;418.5;420.75;410;419.75;+0.36
2019-11-01;418.5;427;417.5;426;+1.49
2019-11-04;424.75;427.5;421;423;-0.70
2019-11-05;423;430;421.5;428.5;+1.30
2019-11-06;428.75;432.25;426.25;427.75;-0.18
2019-11-07;427.5;429.25;420.25;424.75;-0.70
2019-11-08;424.25;430;417.75;421.5;-0.77
2019-11-11;421.25;425;418;422.75;+0.30
2019-11-12;424.5;439.25;423.5;438.75;+3.78
2019-11-13;438.5;439;423.75;424.75;-3.19
2019-11-14;427.25;429;418.75;422.25;-0.59
2019-11-15;421.75;423;416.5;417;-1.24
2019-11-18;416.75;424;413.25;418.5;+0.36
2019-11-19;417.5;427.75;417.5;425.75;+1.73
2019-11-20;426.25;429.75;422;426;+0.06
2019-11-21;426;429;420;421;-1.17
2019-11-22;421;427.25;420.25;424;+0.71
2019-11-25;424;436.5;424;435.5;+2.71
2019-11-26;435.25;435.75;427.75;432.5;-0.69
2019-11-27;431.75;435.75;423.75;426.75;-1.33
2019-11-29;430.25;441.75;430.25;438.75;+2.81
2019-12-02;439.75;445.5;432.25;437.25;-0.34
2019-12-03;440.25;444;422.5;422.5;-3.37
2019-12-04;425.5;425.5;425.25;425.25;+0.65
2019-12-05;426.75;426.75;420.25;420.25;-1.18
2019-12-06;415;415;415;415;-1.25
2019-12-09;415.25;415.5;411.5;411.5;-0.84
2019-12-10;416;416;416;416;+1.09
2019-12-11;416;416;415.5;415.5;-0.12
2019-12-12;427.5;427.5;427.5;427.5;+2.89
2019-12-13;427.5;427.5;427.5;427.5;0.00
2019-12-16;444.5;467;444.5;462;+8.07
2019-12-17;461.25;468;456.25;467;+1.08
2019-12-18;464.25;467;459;462.25;-1.02
2019-12-19;462;467.75;459.25;460.5;-0.38
2019-12-20;460.5;464.75;457;462.25;+0.38
2019-12-23;461.5;466.75;458;458.5;-0.81
2019-12-25;459;466.75;458.5;460.5;+0.44
2019-12-26;461.5;471.75;460;470.5;+2.17
2019-12-27;471.75;481.5;471;479.75;+1.97
2019-12-30;482;485;474;480.5;+0.16
2019-12-31;480;487;477.5;486;+1.14
2020-01-02;485.25;496.75;483.5;485.25;-0.15
2020-01-03;485.25;486;473;475;-2.11
2020-01-06;472.5;479;469.5;477.25;+0.47
2020-01-07;476;477;470.5;475;-0.47
2020-01-08;473;482.75;469.75;480;+1.05
2020-01-09;480;492.75;479.25;490.25;+2.14
2020-01-10;490.25;498.25;484.75;494.75;+0.92
2020-01-13;496.5;496.5;488.25;492.75;-0.40
2020-01-14;491.25;500.75;490;497;+0.86
2020-01-15;496;504.25;493.75;496.5;-0.10
2020-01-16;496.75;496.75;482.25;484.75;-2.37
2020-01-17;485;496;480.5;494.25;+1.96
2020-01-21;495.25;500.75;487.75;500;+1.16
2020-01-22;499.75;504.75;491;492.5;-1.50
2020-01-23;492.5;496.25;490;492.25;-0.05
2020-01-24;492.5;493;483.75;486;-1.27
2020-01-27;483;487.75;476.5;486.5;+0.10
2020-01-28;486.75;490.25;480;482;-0.92
2020-01-29;482.75;485.5;471.25;472;-2.07
2020-01-30;471.75;473;463.25;471;-0.21
2020-01-31;471;473.75;463.5;465.5;-1.17
2020-02-03;464;468.75;458.5;466.75;+0.27
2020-02-04;464.25;475.25;464;467.25;+0.11
2020-02-05;467.75;474.75;467.5;473.75;+1.39
2020-02-06;473.75;477;467;467.75;-1.27
2020-02-07;467.25;474;466;472.5;+1.02
2020-02-10;472.5;476.5;469;472.5;0.00
2020-02-11;472.25;474;465.5;468.25;-0.90
2020-02-12;467;472.75;464.5;471;+0.59
2020-02-13;469.75;470.75;462.75;466;-1.06
2020-02-14;466.5;471;465;465.5;-0.11
2020-02-18;469;486.75;466.75;485.75;+4.35
2020-02-19;485;485;471.75;479.75;-1.24
2020-02-20;479.25;481.5;472.25;473.75;-1.25
2020-02-21;472.75;480;468;468.5;-1.11
2020-02-24;468;468.25;451.5;452.25;-3.47
2020-02-25;455.5;457;448;455;+0.61
2020-02-26;455;459.25;451;452.25;-0.60
2020-02-27;451;451.5;442;443.25;-1.99
2020-02-28;440.25;446;431.75;445.5;+0.51
2020-03-02;445.5;451.5;439.5;451;+1.23
2020-03-03;452;452;452;452;+0.22
2020-03-04;448.25;449.5;445;446.25;-1.27
2020-03-05;445;464.5;439.25;439.25;-1.57
2020-03-06;458;458;439.25;439.25;0.00
2020-03-09;436.5;436.5;436.5;436.5;-0.63
2020-03-10;443.25;443.25;443.25;443.25;+1.55
2020-03-11;468.75;470.75;434;434;-2.09
2020-03-12;462.25;462.25;431.25;431.25;-0.63
2020-03-13;431.25;431.25;431.25;431.25;0.00
2020-03-16;429.25;432;420;423.75;-1.74
2020-03-17;422.75;438.75;420.25;432.25;+2.01
2020-03-18;433.75;448.5;429;446.5;+3.30
2020-03-19;447.5;476.25;447.5;465.5;+4.26
2020-03-20;466;477.25;464.75;469;+0.75
2020-03-23;472.25;491.75;468;489.5;+4.37
2020-03-24;489;491.5;480.5;490.75;+0.26
2020-03-25;490;505.75;486.5;501;+2.09
2020-03-26;501;503.5;485;487.25;-2.74
2020-03-27;487;505;483;486.75;-0.10
2020-03-30;487.25;494.5;479.75;486.75;0.00
2020-03-31;486.75;497;482.5;493;+1.28
2020-04-01;493;496.75;470.75;475;-3.65
2020-04-02;475.25;478;460.5;464;-2.32
2020-04-03;464;477.75;463.75;472;+1.72
2020-04-06;472.25;485;472.25;475.75;+0.79
2020-04-07;474.25;477.5;468.25;473.25;-0.53
2020-04-08;474;481;471;478;+1.00
2020-04-09;478;493.25;478;492;+2.93
2020-04-13;495.5;502;490.5;494;+0.41
2020-04-14;493;496;480;483.75;-2.07
2020-04-15;481;483.75;469;479.5;-0.88
2020-04-16;478;486.75;469;470;-1.98
2020-04-17;470.5;480.5;466.25;478.75;+1.86
2020-04-20;480;507.75;480;495.25;+3.45
2020-04-21;498.5;503.25;487.75;496.75;+0.30
2020-04-22;497.5;499.75;488.75;490;-1.36
2020-04-23;490;495;482.75;485.5;-0.92
2020-04-24;486;488;472.25;474.75;-2.21
2020-04-27;475.25;476.25;468.5;470.5;-0.90
2020-04-28;473.5;479;469.75;474.5;+0.85
2020-04-29;474.5;477.5;463.5;467.75;-1.42
2020-04-30;467.75;482.25;461.75;482.25;+3.10
2020-05-01;482.5;482.75;478.25;482;-0.05
2020-05-04;477.75;483.75;477.75;483.75;+0.36
2020-05-05;479;484;476.75;483;-0.16
2020-05-06;476;476.5;476;476.5;-1.35
2020-05-07;488;488;477.5;477.5;+0.21
2020-05-08;475;504;475;504;+5.55
2020-05-11;504;504;496;496;-1.59
2020-05-12;485.25;485.25;483.5;483.5;-2.52
2020-05-13;458;458;458;458;-5.27
2020-05-14;458;458;458;458;0.00
2020-05-15;451.75;457;450.25;452.25;-1.26
2020-05-18;454.25;455.5;444.5;446.25;-1.33
2020-05-19;447.5;449.25;440.25;441.5;-1.06
2020-05-20;441.5;454;438.75;453.25;+2.66
2020-05-21;454;460.75;449.25;454.5;+0.28
2020-05-22;453.5;454.75;443.5;444.5;-2.20
2020-05-26;442;452.25;441;447.25;+0.62
2020-05-27;448;454.25;446.25;451.75;+1.01
2020-05-28;451.25;468.25;450.5;464;+2.71
2020-05-29;464;473;462.75;470.5;+1.40
2020-06-01;469.75;470;457.75;462.5;-1.70
2020-06-02;462.5;464;450;450.75;-2.54
2020-06-03;452.5;459.75;450.25;457.75;+1.55
2020-06-04;457;476.75;457;472.25;+3.17
2020-06-05;473.5;476;459.5;461.25;-2.33
2020-06-08;463;466;457.5;460.5;-0.16
2020-06-09;460;463.75;453.75;457.75;-0.60
2020-06-10;457.75;464.75;455.75;457.5;-0.05
2020-06-11;456.75;458.25;445.25;447;-2.30
2020-06-12;446.5;453.75;445;448.5;+0.34
2020-06-15;447.25;447.75;442.25;445.75;-0.61
2020-06-16;446;449.5;433.5;438.25;-1.68
2020-06-17;436.75;436.75;430.75;432.5;-1.31
2020-06-18;432;438;428.25;428.5;-0.92
2020-06-19;428.5;433;427.75;428.25;-0.06
2020-06-22;428.5;433.25;427.5;431.25;+0.70
2020-06-23;431.25;436;426;435;+0.87
2020-06-24;435;437.75;430.75;431.25;-0.86
2020-06-25;431;433;426.5;429.75;-0.35
2020-06-26;429.5;432.25;416.5;421.25;-1.98
2020-06-29;420.25;431;418.25;428.75;+1.78
2020-06-30;428.75;444;426.25;435.5;+1.57
2020-07-01;435.75;443.25;434;442.5;+1.61
2020-07-02;438.5;438.5;425.25;427.25;-3.45
2020-07-06;433;434.25;428.5;432.75;+1.29
2020-07-07;436.5;436.5;434;436;+0.75
2020-07-08;447.25;453.5;447.25;452;+3.67
2020-07-09;455;458.5;452;452;0.00
2020-07-10;452;454.75;447.25;447.25;-1.05
2020-07-13;440.5;440.5;440.5;440.5;-1.51
2020-07-14;445.25;445.25;438.25;438.25;-0.51
2020-07-15;442;460.25;441;459.5;+4.85
2020-07-16;459.5;462.75;445;448.75;-2.34
2020-07-17;451.25;454.25;445;448.75;0.00
2020-07-20;448;450.5;432;435;-3.06
2020-07-21;435;444.25;433.75;442.5;+1.72
2020-07-22;441.25;452;439.75;448.5;+1.36
2020-07-23;448;449.25;441;441.25;-1.62
2020-07-24;441.5;455.25;440.25;449.5;+1.87
2020-07-27;448.5;449;438.25;439.5;-2.22
2020-07-28;439.5;442.75;433.25;436.75;-0.63
2020-07-29;436.75;446.25;436.75;445.75;+2.06
2020-07-30;445.5;447;438.25;440;-1.29
2020-07-31;440;445.25;439.5;442.5;+0.57
2020-08-03;438.5;439.5;426.25;430.75;-2.66
2020-08-04;431.5;431.5;421.75;422.25;-1.97
2020-08-05;423;427.5;422.25;426.5;+1.01
2020-08-06;426;426.25;414.75;417.25;-2.17
2020-08-07;417;420;409.75;415.5;-0.42
2020-08-10;415;417.25;410;414;-0.36
2020-08-11;413.25;421.5;413.25;416.75;+0.66
2020-08-12;416.25;420;412.5;417.75;+0.24
2020-08-13;417.25;427.25;416.25;425;+1.74
2020-08-14;423.75;433;422.25;425.25;+0.06
2020-08-17;425.25;439;425.25;437.25;+2.82
2020-08-18;436.75;437;426.25;430;-1.66
2020-08-19;430;438.75;428.5;437.5;+1.74
2020-08-20;436.75;442;431.25;441.5;+0.91
2020-08-21;440.25;447;437.25;445.75;+0.96
2020-08-24;445;449.75;432.5;435.25;-2.36
2020-08-25;435.25;451.75;435.25;444.25;+2.07
2020-08-26;443.75;450.75;437.75;450.25;+1.35
2020-08-27;449.25;464.5;448.25;460.75;+2.33
2020-08-28;459.75;466;457.75;461.75;+0.22
2020-08-31;463.5;477;461.75;470.5;+1.89
2020-09-01;467.75;488.5;467.75;483.5;+2.76
2020-09-02;481;481;473.75;476.75;-1.40
2020-09-03;478;478.5;475;475;-0.37
2020-09-04;480;480;474.5;474.5;-0.11
2020-09-08;475.25;475.25;471.5;471.5;-0.63
2020-09-09;476.5;476.5;473.25;473.25;+0.37
2020-09-10;484.25;484.25;476.25;476.25;+0.63
2020-09-11;477;477;461.25;473.5;-0.58
2020-09-14;477.5;477.5;474.75;474.75;+0.26
2020-09-15;474;475.75;463.25;468;-1.42
2020-09-16;466.5;475.75;465;475;+1.50
2020-09-17;473;490.5;471;487.5;+2.63
2020-09-18;488.25;507.5;488;504.25;+3.44
2020-09-21;509;509;483;487.25;-3.37
2020-09-22;488.5;500.25;484;491.75;+0.92
2020-09-23;492;494.5;483.25;484.25;-1.53
2020-09-24;484.5;487.5;477.25;483;-0.26
2020-09-25;484.5;486;474.75;475.25;-1.60
2020-09-28;473.75;483.5;469.5;482.75;+1.58
2020-09-29;481;484;474.75;476;-1.40
2020-09-30;475.75;515.5;475;509.75;+7.09
2020-10-01;507;513.25;504.5;506.5;-0.64
2020-10-02;506.5;512;497.5;509.5;+0.59
2020-10-05;510.5;527.5;510.25;524.25;+2.89
2020-10-06;524.5;542.75;518.5;534.25;+1.91
2020-10-07;534.25;552.5;531.25;544.5;+1.92
2020-10-08;546.5;552.75;527.5;528.75;-2.89
2020-10-09;528.75;542.75;526;535.5;+1.28
2020-10-12;535.5;539.75;526.75;530.5;-0.93
2020-10-13;535.25;540.5;527.25;531.25;+0.14
2020-10-14;534;539.5;523.5;535.25;+0.75
2020-10-15;536.75;559.5;533.75;558;+4.25
2020-10-16;557.25;565.25;552;558.75;+0.13
2020-10-19;565.5;568.75;555.25;563;+0.76
2020-10-20;563;572.5;560.25;571;+1.42
2020-10-21;574;579.5;568.25;569.75;-0.22
2020-10-22;569.5;571.75;558.5;560.25;-1.67
2020-10-23;558.5;572.75;556;569.75;+1.70
2020-10-26;569.5;569.5;548.25;552;-3.12
2020-10-27;552;560.5;547.75;549.25;-0.50
2020-10-28;548.25;548.75;532;543.25;-1.09
2020-10-29;543;546.5;534.75;542;-0.23
2020-10-30;541.5;549.25;535;541.25;-0.14
2020-11-02;537.25;556;535.5;553;+2.17
2020-11-03;553;562.75;552.25;557;+0.72
2020-11-04;557;561.5;550.25;559.75;+0.49
2020-11-05;559.75;581;559.25;563;+0.58
2020-11-06;563;570.25;554.25;555.25;-1.38
2020-11-09;556.25;560.5;548.75;552.5;-0.50
2020-11-10;552.25;566.25;548.5;561.5;+1.63
2020-11-11;562;568.75;551;554.25;-1.29
2020-11-12;554;555.25;542.25;544;-1.85
2020-11-13;542.5;554.25;537.5;552;+1.47
2020-11-16;551;560.25;543.25;558;+1.09
2020-11-17;558;562.5;550.5;552.5;-0.99
2020-11-18;552.5;559.25;548.5;557.75;+0.95
2020-11-19;557.25;560.75;546.75;548.75;-1.61
2020-11-20;548.75;554.75;546.25;550.25;+0.27
2020-11-23;550.5;557;549.5;551.25;+0.18
2020-11-24;552.5;562;545;561;+1.77
2020-11-25;563.25;565;543;543.75;-3.07
2020-11-27;547.5;563;547.5;561.5;+3.26
2020-11-30;559.5;559.5;545.5;545.75;-2.80
2020-12-01;548;548;537.5;537.5;-1.51
2020-12-02;539.5;550.5;539.5;550.5;+2.42
2020-12-03;545;545;545;545;-1.00
2020-12-04;543.25;544;540;541.25;-0.69
2020-12-07;536;542.5;536;542.5;+0.23
2020-12-08;541.5;542.5;532.5;536.25;-1.15
2020-12-09;541.5;550.25;541.5;550.25;+2.61
2020-12-10;562.75;562.75;562.75;562.75;+2.27
2020-12-11;579;579;579;579;+2.89
2020-12-14;579;579;579;579;0.00
2020-12-15;563.75;571;560.25;566;-2.25
2020-12-16;566.75;572.75;556;561.5;-0.80
2020-12-17;561.5;571.25;561.25;570;+1.51
2020-12-18;570.75;574.75;564.25;569.25;-0.13
2020-12-21;572;575.25;557.5;574.5;+0.92
2020-12-22;574.5;581.5;563;579.25;+0.83
2020-12-23;577.5;593;573;588;+1.51
2020-12-25;588;591.5;585;589;+0.17
2020-12-28;590.5;592;569.75;577;-2.04
2020-12-29;577;587.25;575;585;+1.39
2020-12-30;585;604.75;580.75;601.25;+2.78
2020-12-31;600;606.5;594;603.5;+0.37
2021-01-04;605;613.75;597;599.5;-0.66
2021-01-05;599.5;616.5;596;609.25;+1.63
2021-01-06;609.25;615;603;603.5;-0.94
2021-01-07;604;605.75;596.5;598.5;-0.83
2021-01-08;600;601.75;587.25;594.75;-0.63
2021-01-11;594.5;604.75;588;594;-0.13
2021-01-12;596.25;626.5;594;622.5;+4.80
2021-01-13;622;639.5;617.75;625.75;+0.52
2021-01-14;625.75;640.75;621;636.5;+1.72
2021-01-15;637.75;660;635.5;643;+1.02
2021-01-19;649.75;657;638.75;644;+0.16
2021-01-20;645.5;647.75;633.25;637;-1.09
2021-01-21;637;646.5;632.25;635.75;-0.20
2021-01-22;633.75;634.25;611.75;613.25;-3.54
2021-01-25;613.25;630.25;605.5;627.25;+2.28
2021-01-26;626;645.5;620.5;641;+2.19
2021-01-27;640.5;648;630.75;636.75;-0.66
2021-01-28;635.75;645.25;624;626;-1.69
2021-01-29;628;639.75;623.25;638;+1.92
2021-02-01;638.5;644;616.75;625.25;-2.00
2021-02-02;627;629.75;616.75;619;-1.00
2021-02-03;619;628.25;604.5;625.5;+1.05
2021-02-04;625;630;614.5;618.75;-1.08
2021-02-05;616.75;629.75;612.75;625.25;+1.05
2021-02-08;627.75;642;626.25;639.5;+2.28
2021-02-09;642;644;625.5;633.5;-0.94
2021-02-10;634;635.25;610.75;614;-3.08
2021-02-11;614;625.5;609.25;611;-0.49
2021-02-12;612;624.25;612;616.75;+0.94
2021-02-16;628.75;639.5;625;637.5;+3.36
2021-02-17;639;640;619.75;624.5;-2.04
2021-02-18;623.5;639;623;636.75;+1.96
2021-02-19;637.25;645.5;627.75;631.75;-0.79
2021-02-22;632.75;645.25;632.75;644.5;+2.02
2021-02-23;645;645.5;635;641;-0.54
2021-02-24;642;657;639;656;+2.34
2021-02-25;654.25;656;637.25;644.25;-1.79
2021-02-26;637;637;624.75;624.75;-3.03
2021-03-01;629;629;614.25;614.25;-1.68
2021-03-02;620;630.75;620;627;+2.08
2021-03-03;616;617.5;615.5;617.5;-1.52
2021-03-04;616.5;616.5;612.75;612.75;-0.77
2021-03-05;617.25;617.25;617.25;617.25;+0.73
2021-03-08;611.75;615.5;611.75;613.25;-0.65
2021-03-09;618;618;618;618;+0.77
2021-03-10;605;608;605;608;-1.62
2021-03-11;597;597;593.75;595.75;-2.01
2021-03-12;595;595;595;595;-0.13
2021-03-15;604;609;598.25;606.75;+1.97
2021-03-16;605.75;609;591.25;608.25;+0.25
2021-03-17;606.5;609.25;600.25;601;-1.19
2021-03-18;600.5;601.75;585.5;587;-2.33
2021-03-19;587;590.25;580;585.5;-0.26
2021-03-22;587.5;587.5;574.25;578.25;-1.24
2021-03-23;577;587;566.5;582;+0.65
2021-03-24;582;582.75;575;576.25;-0.99
2021-03-25;576.25;577.5;565.5;566.75;-1.65
2021-03-26;566.75;572.5;562.5;568.25;+0.26
2021-03-29;569.25;570.25;558.25;569.5;+0.22
2021-03-30;569;569.25;556.25;558.5;-1.93
2021-03-31;559.25;587;553;575.75;+3.09
2021-04-01;577.75;582;559;565;-1.87
2021-04-05;563.25;573.75;561.75;563;-0.35
2021-04-06;565.25;567;553.5;555.5;-1.33
2021-04-07;556.25;566.25;555.25;563.25;+1.40
2021-04-08;563.5;580;563.5;576.5;+2.35
2021-04-09;578.75;592.5;576.75;586.5;+1.73
2021-04-12;586.5;588.5;575.75;579;-1.28
2021-04-13;580;587;576.25;584.75;+0.99
2021-04-14;584;608.75;584;603.5;+3.21
2021-04-15;604.25;610.75;596;607.75;+0.70
2021-04-16;607.75;616;601;609.25;+0.25
2021-04-19;610;618.5;609.5;612;+0.45
2021-04-20;612;635.75;609.25;620.75;+1.43
2021-04-21;623;636.5;618.5;630.75;+1.61
2021-04-22;630.75;670.75;630.75;667.5;+5.83
2021-04-23;667.25;675.75;660.75;673.25;+0.86
2021-04-26;674;712;674;701.75;+4.23
2021-04-27;703.5;734.75;695.75;704.25;+0.36
2021-04-28;703;711.75;682.25;689.25;-2.13
2021-04-29;687;695.25;674.5;688.5;-0.11
2021-04-30;687.5;698.25;681.25;698.25;+1.42
2021-05-03;687;690.25;682.5;682.5;-2.26
2021-05-04;683;691;680.5;691;+1.25
2021-05-05;709.75;709.75;709.75;709.75;+2.71
2021-05-06;709.5;717.75;709.5;717.75;+1.13
2021-05-07;724;727.75;724;727.75;+1.39
2021-05-10;713.25;713.25;695.5;695.5;-4.43
2021-05-11;707;707;702.5;702.5;+1.01
2021-05-12;682.75;682.75;682.75;682.75;-2.81
2021-05-13;677.5;677.5;652.25;652.25;-4.47
2021-05-14;651.75;651.75;651.75;651.75;-0.08
2021-05-17;657.75;659;643.25;652.25;+0.08
2021-05-18;653;670.5;642.5;647.75;-0.69
2021-05-19;647.75;649.5;619.25;633.75;-2.16
2021-05-20;639;643.5;622.25;625;-1.38
2021-05-21;625.25;627.5;615.75;624;-0.16
2021-05-24;618;620.25;606.25;615.25;-1.40
2021-05-25;617.5;620;597;604.5;-1.75
2021-05-26;604;606.5;588;598.75;-0.95
2021-05-27;600.75;629.5;599;626.25;+4.59
2021-05-28;627.75;629.5;610.75;613.25;-2.08
2021-06-01;623.25;653;621.5;637.5;+3.95
2021-06-02;636;646.75;625.5;633.75;-0.59
2021-06-03;634;646.75;617.5;624.25;-1.50
2021-06-04;623.75;639.75;622.5;636.5;+1.96
2021-06-07;645;654.5;627.25;630;-1.02
2021-06-08;632.25;650.25;628.5;632.5;+0.40
2021-06-09;633.25;637;621;635.75;+0.51
2021-06-10;636.25;647.25;630.5;640.25;+0.71
2021-06-11;639.75;642.75;624.25;638;-0.35
2021-06-14;635;636.5;612.5;628;-1.57
2021-06-15;627.75;628.25;602.25;612.75;-2.43
2021-06-16;613;622.75;608.5;610.75;-0.33
2021-06-17;611.75;613.25;583.75;585.25;-4.18
2021-06-18;586.25;616.25;585.5;606.5;+3.63
2021-06-21;607.5;611;587.5;599.75;-1.11
2021-06-22;605;612.5;595.25;596.5;-0.54
2021-06-23;599.75;618.75;598.25;612;+2.60
2021-06-24;610;614;598.75;606;-0.98
2021-06-25;605.5;615;596.75;600.25;-0.95
2021-06-28;600.25;623.25;600;618;+2.96
2021-06-29;620.25;635;614.25;619;+0.16
2021-06-30;617;650.25;607.25;650.25;+5.05
2021-07-01;653.5;661.5;630;631.5;-2.88
2021-07-02;632;632;608.75;611.25;-3.21
2021-07-06;599;599;573;575.5;-5.85
2021-07-07;577.25;586.75;573.25;581;+0.96
2021-07-08;580;593.75;580;590.25;+1.59
2021-07-09;588;603.5;588;599;+1.48
2021-07-12;622;622;604.75;616;+2.84
2021-07-13;607.5;625.75;607.5;612.5;-0.57
2021-07-14;617.5;617.5;617.5;617.5;+0.82
2021-07-15;626;641;623.5;640.25;+3.68
2021-07-16;639;660.75;637.5;651.5;+1.76
2021-07-19;658.25;668;649.25;652.25;+0.12
2021-07-20;652.75;674.25;652.75;660.25;+1.23
2021-07-21;660;670.5;660;668.75;+1.29
2021-07-22;665.5;666.75;644.75;653.75;-2.24
2021-07-23;650;660.5;639.25;646;-1.19
2021-07-26;649;649;631;639;-1.08
2021-07-27;641;655;635.5;641.5;+0.39
2021-07-28;641;660.75;640.75;659.5;+2.81
2021-07-29;659.5;677.75;658;674.5;+2.27
2021-07-30;673.25;679.5;664;673.25;-0.19
2021-08-02;672.25;705.75;672.25;703.5;+4.49
2021-08-03;701.5;711.75;695.25;707.5;+0.57
2021-08-04;705.5;719;692.5;694.25;-1.87
2021-08-05;692.25;702.25;687.75;691.5;-0.40
2021-08-06;691.5;708.25;689;705.75;+2.06
2021-08-09;704.75;712;696.75;701.5;-0.60
2021-08-10;700.75;718;699.5;714.25;+1.82
2021-08-11;713;718;705.25;710.25;-0.56
2021-08-12;709;747;706.5;738.75;+4.01
2021-08-13;736;756.25;732;742.25;+0.47
2021-08-16;742;749;734.75;736.5;-0.77
2021-08-17;738;740.75;713.25;716.75;-2.68
2021-08-18;716.5;725.5;703.75;723.75;+0.98
2021-08-19;722.5;722.75;707;715.5;-1.14
2021-08-20;715.5;718.75;695.25;702;-1.89
2021-08-23;699.75;715.75;697.25;704.25;+0.32
2021-08-24;706.75;709.5;696;704.25;0.00
2021-08-25;704.25;708.25;696.5;702;-0.32
2021-08-26;702;717;700;715.5;+1.92
2021-08-27;715.5;723;709;712.25;-0.45
2021-08-30;715.25;724.75;701;704.25;-1.12
2021-08-31;701.75;707.5;688.5;705.25;+0.14
2021-09-01;705;705;695.25;695.25;-1.42
2021-09-02;695.25;701.25;694.25;701.25;+0.86
2021-09-03;702;715.25;701.5;715.25;+2.00
2021-09-07;703.5;709.75;703.5;709.75;-0.77
2021-09-08;703;704;697;697;-1.80
2021-09-09;684;684.5;676.5;676.5;-2.94
2021-09-10;675.25;676.25;673;676.25;-0.04
2021-09-13;672.75;684;666.25;678.25;+0.30
2021-09-14;686.5;686.5;686.5;686.5;+1.22
2021-09-15;701.75;717.25;698.5;716;+4.30
2021-09-16;715.5;722;710.5;720.5;+0.63
2021-09-17;720.5;723;712.25;713;-1.04
2021-09-20;712.5;715;697;700;-1.82
2021-09-21;700;701.75;686.25;690.5;-1.36
2021-09-22;690;706.75;688.5;706;+2.24
2021-09-23;706.5;721.5;705.75;720;+1.98
2021-09-24;720;723.75;713.25;719.75;-0.03
2021-09-27;717.5;724.5;717.5;720.75;+0.14
2021-09-28;719.25;725.5;703;705;-2.19
2021-09-29;707.5;715.25;707.5;711.75;+0.96
2021-09-30;711.75;737.75;703.5;731.75;+2.81
2021-10-01;730.5;761.75;728;759.5;+3.79
2021-10-04;755.25;764.25;751.25;754.25;-0.69
2021-10-05;753.75;754.25;738;741;-1.76
2021-10-06;741.5;753.25;738.75;745;+0.54
2021-10-07;745;751;738.75;741.25;-0.50
2021-10-08;740.25;747.75;735.25;737.5;-0.51
2021-10-11;735.75;742;733.75;734.5;-0.41
2021-10-12;734;748;726;739.75;+0.71
2021-10-13;740.5;742;716;721.75;-2.43
2021-10-14;721.75;735.75;721;731;+1.28
2021-10-15;731;748;729.5;743.75;+1.74
2021-10-18;744.25;749.75;741.25;749;+0.71
2021-10-19;746.5;757.25;745.25;748.25;-0.10
2021-10-20;748.5;760.75;747.75;759.75;+1.54
2021-10-21;759;762.5;743.25;747.75;-1.58
2021-10-22;750;775;750;774;+3.51
2021-10-25;774;782.25;768.5;777.75;+0.48
2021-10-26;781.75;790;766.5;777.25;-0.06
2021-10-27;774.75;786.5;771.5;782.75;+0.71
2021-10-28;781.25;797.25;776;790;+0.93
2021-10-29;790;794.25;778.5;785.75;-0.54
2021-11-01;787.75;809.5;779.75;806.5;+2.64
2021-11-02;807.25;814.5;796.25;798.25;-1.02
2021-11-03;796.5;802;786.25;790.75;-0.94
2021-11-04;790.75;804;782.25;786;-0.60
2021-11-05;786.75;791.25;778;778.75;-0.92
2021-11-08;778.75;785.5;774;780.75;+0.26
2021-11-09;781.25;796.5;776.5;793.5;+1.63
2021-11-10;797.25;819;791.75;817.5;+3.02
2021-11-11;817.5;838.75;814.75;828;+1.28
2021-11-12;828;843.5;818.25;833;+0.60
2021-11-15;833;839.25;824.25;836;+0.36
2021-11-16;836;837.25;816.25;820.75;-1.82
2021-11-17;822.25;840.5;821.5;834;+1.61
2021-11-18;834.75;849.75;826.75;827.25;-0.81
2021-11-19;827.75;839.75;820.25;834.75;+0.91
2021-11-22;839.75;865.25;838.5;861.75;+3.23
2021-11-23;862;879.5;857.25;878.75;+1.97
2021-11-24;878.75;887.25;865.75;873.25;-0.63
2021-11-26;855.5;870.25;845;865;-0.94
2021-11-29;875.25;881.75;847.5;854;-1.27
2021-11-30;852.5;852.5;817;819;-4.10
2021-12-01;824.25;824.25;810.25;814.25;-0.58
2021-12-02;829.5;841.25;829.5;838.5;+2.98
2021-12-03;832;841;821.5;822;-1.97
2021-12-06;824;824;807;821.5;-0.06
2021-12-07;821;827.25;819;827.25;+0.70
2021-12-08;822;822;805.75;810.25;-2.06
2021-12-09;810.5;810.5;793.75;794.5;-1.94
2021-12-10;801.5;801.5;801.5;801.5;+0.88
2021-12-13;804.25;813.25;804.25;808.5;+0.87
2021-12-14;806.75;821;798.5;805.25;-0.40
2021-12-15;811.5;811.5;781;785.5;-2.45
2021-12-16;785.5;807.25;781.75;803.75;+2.32
2021-12-17;803;817;800.75;810;+0.78
2021-12-20;814.25;814.25;793.75;813.25;+0.40
2021-12-21;813.5;844.5;811.75;841.5;+3.47
2021-12-22;839.75;856.5;830.25;853.75;+1.46
2021-12-23;852.5;863.75;850;861.5;+0.91
2021-12-27;864.25;871;845.5;847;-1.68
2021-12-28;847.5;850.75;820.25;821.75;-2.98
2021-12-29;822.5;829.5;811.25;824.5;+0.33
2021-12-30;826.25;829;808.5;812.75;-1.43
2021-12-31;813;820.25;798.5;801.5;-1.38
2022-01-03;805.25;817;785.5;791.5;-1.25
2022-01-04;793.5;805.25;792;804;+1.58
2022-01-05;804;807.5;782.75;787;-2.11
2022-01-06;787;787;762;768.5;-2.35
2022-01-07;769.5;776;754.5;775;+0.85
2022-01-10;776.5;779.75;761;778.25;+0.42
2022-01-11;778;793;775.75;791.75;+1.73
2022-01-12;790.75;793.5;775.25;778;-1.74
2022-01-13;776;777;757.75;759.75;-2.35
2022-01-14;759.75;759.75;743.75;745;-1.94
2022-01-18;746.5;775;745;772.75;+3.72
2022-01-19;775;800.5;775;800;+3.53
2022-01-20;799;806.5;787.5;796.5;-0.44
2022-01-21;795.75;803;786.25;793.25;-0.41
2022-01-24;805;819.25;794.25;818;+3.12
2022-01-25;819.25;849.25;818.25;834.5;+2.02
2022-01-26;833.5;833.75;804.75;815.75;-2.25
2022-01-27;814;816;791;793.5;-2.73
2022-01-28;793.5;810.75;790;802.25;+1.10
2022-01-31;807.25;817;777;781.25;-2.62
2022-02-01;780.75;793.5;776.25;786.25;+0.64
2022-02-02;786;797;765.75;769.5;-2.13
2022-02-03;766;773.25;753.25;769;-0.06
2022-02-04;771;788.5;769.25;785.75;+2.18
2022-02-07;796.25;799.25;782.25;791.75;+0.76
2022-02-08;793;803.25;777.25;801.25;+1.20
2022-02-09;801.25;818.25;794.75;815;+1.72
2022-02-10;816;830;794.75;801;-1.72
2022-02-11;800.25;831;791.5;824.25;+2.90
2022-02-14;826;844.25;810;828.5;+0.52
2022-02-15;830;830.25;797.25;806;-2.72
2022-02-16;805;813.25;799.5;808;+0.25
2022-02-17;806;825.5;803.5;823;+1.86
2022-02-18;821.75;850;815.75;835.25;+1.49
2022-02-22;854;884.5;845.75;881.75;+5.57
2022-02-23;881;917.5;871.25;913.5;+3.60
2022-02-24;915;963.5;912.25;963;+5.42
2022-02-25;953;971.75;877.5;886.75;-7.92
2022-02-28;916;963.75;916;954.25;+7.61
2022-03-01;983.5;1014.25;983.5;1012;+6.05
2022-03-02;1043.5;1073.5;1043.5;1073.5;+6.08
2022-03-03;1135;1140.25;1111.5;1140.25;+6.22
2022-03-04;1162;1200.75;1162;1200.75;+5.31
2022-03-07;1225.75;1247.5;1225.75;1237.75;+3.08
2022-03-08;1190;1190;1186;1186;-4.18
2022-03-09;1106.25;1106.25;1106.25;1106.25;-6.72
2022-03-10;1066.25;1066.25;1052.25;1052.25;-4.88
2022-03-11;1075.75;1075.75;1075.75;1075.75;+2.23
2022-03-14;1079.25;1079.25;1079.25;1079.25;+0.33
2022-03-15;1103;1164.5;1090.75;1157.5;+7.25
2022-03-16;1158;1160.25;1072.5;1072.5;-7.34
2022-03-17;1062;1100.75;1040;1092.25;+1.84
2022-03-18;1086.75;1097.25;1055.75;1070.5;-1.99
2022-03-21;1079;1148.5;1070.25;1113.25;+3.99
2022-03-22;1114.5;1156.5;1106.25;1116.5;+0.29
2022-03-23;1116.5;1139.75;1105;1111.5;-0.45
2022-03-24;1111;1121;1090.5;1095;-1.48
2022-03-25;1096.5;1116;1074.25;1110.75;+1.44
2022-03-28;1101.5;1103.25;1058.75;1070.5;-3.62
2022-03-29;1064;1078.75;993;1024.5;-4.30
2022-03-30;1024;1058.75;1014.75;1044.5;+1.95
2022-03-31;1047;1089.25;1028.25;1029.75;-1.41
2022-04-01;1032;1052.75;1012;1013;-1.63
2022-04-04;1019.25;1044.75;1016.5;1037.75;+2.44
2022-04-05;1048.5;1099.25;1047.75;1082.75;+4.34
2022-04-06;1083.25;1095.5;1061.5;1085;+0.21
2022-04-07;1089.5;1090.25;1068.25;1070.75;-1.31
2022-04-08;1074.25;1109.5;1065.5;1106.75;+3.36
2022-04-11;1109.75;1157.25;1109.25;1141.5;+3.14
2022-04-12;1137;1176;1134;1162.25;+1.82
2022-04-13;1162.25;1179.5;1140.75;1174;+1.01
2022-04-14;1170.5;1186.25;1151.25;1154;-1.70
2022-04-18;1154;1193.5;1154;1185;+2.69
2022-04-19;1185.75;1198;1167.25;1171.5;-1.14
2022-04-20;1171;1186.25;1143.25;1163.25;-0.70
2022-04-21;1167.75;1168.25;1128.75;1137.75;-2.19
2022-04-22;1140.25;1151.25;1128.75;1142.75;+0.44
2022-04-25;1149.5;1156;1132.5;1145.25;+0.22
2022-04-26;1153.5;1173.25;1151.25;1157.75;+1.09
2022-04-27;1156;1159;1141.75;1148.25;-0.82
2022-04-28;1148.25;1156.25;1135;1136.25;-1.05
2022-04-29;1134.75;1140.5;1094.25;1094.25;-3.70
2022-05-02;1084.25;1100.25;1081.75;1086.75;-0.69
2022-05-03;1087;1095.25;1079;1081.75;-0.46
2022-05-04;1116;1121;1112.5;1112.5;+2.84
2022-05-05;1165.75;1165.75;1165.75;1165.75;+4.79
2022-05-06;1177;1181;1159.25;1159.25;-0.56
2022-05-09;1153.25;1153.25;1153.25;1153.25;-0.52
2022-05-10;1167;1168.25;1167;1168.25;+1.30
2022-05-11;1187.25;1191;1185;1186.25;+1.54
2022-05-12;1200;1254;1200;1254;+5.71
2022-05-13;1259;1270;1252.75;1252.75;-0.10
2022-05-16;1326.25;1352;1325;1352;+7.92
2022-05-17;1370.5;1379.25;1298.5;1367.75;+1.16
2022-05-18;1368;1368;1303;1324.5;-3.16
2022-05-19;1322.75;1345.25;1277.5;1295.25;-2.21
2022-05-20;1297.5;1300;1251.75;1252.75;-3.28
2022-05-23;1262.25;1282.25;1259;1276.5;+1.90
2022-05-24;1278.25;1291.5;1219.25;1237.75;-3.04
2022-05-25;1236;1239.75;1192;1233.25;-0.36
2022-05-26;1235;1249;1206.75;1228.5;-0.39
2022-05-27;1226.75;1251;1212;1235.25;+0.55
2022-05-31;1236.25;1237.25;1165.25;1165.5;-5.65
2022-06-01;1169.75;1177.5;1112.5;1128.25;-3.20
2022-06-02;1130.75;1163;1127.75;1143.5;+1.35
2022-06-03;1146;1157.5;1119;1121;-1.97
2022-06-06;1134.25;1184.75;1134.25;1170;+4.37
2022-06-07;1170;1177;1135.5;1149.25;-1.77
2022-06-08;1152.25;1168;1141.75;1155;+0.50
2022-06-09;1155.75;1163.5;1130;1153.75;-0.11
2022-06-10;1153.75;1167.75;1140;1162.5;+0.76
2022-06-13;1165;1183;1146.5;1161.75;-0.06
2022-06-14;1161.75;1161.75;1140;1142.25;-1.68
2022-06-15;1142.25;1145.25;1125.75;1133.25;-0.79
2022-06-16;1138.25;1159.5;1127;1148.5;+1.35
2022-06-17;1148;1152.75;1102.5;1105;-3.79
2022-06-21;1104;1108;1037;1041.25;-5.77
2022-06-22;1042.5;1066;1025.5;1039.25;-0.19
2022-06-23;1036.75;1037.75;1000.25;1005;-3.30
2022-06-24;1005.25;1022;991.75;992.5;-1.24
2022-06-27;992;1003.5;971.5;972.75;-1.99
2022-06-28;982.25;997;972.75;983.75;+1.13
2022-06-29;984;1003.25;981;985.25;+0.15
2022-06-30;988;999.5;948.75;948.75;-3.70
2022-07-01;950.5;955.25;907.5;911;-3.98
2022-07-05;910;910;857.5;860.25;-5.57
2022-07-06;860.5;883.75;836.5;849.25;-1.28
2022-07-07;874;893.5;872.25;891;+4.92
2022-07-08;914;950.75;914;950.75;+6.71
2022-07-11;967.5;968.5;920.25;920.25;-3.21
2022-07-12;910;910;872.75;872.75;-5.16
2022-07-13;889;889;867.25;867.25;-0.63
2022-07-14;867.25;867.25;867.25;867.25;0.00
2022-07-15;848.75;854;820;837.5;-3.43
2022-07-18;847.5;884.25;836.75;874;+4.36
2022-07-19;873.25;877.75;853;869.25;-0.54
2022-07-20;869.75;897.75;858;870.5;+0.14
2022-07-21;870;887;852.25;861.25;-1.06
2022-07-22;859.75;861.75;814.5;820.25;-4.76
2022-07-25;848;853;823.25;839.75;+2.38
2022-07-26;841;878.5;841;877;+4.44
2022-07-27;876;889;853;861.75;-1.74
2022-07-28;861.5;894.75;860;889.75;+3.25
2022-07-29;886.25;915.25;870.5;874.5;-1.71
2022-08-01;878;886.5;845.25;866.5;-0.91
2022-08-02;860;860.75;838.5;842.25;-2.80
2022-08-03;839.75;857.25;823.25;835.5;-0.80
2022-08-04;836;865.25;831;860.25;+2.96
2022-08-05;860;877.25;844.75;848.25;-1.39
2022-08-08;848;862.75;829.75;847.75;-0.06
2022-08-09;854.75;868.5;840.75;851.75;+0.47
2022-08-10;851.5;878.5;851.25;872.75;+2.47
2022-08-11;872;894.75;865.25;889.25;+1.89
2022-08-12;882.5;893.75;859.75;889.25;0.00
2022-08-15;882.75;886;858;882.75;-0.73
2022-08-16;875;892.75;868.5;871.75;-1.25
2022-08-17;872.5;885.25;841.25;851;-2.38
2022-08-18;851.75;853.5;807.5;812.5;-4.52
2022-08-19;812.5;847.25;812.5;844.75;+3.97
2022-08-22;844.75;869.25;837;865.25;+2.43
2022-08-23;864.5;904.25;862.5;882.5;+1.99
2022-08-24;882;906;880.5;896.25;+1.56
2022-08-25;896.25;907.25;866.5;869;-3.04
2022-08-26;864.75;888.75;861.75;883.25;+1.64
2022-08-29;886.25;922.5;873.25;912.5;+3.31
2022-08-30;912.75;915.75;895.25;908.75;-0.41
2022-08-31;908.75;924.25;894.25;924.25;+1.71
2022-09-01;924;928;863.5;863.5;-6.57
2022-09-02;872.75;883.25;871.5;871.5;+0.93
2022-09-06;879;879;879;879;+0.86
2022-09-07;920;931;901.5;901.5;+2.56
2022-09-08;902.25;902.25;893;893;-0.94
2022-09-09;934.75;934.75;929.25;929.25;+4.06
2022-09-12;929.25;937.25;926;937.25;+0.86
2022-09-13;946.75;949;943.75;944;+0.72
2022-09-14;954;963.5;954;961.5;+1.85
2022-09-15;947;958;922.75;926.25;-3.67
2022-09-16;925;944.25;910.25;935.25;+0.97
2022-09-19;934;934;896.25;909.75;-2.73
2022-09-20;908.75;964.75;906;963;+5.85
2022-09-21;953.75;982;944.25;967;+0.42
2022-09-22;964.25;989.75;951.75;979.5;+1.29
2022-09-23;976.75;980;945.75;950.5;-2.96
2022-09-26;950.5;961.5;926.75;929.5;-2.21
2022-09-27;928.25;964.25;928.25;943.25;+1.48
2022-09-28;946.5;977.5;935.25;976;+3.47
2022-09-29;974.5;986;959.5;966.75;-0.95
2022-09-30;971;1010.75;963.5;991.5;+2.56
2022-10-03;997;1009.75;981.25;988.75;-0.28
2022-10-04;990.75;1011;985.5;988.75;0.00
2022-10-05;988.75;1008.75;980.25;990.25;+0.15
2022-10-06;992;995;959.75;965;-2.55
2022-10-07;971.75;985;963.5;968.75;+0.39
2022-10-10;980.5;1037.5;978.75;1024.25;+5.73
2022-10-11;1018.25;1021.75;988.25;990.75;-3.27
2022-10-12;992.25;993.75;967;970;-2.09
2022-10-13;971;996.75;952.5;982.25;+1.26
2022-10-14;982;989.5;950.75;952.25;-3.05
2022-10-17;954;969.25;948;952;-0.03
2022-10-18;952;957.5;929;944.5;-0.79
2022-10-19;942.25;960.5;935;941.75;-0.29
2022-10-20;944.5;955;938.25;949.75;+0.85
2022-10-21;950;959.5;929.5;948.25;-0.16
2022-10-24;951;953.25;931.5;938;-1.08
2022-10-25;938;943;924;934.5;-0.37
2022-10-26;934.5;946.25;923;940.75;+0.67
2022-10-27;941;955.75;929.5;932.25;-0.90
2022-10-28;934;934.5;915.25;925;-0.78
2022-10-31;962;982.5;950;978.75;+5.81
2022-11-01;979;991;960.75;990;+1.15
2022-11-02;985.25;990.25;936;940.25;-5.03
2022-11-03;941.75;949.5;925.25;941.25;+0.11
2022-11-04;943.75;958.5;939;953.25;+1.27
2022-11-07;953.5;971.75;940.25;957.25;+0.42
2022-11-08;958.5;971;942.75;945.75;-1.20
2022-11-09;947;951.25;928.75;930;-1.67
2022-11-10;932.75;937.75;917;925.25;-0.51
2022-11-11;925;945.75;923;943.5;+1.97
2022-11-14;947.75;965.75;942.75;956.25;+1.35
2022-11-15;956;974.75;944.5;963;+0.71
2022-11-16;964.25;964.75;941.5;955.5;-0.78
2022-11-17;955;955.5;933;938;-1.83
2022-11-18;938;942.25;929;934.25;-0.40
2022-11-21;934.75;942;923.5;934.25;0.00
2022-11-22;933;939;924.25;925.5;-0.94
2022-11-23;926;934;911;930.25;+0.51
2022-11-25;930;938.5;919.75;922;-0.89
2022-11-28;921.5;924.75;898.25;904.75;-1.87
2022-11-29;903.25;915.25;896.25;901;-0.41
2022-11-30;903;919.25;901.5;913.25;+1.36
2022-12-01;908.5;911;895;903;-1.12
2022-12-02;874.5;887;865.5;882;-2.33
2022-12-05;888.5;891.25;854.75;854.75;-3.09
2022-12-06;850.75;850.75;844;845.75;-1.05
2022-12-07;866;866;864.5;864.5;+2.22
2022-12-08;864.5;864.5;860.5;860.5;-0.46
2022-12-09;850.75;850.75;850.75;850.75;-1.13
2022-12-12;880;880;880;880;+3.44
2022-12-13;891;891;883;883;+0.34
2022-12-14;869.75;869.75;869.75;869.75;-1.50
2022-12-15;850;866.75;844;860.5;-1.06
2022-12-16;858.5;864.25;843;844;-1.92
2022-12-19;845;849;830.75;843.5;-0.06
2022-12-20;845.5;859.5;842.75;847;+0.41
2022-12-21;846.75;866.75;844.25;864;+2.01
2022-12-22;862;873;861;866;+0.23
2022-12-23;865.25;877.5;863.25;874.75;+1.01
2022-12-27;878.75;894.75;868.75;879.25;+0.51
2022-12-28;880;891.75;875.5;882.25;+0.34
2022-12-29;881.75;884;861;866.5;-1.79
2022-12-30;866.75;894;864.75;888;+2.48
2023-01-03;880.25;888;862;869.25;-2.11
2023-01-04;872;872.25;836.5;840.75;-3.28
2023-01-05;841.75;849.25;832.5;839.75;-0.12
2023-01-06;841;846;830.5;832;-0.92
2023-01-09;835.25;842.75;827;828.5;-0.42
2023-01-10;828;828.5;803.25;811.75;-2.02
2023-01-11;810.75;823;805.25;822.25;+1.29
2023-01-12;823.5;839;810.5;835;+1.55
2023-01-13;832.25;847;832.25;843.75;+1.05
2023-01-17;843.75;858.5;828;855.75;+1.42
2023-01-18;853.5;866.25;839.75;841.5;-1.67
2023-01-19;840.75;849.75;831.5;832;-1.13
2023-01-20;832.5;849;823.5;848;+1.92
2023-01-23;842;844.5;811;819;-3.42
2023-01-24;821;842;818.5;833.75;+1.80
2023-01-25;835;852.5;833.75;843.25;+1.14
2023-01-26;841.75;870.75;841.25;864.75;+2.55
2023-01-27;863;873;853.5;869.25;+0.52
2023-01-30;871;883.5;869;873.75;+0.52
2023-01-31;873;882.5;859.25;878.75;+0.57
2023-02-01;878;885;871.25;884.25;+0.63
2023-02-02;882.75;892.75;870.5;880.75;-0.40
2023-02-03;878.25;890;868;873;-0.88
2023-02-06;872.5;886.5;869;876;+0.34
2023-02-07;875;888;870.5;885.75;+1.11
2023-02-08;885;898.5;883.25;896;+1.16
2023-02-09;895.25;898;877;879;-1.90
2023-02-10;878;913.25;877;909;+3.41
2023-02-13;910.25;916.25;896.25;912.25;+0.36
2023-02-14;908.5;921.5;904.25;906;-0.69
2023-02-15;906;909;888.5;894.5;-1.27
2023-02-16;892.75;901.75;892.5;898.5;+0.45
2023-02-17;900;908.25;896.5;906.5;+0.89
2023-02-21;909.5;915.25;902;904.25;-0.25
2023-02-22;904.25;908.25;875;876;-3.12
2023-02-23;876.25;879.75;859;861.75;-1.63
2023-02-24;862;864;831;841.75;-2.32
2023-02-27;842;843.5;818.25;823;-2.23
2023-02-28;823;826;813;815.75;-0.88
2023-03-01;818.25;823;818.25;821.25;+0.67
2023-03-02;823;832.5;823;832.25;+1.34
2023-03-03;837.5;839.5;822.5;822.5;-1.17
2023-03-06;808;818.5;804;804;-2.25
2023-03-07;811.75;811.75;805.5;805.5;+0.19
2023-03-08;806.5;806.5;806.5;806.5;+0.12
2023-03-09;786.25;786.25;786.25;786.25;-2.51
2023-03-10;799.5;811.25;799.5;811.25;+3.18
2023-03-13;813.5;813.5;813.5;813.5;+0.28
2023-03-14;813.5;813.5;813.5;813.5;0.00
2023-03-15;817;824.75;812.5;819.75;+0.77
2023-03-16;819;821.5;809.25;819.75;0.00
2023-03-17;819;837.75;817.25;835.75;+1.95
2023-03-20;830.25;833.75;820;829.75;-0.72
2023-03-21;829.25;843;815;820.25;-1.14
2023-03-22;818.5;822.75;791.25;811.25;-1.10
2023-03-23;813;831.5;810.25;819.75;+1.05
2023-03-24;819.75;861.25;814;848;+3.45
2023-03-27;848.75;870;840.25;860.25;+1.44
2023-03-28;860;874;855.75;872.5;+1.42
2023-03-29;869.5;896.5;867;870.5;-0.23
2023-03-30;870.5;881.25;865.25;871.5;+0.11
2023-03-31;870;887.75;864;877.75;+0.72
2023-04-03;887;902;874.5;875.25;-0.28
2023-04-04;876.25;888.25;868.25;872.5;-0.31
2023-04-05;870.5;874.5;853.25;861.5;-1.26
2023-04-06;862;877.5;860;864.5;+0.35
2023-04-10;876.75;882.5;862.75;876;+1.33
2023-04-11;878.75;886;864.25;868.25;-0.88
2023-04-12;868.75;881.75;861;863.5;-0.55
2023-04-13;861.5;863.25;839.5;845.25;-2.11
2023-04-14;846;881;840.25;878.75;+3.96
2023-04-17;884;891;862;889.75;+1.25
2023-04-18;887.5;898.75;876;881.25;-0.96
2023-04-19;882;883;861.25;861.75;-2.21
2023-04-20;862.5;865.25;836;840.25;-2.49
2023-04-21;842.5;847.25;826.5;840.75;+0.06
2023-04-24;846.25;852;831.5;833;-0.92
2023-04-25;833;835.75;810;818.25;-1.77
2023-04-26;818;821.75;792.25;793.5;-3.02
2023-04-27;796;798.5;769.5;778.75;-1.86
2023-04-28;782.75;814.75;778;807.25;+3.66
2023-05-01;810;810;788.25;788.25;-2.35
2023-05-02;796;796;771.25;771.25;-2.16
2023-05-03;819;831;819;828;+7.36
2023-05-04;843.25;848;843.25;845;+2.05
2023-05-05;886;886.5;879.75;879.75;+4.11
2023-05-08;904.75;910;891;891;+1.28
2023-05-09;900;906.5;900;906.5;+1.74
2023-05-10;932.5;932.5;905.5;905.5;-0.11
2023-05-11;891.75;891.75;891.75;891.75;-1.52
2023-05-12;891.75;891.75;891.75;891.75;0.00
2023-05-15;877.75;912.25;872.75;898.25;+0.73
2023-05-16;897;902;882.75;895.25;-0.33
2023-05-17;897;918.75;880.5;885.5;-1.09
2023-05-18;883.5;884;845.75;857;-3.22
2023-05-19;855.75;864.75;821.25;824.25;-3.82
2023-05-22;827;830.5;807.25;825.75;+0.18
2023-05-23;825.5;849.5;812.75;841.5;+1.91
2023-05-24;841;844.75;807.75;812.25;-3.48
2023-05-25;813;831.25;802.75;818;+0.71
2023-05-26;821.25;833.5;812.25;819.25;+0.15
2023-05-30;818.25;819;778.5;783.75;-4.33
2023-05-31;783;795.75;763.75;790.5;+0.86
2023-06-01;791;812.75;789.25;802.5;+1.52
2023-06-02;802.25;817;785.5;812.25;+1.21
2023-06-05;812.75;830.75;810.5;822.25;+1.23
2023-06-06;822;847.25;805.5;820.25;-0.24
2023-06-07;819.5;823.5;785.75;788;-3.93
2023-06-08;788;807.25;782;804.75;+2.13
2023-06-09;803.75;804.75;785.25;797.75;-0.87
2023-06-12;798.75;803.25;786.5;796.5;-0.16
2023-06-13;797;805;785;791.75;-0.60
2023-06-14;791.25;792.75;778;785.75;-0.76
2023-06-15;785;813.5;784;812.75;+3.44
2023-06-16;811;852.75;805.25;842;+3.60
2023-06-20;839.75;848;829;836;-0.71
2023-06-21;839.5;876.75;839.5;873.75;+4.52
2023-06-22;869;891.25;865.75;871;-0.31
2023-06-23;869;869.5;850.5;859;-1.38
2023-06-26;859;888;852.25;866.5;+0.87
2023-06-27;866.5;870.25;827.5;837.75;-3.32
2023-06-28;835.5;839.5;798.5;800.75;-4.42
2023-06-29;800.25;810;791.5;794.25;-0.81
2023-06-30;794.5;828.5;793.75;801.25;+0.88
2023-07-03;791;823.5;791;798.75;-0.31
2023-07-05;825;857;825;849.25;+6.32
2023-07-06;858;858.5;837;843.25;-0.71
2023-07-07;837;837;817.5;817.5;-3.05
2023-07-10;831;831;810.5;810.5;-0.86
2023-07-11;826;826.5;818.25;818.25;+0.96
2023-07-12;829;829;804.25;804.25;-1.71
2023-07-13;808.5;814;804;807.25;+0.37
2023-07-14;809.25;809.25;809.25;809.25;+0.25
2023-07-17;829;847.5;811;815.25;+0.74
2023-07-18;815;832.75;806.5;827.25;+1.47
2023-07-19;826.75;887.25;821.25;866.75;+4.77
2023-07-20;863;891;853;874.75;+0.92
2023-07-21;872;878;842;860.25;-1.66
2023-07-24;861.75;920.25;860.5;918.5;+6.77
2023-07-25;915.5;929.75;891.75;912.75;-0.63
2023-07-26;910.25;910.5;855.5;865.25;-5.20
2023-07-27;865;887.5;858.5;866.5;+0.14
2023-07-28;865.5;868;842.75;856.25;-1.18
2023-07-31;857.5;858;807;812.75;-5.08
2023-08-01;815;824;792.25;804.5;-1.02
2023-08-02;804;829.5;774.25;787;-2.18
2023-08-03;787;794.25;763.75;767.5;-2.48
2023-08-04;770.25;785;752;752.5;-1.95
2023-08-07;760.75;775;748.25;769.75;+2.29
2023-08-08;769;776.25;757.75;770.5;+0.10
2023-08-09;769.75;779.5;757;761.5;-1.17
2023-08-10;762;774.5;761;767;+0.72
2023-08-11;767;771;752;755.75;-1.47
2023-08-14;758.75;761;732.75;750.5;-0.69
2023-08-15;750.5;754.75;735.5;737.5;-1.73
2023-08-16;737.25;747.25;730.25;743;+0.75
2023-08-17;743;744.75;730.75;733;-1.35
2023-08-18;734;755.5;733.75;753.5;+2.80
2023-08-21;756.5;761.5;734.5;741;-1.66
2023-08-22;740;749.5;735.25;740;-0.13
2023-08-23;740.5;758.5;736.5;755;+2.03
2023-08-24;754.5;756.5;746.25;753;-0.26
2023-08-25;753;762.5;745.5;754;+0.13
2023-08-28;755;759;736.25;737.5;-2.19
2023-08-29;737;737.25;713.5;714.5;-3.12
2023-08-30;715;722.5;706.25;719.25;+0.66
2023-08-31;716.25;729;705;726.5;+1.01
2023-09-01;726.25;746;720.5;720.5;-0.83
2023-09-05;728;728;716;721.25;+0.10
2023-09-06;723.75;746.5;723.75;746.5;+3.50
2023-09-07;741.5;752.75;733.75;733.75;-1.71
2023-09-08;734.75;736.5;725;725;-1.19
2023-09-11;715;718;713.75;718;-0.97
2023-09-12;705;723.25;704;723.25;+0.73
2023-09-13;730.5;737.25;730.5;737.25;+1.94
2023-09-14;710.5;711;710.5;711;-3.56
2023-09-15;735.5;748.5;733;746.5;+4.99
2023-09-18;744.5;744.5;725;735;-1.54
2023-09-19;733;737.75;722.75;731;-0.54
2023-09-20;730.5;741;722;729;-0.27
2023-09-21;728.75;729.5;708.75;710.5;-2.54
2023-09-22;710.5;717.75;707;711.25;+0.11
2023-09-25;713;715.75;703;714.5;+0.46
2023-09-26;715;721.75;707;710.5;-0.56
2023-09-27;710.25;715.5;692;694.5;-2.25
2023-09-28;694;696.5;681;685;-1.37
2023-09-29;685;691.75;662;663.75;-3.10
2023-10-02;664.25;682.75;663.75;676.75;+1.96
2023-10-03;679.5;687.5;670.75;683.25;+0.96
2023-10-04;680.5;686;665.25;666.5;-2.45
2023-10-05;668;692.25;666.5;690.5;+3.60
2023-10-06;686.25;692.5;672;673.75;-2.43
2023-10-09;676.75;690.25;676.25;686;+1.82
2023-10-10;685.75;686.75;668;671.25;-2.15
2023-10-11;671.5;674;662.5;667.25;-0.60
2023-10-12;668;678.25;655.25;675;+1.16
2023-10-13;675.75;688;666.75;669;-0.89
2023-10-16;668.5;674;662.5;668.75;-0.04
2023-10-17;669;678.5;665;666.75;-0.30
2023-10-18;668.5;678;667.5;670.5;+0.56
2023-10-19;670.5;677.75;663.75;676.25;+0.86
2023-10-20;676.25;687.75;667.5;670;-0.92
2023-10-23;671;680.25;667.5;670.75;+0.11
2023-10-24;670.25;671.25;657;663;-1.16
2023-10-25;662.75;667.75;648.5;649;-2.11
2023-10-26;649;659.25;644;654.75;+0.89
2023-10-27;653.75;656.5;639.5;643;-1.79
2023-10-30;644;652.75;632.25;645;+0.31
2023-10-31;646;646.25;625.5;629.25;-2.44
2023-11-01;630.25;641;626;640;+1.71
2023-11-02;640;650.25;636;641.5;+0.23
2023-11-03;640;647.5;638.5;643.5;+0.31
2023-11-06;643.5;651.75;636.25;645.75;+0.35
2023-11-07;644.75;645.5;629.75;632.5;-2.05
2023-11-08;634;661.25;631.75;655;+3.56
2023-11-09;652.25;654.25;641.5;647.25;-1.18
2023-11-10;647;648.25;638.75;640;-1.12
2023-11-13;641.75;643.5;631.5;641.5;+0.23
2023-11-14;641;649.5;637;639.75;-0.27
2023-11-15;639.25;649;634.25;639.75;0.00
2023-11-16;639;644;626.75;627.25;-1.95
2023-11-17;627.75;629.75;613.75;618;-1.47
2023-11-20;619.25;621.5;607;610.5;-1.21
2023-11-21;611;620.25;607.5;615.75;+0.86
2023-11-22;615;623.5;613.25;614.5;-0.20
2023-11-24;612.5;612.5;599.25;602;-2.03
2023-11-27;602.5;609;588.5;590;-1.99
2023-11-28;590.5;615;587.5;613;+3.90
2023-11-29;613;641.75;611.5;640;+4.40
2023-11-30;635.25;645;631.25;643.25;+0.51
2023-12-01;643;646.75;632.5;645;+0.27
2023-12-04;644.75;657;644.75;656.25;+1.74
2023-12-05;664;665.25;649;657.5;+0.19
2023-12-06;658.25;666.75;650.75;650.75;-1.03
2023-12-07;669.75;673;662.25;662.25;+1.77
2023-12-08;656.25;669;653.25;655.75;-0.98
2023-12-11;627;627;627;627;-4.38
2023-12-12;662;662;651.5;651.5;+3.91
2023-12-13;638.75;638.75;626.75;626.75;-3.80
2023-12-14;626.75;626.75;626.75;626.75;0.00
2023-12-15;636;643.5;631.25;642.75;+2.55
2023-12-18;643.5;643.5;624;627.75;-2.33
2023-12-19;629;643.25;623;641.5;+2.19
2023-12-20;641;644.75;624;625;-2.57
2023-12-21;626.5;632.75;619.25;626.75;+0.28
2023-12-22;626.5;633.5;622;623;-0.60
2023-12-26;622.5;647.5;620.25;642.75;+3.17
2023-12-27;642;643;627.25;635;-1.21
2023-12-28;634.25;647;633.25;643.75;+1.38
2023-12-29;643;648.5;637.25;642;-0.27
2024-01-02;640.5;642;626.25;629;-2.02
2024-01-03;630.25;631.75;615.5;621.5;-1.19
2024-01-04;621.5;627.25;611.5;625.75;+0.68
2024-01-05;624.75;636;623.5;628;+0.36
2024-01-08;628.25;629.75;609.25;615.25;-2.03
2024-01-09;615.5;633.75;614;627;+1.91
2024-01-10;627;627;618.25;624.5;-0.40
2024-01-11;624.25;629.25;613.5;616;-1.36
2024-01-12;616.75;622.5;607;615.25;-0.12
2024-01-16;614;622.5;600.25;601.5;-2.23
2024-01-17;602.25;609;593;594;-1.25
2024-01-18;594.75;607;586.75;605.25;+1.89
2024-01-19;605;617.25;604;608;+0.45
2024-01-22;609.25;611.5;601;607;-0.16
2024-01-23;608;624.75;604.5;617.5;+1.73
2024-01-24;617;627.75;616.25;625.75;+1.34
2024-01-25;624;637.75;624;637;+1.80
2024-01-26;637;641;619.25;624.75;-1.92
2024-01-29;625.5;626.75;607.25;618.25;-1.04
2024-01-30;617.5;632.75;612;630.75;+2.02
2024-01-31;629.75;630;617;622;-1.39
2024-02-01;621.75;624.5;613;620.75;-0.20
2024-02-02;620;634.5;618.5;625;+0.68
2024-02-05;626;626;610.75;614;-1.76
2024-02-06;614;622.25;611.75;618.5;+0.73
2024-02-07;617;626;613;618.25;-0.04
2024-02-08;617.25;619;597.25;601;-2.79
2024-02-09;602.25;611.75;594.75;601.5;+0.08
2024-02-12;601.5;605.75;595.5;598.75;-0.46
2024-02-13;598.5;599.25;591.25;594.5;-0.71
2024-02-14;595;595.5;579.25;587.75;-1.14
2024-02-15;587;590;573.5;575.75;-2.04
2024-02-16;575.75;576.5;563;567.25;-1.48
2024-02-20;566.75;588;565.25;585.75;+3.26
2024-02-21;585;586.25;573.75;577.25;-1.45
2024-02-22;577;594;572.75;574;-0.56
2024-02-23;574.25;579;565.25;568.75;-0.91
2024-02-26;569.5;585.5;561.5;583.75;+2.64
2024-02-27;584;597.25;583.5;593.5;+1.67
2024-02-28;593.25;600.5;580.25;595.5;+0.34
2024-02-29;602.25;603;588.25;602.75;+1.22
2024-03-01;601.5;602;580;580;-3.77
2024-03-04;602.5;602.5;602.5;602.5;+3.88
2024-03-05;591.5;591.5;591.5;591.5;-1.83
2024-03-06;576.25;576.25;576.25;576.25;-2.58
2024-03-07;594.75;594.75;594;594.75;+3.21
2024-03-08;594.5;608.5;594.5;608.5;+2.31
2024-03-11;607;618.5;607;618.5;+1.64
2024-03-12;618.5;626;618.5;623.25;+0.77
2024-03-13;618.25;618.25;613.5;613.5;-1.56
2024-03-14;613.5;613.5;613.5;613.5;0.00
2024-03-15;575.5;577.5;561;566.25;-7.70
2024-03-18;568;578.75;563.5;573.75;+1.32
2024-03-19;574.75;587.5;571.5;582.75;+1.57
2024-03-20;582;584.25;567.25;580.5;-0.39
2024-03-21;581.25;588;574.75;581.75;+0.22
2024-03-22;581.5;592.75;572.5;590.5;+1.50
2024-03-25;592.75;601.75;584.75;589.5;-0.17
2024-03-26;589;590.75;576.5;577.25;-2.08
2024-03-27;577.25;580.75;572.25;578.25;+0.17
2024-03-28;578.25;594;575.75;585.25;+1.21
2024-04-01;585.25;587.75;564.25;575.5;-1.67
2024-04-02;575.75;580.5;563;563.25;-2.13
2024-04-03;565.25;582;560.5;580.5;+3.06
2024-04-04;580;588.5;574.75;577.5;-0.52
2024-04-05;577.5;591.25;575;582.25;+0.82
2024-04-08;584;595.25;579.75;585.25;+0.52
2024-04-09;585;585;571;577.25;-1.37
2024-04-10;577;596.75;576.25;594.5;+2.99
2024-04-11;592.75;597.25;581.5;583.25;-1.89
2024-04-12;584;591.25;579.75;589.75;+1.11
2024-04-15;589.25;590.75;578.25;584;-0.97
2024-04-16;584.75;591.5;578.75;587.5;+0.60
2024-04-17;586.75;589.25;572.25;572.75;-2.51
2024-04-18;574;583.25;572.25;577.25;+0.79
2024-04-19;576.25;592.25;574.75;581.5;+0.74
2024-04-22;580.75;606.75;580.25;597.5;+2.75
2024-04-23;598.25;611.5;598.25;608.75;+1.88
2024-04-24;608;629;606.75;624.25;+2.55
2024-04-25;622.5;635.25;621;632;+1.24
2024-04-26;630.25;655;627.5;646.25;+2.25
2024-04-29;642.75;656.25;640;643.75;-0.39
2024-04-30;651.75;660.5;622.75;622.75;-3.26
2024-05-01;619.5;628;617;625.5;+0.44
2024-05-02;637;637;637;637;+1.84
2024-05-03;675;675;660;660;+3.61
2024-05-06;692.25;702.5;685;685;+3.79
2024-05-07;677;677;670;673.75;-1.64
2024-05-08;675;675;658.25;658.25;-2.30
2024-05-09;675;675.75;675;675.75;+2.66
2024-05-10;697.25;697.25;697.25;697.25;+3.18
2024-05-13;724;724;724;724;+3.84
2024-05-14;724;724;724;724;0.00
2024-05-15;684;706.75;674;675;-6.77
2024-05-16;674;691.5;671.25;673.25;-0.26
2024-05-17;673.25;685.5;660.25;661.75;-1.71
2024-05-20;662;700.75;662;696.75;+5.29
2024-05-21;696;706.5;689.25;701.5;+0.68
2024-05-22;701;719.25;696.5;699.5;-0.29
2024-05-23;700.75;715.25;690;710.75;+1.61
2024-05-24;714;725.25;710.5;721.25;+1.48
2024-05-28;734.25;746.25;722.25;731.25;+1.39
2024-05-29;731.5;733.5;715.5;719.75;-1.57
2024-05-30;719.25;720.5;704;709.5;-1.42
2024-05-31;709;723.25;704;708.75;-0.11
2024-06-03;713;728.5;697.5;700;-1.23
2024-06-04;699.5;705.25;686.25;687.25;-1.82
2024-06-05;687.25;693.75;672.75;676.25;-1.60
2024-06-06;677.75;689.5;672.5;678;+0.26
2024-06-07;677;677.25;655.5;665.75;-1.81
2024-06-10;665.25;665.25;642.25;643.75;-3.30
2024-06-11;643.25;659.75;639.5;655;+1.75
2024-06-12;653;654;634;637.25;-2.71
2024-06-13;635;641.5;629;636.75;-0.08
2024-06-14;636;639.5;625.25;627.5;-1.45
2024-06-17;626.25;626.5;604;605.5;-3.51
2024-06-18;605.5;608.25;598.75;600.75;-0.78
2024-06-20;601;603;585.75;592;-1.46
2024-06-21;593.25;596.25;580;581.25;-1.82
2024-06-24;581.5;585;571.75;581.5;+0.04
2024-06-25;582.25;585.25;573.25;576;-0.95
2024-06-26;576;590;572.5;580;+0.69
2024-06-27;578;600;575;592;+2.07
2024-06-28;588.75;596.25;578;587.5;-0.76
2024-07-01;587.5;602.75;586.5;602.75;+2.60
2024-07-02;595.75;598.75;592;593;-1.62
2024-07-03;593;594;581.5;581.5;-1.94
2024-07-05;593.75;595.25;593.75;595.25;+2.36
2024-07-08;590.75;591;572;573.5;-3.65
2024-07-09;584.75;586;581;581;+1.31
2024-07-10;573;576.25;566.75;573;-1.38
2024-07-11;605;605;591.25;591.25;+3.18
2024-07-12;598;604;598;604;+2.16
2024-07-15;569;571.75;550.25;555.5;-8.03
2024-07-16;555;560.5;545.75;550.25;-0.95
2024-07-17;548.5;567.75;547;561;+1.95
2024-07-18;560.25;569.25;555.5;562.75;+0.31
2024-07-19;560.25;579.5;557;570;+1.29
2024-07-22;570.25;578.25;567;571.75;+0.31
2024-07-23;571;576.75;562.25;566.75;-0.87
2024-07-24;566;575.75;560;567.5;+0.13
2024-07-25;565.5;569.75;555.5;561.5;-1.06
2024-07-26;561;566.25;544.5;545.5;-2.85
2024-07-29;546;555.25;540.75;553.5;+1.47
2024-07-30;551.75;553.75;535.5;550.25;-0.59
2024-07-31;548.75;557.75;539;549;-0.23
2024-08-01;547.25;557.5;543;554.5;+1.00
2024-08-02;553.75;562.75;550.5;559.75;+0.95
2024-08-05;559;562.5;544.75;560.25;+0.09
2024-08-06;560.25;566;552;561.5;+0.22
2024-08-07;561;567.5;552.25;555.5;-1.07
2024-08-08;555;561.75;548.25;551.5;-0.72
2024-08-09;550.25;565.25;549.75;554;+0.45
2024-08-12;552.75;558.75;540;548.25;-1.04
2024-08-13;551.5;552;541;547.75;-0.09
2024-08-14;547;552;542;546.25;-0.27
2024-08-15;547.25;557.75;535.5;537;-1.69
2024-08-16;536.25;543;531.25;539.75;+0.51
2024-08-19;539.75;545;534.5;540.75;+0.19
2024-08-20;539.75;548;538;546;+0.97
2024-08-21;545.75;549.75;533.25;536.25;-1.79
2024-08-22;536.5;540.5;521.25;529.25;-1.31
2024-08-23;531;533.5;519.25;520;-1.75
2024-08-26;522;525.5;512;525;+0.96
2024-08-27;524.5;544;521.75;538.75;+2.62
2024-08-28;537.25;547.5;533.75;544.75;+1.11
2024-08-29;545;547;535;545.5;+0.14
2024-08-30;544;555;544;552.5;+1.28
2024-09-03;555.5;567.25;554.25;566.5;+2.53
2024-09-04;567.5;585.25;567.5;585.25;+3.31
2024-09-05;584.75;587;580;581;-0.73
2024-09-06;589.75;589.75;562.5;569.75;-1.94
2024-09-09;578;578;574;574.75;+0.88
2024-09-10;579.75;579.75;579.75;579.75;+0.87
2024-09-11;570;580.75;570;580.75;+0.17
2024-09-12;578.5;578.5;578.5;578.5;-0.39
2024-09-13;578.5;578.5;578.5;578.5;0.00
2024-09-16;598.75;600;577.1;578.25;-0.04
2024-09-17;578.3;583.98;571.5;576.5;-0.30
2024-09-18;576.5;582.68;573.16;576;-0.09
2024-09-19;575.8;577.02;563.7;566.5;-1.65
2024-09-20;566.5;575.81;565.28;569.5;+0.53
2024-09-23;570.29;586.53;569.01;581.5;+2.11
2024-09-24;581.55;588.75;574.25;578.75;-0.47
2024-09-25;578.54;590.94;573.91;590;+1.94
2024-09-26;590;596.3;582.43;583.5;-1.10
2024-09-27;583.29;583.79;575.5;580;-0.60
2024-09-30;579.28;590.4;575.55;583.5;+0.60
2024-10-01;583.3;601.95;576.91;597.25;+2.36
2024-10-02;597.04;616.87;596.19;613.25;+2.68
2024-10-03;613.3;620.25;600.92;604;-1.51
2024-10-04;603.79;607.75;586.68;590.25;-2.28
2024-10-07;590.56;602.5;584.15;593.5;+0.55
2024-10-08;593.5;598.82;587.74;593.7;+0.03
2024-10-09;593.7;608.75;593.7;600.75;+1.19
2024-10-10;600.75;609.31;598.64;602.75;+0.33
2024-10-11;602.75;611.18;592.26;599.5;-0.54
2024-10-14;599.29;601.03;583.69;586.5;-2.17
2024-10-15;586.5;587.27;577.98;581.25;-0.90
2024-10-16;581.25;586.97;575.41;584.25;+0.52
2024-10-17;584.25;591.26;576.35;590;+0.98
2024-10-18;590;595.48;569.97;573;-2.88
2024-10-21;572.05;584.28;570.72;572.75;-0.04
2024-10-22;572.75;586.75;565.96;576;+0.57
2024-10-23;576;584;566.71;578.5;+0.43
2024-10-24;578.5;585.75;575.29;581.75;+0.56
2024-10-25;581.75;585.3;565.79;569.5;-2.11
2024-10-28;568.3;571.54;558.01;559.25;-1.80
2024-10-29;559.25;572.71;558.18;571.75;+2.24
2024-10-30;571.75;580.74;564.27;572.75;+0.17
2024-10-31;572.75;578.25;563.53;572;-0.13
2024-11-01;572;576.93;564.51;567.25;-0.83
2024-11-04;567.53;582.75;565.51;568.7;+0.26
2024-11-05;567.75;574.56;565.43;569.5;+0.14
2024-11-06;569.5;577.25;562.28;573.98;+0.79
2024-11-07;572.25;579.32;564.77;569.75;-0.74
2024-11-08;569.75;578.47;566.21;571.75;+0.35
2024-11-11;572.22;572.76;551.57;565.25;-1.14
2024-11-12;565.25;568.85;548.94;553.15;-2.14
2024-11-13;550.75;553.53;536.4;541.75;-2.06
2024-11-14;541.75;553.75;527.86;531.36;-1.92
2024-11-15;528.75;541.11;528.75;536.5;+0.97
2024-11-18;537.54;551.04;536.5;546.86;+1.93
2024-11-19;550;571.75;545.54;549.75;+0.53
2024-11-20;549.75;555.3;543.46;552.5;+0.50
2024-11-21;552.5;557.15;547.77;549;-0.63
2024-11-22;549;550.42;542.53;544.25;-0.87
2024-11-25;543.03;547.23;529.52;532;-2.25
2024-11-26;532;543.49;530;539.09;+1.33
2024-11-27;540.25;553.5;530.89;533.75;-0.99
2024-11-28;533.75;537.75;533.75;537.75;+0.75
2024-11-29;537.75;547.04;527.01;531.75;-1.12
2024-12-02;540.04;540.04;527.2;538.52;+1.27
2024-12-03;539.5;548;527.22;537.26;-0.23
2024-12-04;544.75;544.75;527.17;535.75;-0.28
2024-12-05;535.75;548.5;527.13;546.52;+2.01
2024-12-06;535.5;554;533.53;546;-0.10
2024-12-09;542.5;556.25;534.04;540.24;-1.05
2024-12-10;540.24;565.5;531.77;545;+0.88
2024-12-11;545;552.78;538.73;540.5;-0.83
2024-12-12;552.5;566.25;529.48;532.1;-1.55
2024-12-13;533.25;562.25;531.98;551.75;+3.69
2024-12-16;551.79;559.27;548.67;549.3;-0.44
2024-12-17;549.75;552.75;543.19;544;-0.96
2024-12-18;544;554.22;539.92;541.17;-0.52
2024-12-19;542.25;546;530.48;532.02;-1.69
2024-12-20;532.75;537.48;529.22;534.25;+0.42
2024-12-23;533.05;543.65;532.51;540.21;+1.12
2024-12-24;540.86;541.24;534.03;535;-0.96
2024-12-25;535.05;535.05;534.97;535.02;0.00
2024-12-26;535.01;544.04;533.74;540.25;+0.98
2024-12-27;540.25;547.54;537.62;546.25;+1.11
2024-12-30;547.26;554.3;544.33;547;+0.14
2024-12-31;547;552.69;546.57;551.02;+0.73
2025-01-01;549;551.04;549;551.02;0.00
2025-01-02;551.02;551.78;542.47;546.5;-0.82
2025-01-03;546.5;546.78;527.47;529.25;-3.16
2025-01-06;528.51;543.79;528.5;541.5;+2.31
2025-01-07;541.5;556.5;535.31;542.55;+0.19
2025-01-08;543.5;553.5;534.34;536.5;-1.12
2025-01-09;536.5;539.13;529.51;532.78;-0.69
2025-01-10;532.78;540.62;526.18;530.5;-0.43
2025-01-13;529.76;545;528.53;544.96;+2.73
2025-01-14;545.3;560.25;543.59;546.45;+0.27
2025-01-15;545.75;550.74;542.1;545.5;-0.17
2025-01-16;545.5;552.5;536.8;537.31;-1.50
2025-01-17;538;542.04;533.39;539.75;+0.45
2025-01-20;539.01;539.8;538.75;539.72;-0.01
2025-01-21;539.72;561.48;539.7;557.71;+3.33
2025-01-22;559.25;566.75;551.22;555.5;-0.40
2025-01-23;555.5;558.68;548.21;554.29;-0.22
2025-01-24;554.5;554.77;541.37;544;-1.86
2025-01-27;544.03;544.3;531.8;534.75;-1.70
2025-01-28;534.75;548.31;533.71;546;+2.10
2025-01-29;546;570.25;544.51;563.75;+3.25
2025-01-30;563.75;569.76;559.09;566.3;+0.45
2025-01-31;566.5;569.03;551.89;560.75;-0.98
2025-02-03;561.01;573.19;550.51;568;+1.29
2025-02-04;566.55;590;558.25;577.48;+1.67
2025-02-05;577.25;584.22;568.97;570.25;-1.25
2025-02-06;570.25;606;568.71;587.85;+3.09
2025-02-07;587.25;592.34;579.44;581.5;-1.08
2025-02-10;582.02;586.06;576.46;579.47;-0.35
2025-02-11;578.5;588;575.48;575.99;-0.60
2025-02-12;577.25;584.41;572.69;574.75;-0.22
2025-02-13;574.75;580.95;571.33;577.05;+0.40
2025-02-14;578.75;602.47;577.04;601.25;+4.19
2025-02-17;601.48;602.02;600;601.53;+0.05
2025-02-18;601.53;640.5;593.22;606.07;+0.75
2025-02-19;606.5;607.92;588.59;589.25;-2.78
2025-02-20;589.25;595.17;584.04;585.42;-0.65
2025-02-21;584.75;592.8;584.75;590.03;+0.79
2025-02-24;609;622.5;575.27;579.25;-1.83
2025-02-25;581.03;581.21;564.71;570.29;-1.55
2025-02-26;570.29;577.14;563.76;565.5;-0.84
2025-02-27;565.5;566;545.09;548;-3.09
2025-02-28;548;589.25;540.53;543.75;-0.78
2025-03-03;575;592.75;528.22;530.94;-2.36
2025-03-04;534;534.51;511.59;517.73;-2.49
2025-03-05;518.75;574;518.02;557.5;+7.68
2025-03-06;530;584;527.51;535.17;-4.01
2025-03-07;538.94;577.5;526.94;533.78;-0.26
2025-03-10;538.53;592;535.41;545;+2.10
2025-03-11;545.53;590.25;539.17;542.5;-0.46
2025-03-12;539.78;588.5;533.95;574;+5.81
2025-03-13;538.03;595;534;549;-4.36
2025-03-14;549;564.97;543.4;557;+1.46
2025-03-17;557.54;575.43;557.49;568.25;+2.02
2025-03-18;568.55;574.63;563.52;564;-0.75
2025-03-19;564;568.38;558.34;564;0.00
2025-03-20;564;567.85;552.45;556.25;-1.37
2025-03-21;556.25;562.93;553.53;558.25;+0.36
2025-03-24;558.05;562.73;545.75;547.5;-1.93
2025-03-25;547.54;549.28;541.19;543.75;-0.68
2025-03-26;542.1;545.93;534.71;535.5;-1.52
2025-03-27;535.5;537.26;526.69;531.5;-0.75
2025-03-28;531.5;555.5;517.57;528.5;-0.56
2025-03-31;525.05;574.5;525.05;537.5;+1.70
2025-04-01;537.5;576;533.38;539.56;+0.38
2025-04-02;540;577;532.77;537.75;-0.34
2025-04-03;537.78;583.5;524.95;537.25;-0.09
2025-04-04;537.25;572.25;522.2;530;-1.35
2025-04-07;529.8;584.75;525.53;536;+1.13
2025-04-08;536.28;580.5;536;539.5;+0.65
2025-04-09;539.3;585;535.96;542.25;+0.51
2025-04-10;542.05;587;535.72;537.25;-0.92
2025-04-11;537.05;588.5;536.58;554.5;+3.21
2025-04-14;555.05;573.25;543.69;546.75;-1.40
2025-04-15;546.53;569;540.27;542.25;-0.82
2025-04-16;542.03;575.75;536.82;547;+0.88
2025-04-17;547.03;581.25;547;548;+0.18
2025-04-18;548.03;548.75;547.97;548.75;+0.14
2025-04-21;548.55;552.79;537.39;539;-1.78
2025-04-22;538.8;550.09;531.77;534;-0.93
2025-04-23;534.03;537.38;527.83;528.31;-1.07
2025-04-24;528.82;547.75;524.49;529.25;+0.18
2025-04-25;529.04;534.71;527.73;530;+0.14
2025-04-28;529.54;529.54;520.96;521.46;-1.61
2025-04-29;519.12;542;504.78;505.25;-3.11
2025-04-30;505.05;520.75;497.06;513;+1.53
2025-05-01;513.54;523.78;512.5;519.75;+1.32
2025-05-02;515.78;541.75;512.28;527.25;+1.44
2025-05-05;527.8;541.25;513.68;525.25;-0.38
2025-05-06;513.78;525.25;511.03;519.5;-1.09
2025-05-07;517.28;543.25;511.93;518.5;-0.19
2025-05-08;516.04;521.72;508.73;511;-1.45
2025-05-09;512.53;517.2;504.25;504.25;-1.32
2025-05-12;508.53;511.76;497.41;497.65;-1.31
2025-05-13;497.65;504.02;489.77;501.45;+0.76
2025-05-14;501.45;525.18;501.45;524.75;+4.65
2025-05-15;524.55;533.28;521.77;532.25;+1.43
2025-05-16;532.28;533.5;523.64;524.75;-1.41
2025-05-19;526.79;536.02;516;529.5;+0.91
2025-05-20;529.3;547.25;528.51;547.25;+3.35
2025-05-21;547.03;555.86;539;548.25;+0.18
2025-05-22;548.05;552.24;540;545;-0.59
2025-05-23;544.8;546.53;534.25;543.5;-0.28
2025-05-26;543.3;544.05;542.5;543.76;+0.05
2025-05-27;543.77;544.03;523.5;528.5;-2.81
2025-05-28;528.28;535.78;524.25;530.3;+0.34
2025-05-29;530.53;534.76;524.5;534;+0.70
2025-05-30;534.04;538.3;531;533.25;-0.14
2025-06-02;533.04;550.5;531.03;537.75;+0.84
2025-06-03;537.78;545.53;531.98;535.75;-0.37
2025-06-04;535.55;547.26;533.58;543.75;+1.49
2025-06-05;543.55;549.3;540.75;545.25;+0.28
2025-06-06;545.04;555.75;540.19;555.75;+1.93
2025-06-09;556.04;557.63;534.25;542.25;-2.43
2025-06-10;542.04;542.25;530.64;534.8;-1.37
2025-06-11;535.29;539.12;529.5;533.77;-0.19
2025-06-12;533.78;537.04;525.89;526.75;-1.32
2025-06-13;526.54;544.21;522.28;543;+3.08
2025-06-16;539.54;546.78;531.63;537;-1.10
2025-06-17;536.79;551.85;536.02;549;+2.23
2025-06-18;548.8;574.66;546.98;573.75;+4.51
2025-06-19;573.3;573.75;572.99;573.04;-0.12
2025-06-20;573.02;578.07;565.68;567.25;-1.01
2025-06-23;567.04;577.5;549.57;553.5;-2.42
2025-06-24;553.5;561.5;535.14;535.25;-3.30
2025-06-25;535.29;551.5;527.66;528;-1.35
2025-06-26;527.73;541.75;520.5;520.5;-1.42
2025-06-27;520.55;539.5;520.5;525;+0.86
2025-06-30;518.05;537;518.05;529.25;+0.81
2025-07-01;526.28;539.77;523.01;535.75;+1.23
2025-07-02;537.28;556.5;523.03;553.75;+3.36
2025-07-03;555.55;567.05;523.02;562.25;+1.53
2025-07-04;556.55;562.25;556.47;562.25;0.00
2025-07-07;556.05;556.05;541.68;548.75;-2.40
2025-07-08;548.79;550.05;526.75;547.75;-0.18
2025-07-09;547.79;551.19;516;547.5;-0.05
2025-07-10;547.28;555.14;527.75;554.5;+1.28
2025-07-11;554.29;557.5;526.25;545.5;-1.62
2025-07-14;545.03;551.51;518;541.62;-0.71
2025-07-15;541.79;545.29;521.25;538.5;-0.58
2025-07-16;538.3;542.25;518.25;542.25;+0.70
2025-07-17;542.04;542.29;519.25;534;-1.52
2025-07-18;533.79;549.04;527;547;+2.43
2025-07-21;546.53;549.72;523.75;541.75;-0.96
2025-07-22;541.78;552.48;532;549.5;+1.43
2025-07-23;549.54;552.05;524.5;541;-1.55
2025-07-24;541.05;545.88;521.5;541.75;+0.14
2025-07-25;541.78;543.51;522.5;539.25;-0.46
2025-07-28;538.53;539.94;524.75;538.25;-0.19
2025-07-29;538.05;538.74;516.75;529.75;-1.58
2025-07-30;529.54;531.02;517.25;523.75;-1.13
2025-07-31;523.53;527.25;517.02;524;+0.05
2025-08-01;524.03;529.25;516.36;516.75;-1.38
2025-08-04;517.53;523.02;513.18;516.5;-0.05
2025-08-05;516.53;517.14;507.24;508.25;-1.60
2025-08-06;508.03;511.25;504.5;508.25;0.00
2025-08-07;508.53;521.5;508.25;518.25;+1.97
2025-08-08;518.03;523;513.71;515.5;-0.53
2025-08-11;515.28;525.02;513.29;514.5;-0.19
2025-08-12;514.5;514.77;503;504.75;-1.90
2025-08-13;504.54;510.76;502.39;507;+0.45
2025-08-14;506.79;529.5;501.25;504;-0.59
2025-08-15;504.04;524.75;500.18;507;+0.60
2025-08-18;506.28;509.03;500.93;502.25;-0.94
2025-08-19;502.29;502.55;497.4;498.25;-0.80
2025-08-20;497.79;524.5;495.83;505.75;+1.51
2025-08-21;505.78;528;503.47;507.25;+0.30
2025-08-22;507.53;528.5;503.88;504.75;-0.49
2025-08-25;504.29;522.75;494.02;507;+0.45
2025-08-26;507.05;521.25;503.98;509.25;+0.44
2025-08-27;509.03;518;500.84;502.5;-1.33
2025-08-28;502.5;516.75;495.04;511;+1.69
2025-08-29;510.78;518.42;508.02;516.5;+1.08
2025-09-01;518;518;502.26;502.26;-2.76
2025-09-02;502.27;513.32;502.22;511.25;+1.79
2025-09-03;512.03;515.76;502.73;504;-1.42
2025-09-04;504.03;511.75;494.95;499.5;-0.89
2025-09-05;501.54;515.02;497.49;506;+1.30
2025-09-08;496.28;502.21;494.04;502;-0.79
2025-09-09;500.28;503.89;498.51;503;+0.20
2025-09-10;498.3;510;493.16;498;-0.99
2025-09-11;496.52;506.75;491.29;500.43;+0.49
2025-09-12;500.28;523.89;499.23;521.77;+4.26
2025-09-15;522.29;529.29;520.35;525.5;+0.71
2025-09-16;525.29;534.54;523.96;533.5;+1.52
2025-09-17;533.54;535.68;526.09;528.5;-0.94
2025-09-18;528.54;532.39;523.51;525;-0.66
2025-09-19;524.53;526.79;520.51;522.25;-0.52
2025-09-22;522.28;525.04;506.75;510;-2.35
2025-09-23;510.29;520.96;499.5;520.75;+2.11
2025-09-24;520.78;524.53;519.24;519.5;-0.24
2025-09-25;519.53;527.69;518.29;526.25;+1.30
2025-09-26;526.03;527.54;518.97;519;-1.38
2025-09-29;519.03;522.52;516.77;518.75;-0.05
2025-09-30;518.78;525.03;507;507.5;-2.17
2025-10-01;507.55;510.19;502.01;510;+0.49
2025-10-02;510.03;515.84;508.1;514.53;+0.89
2025-10-03;514.3;518.51;512.96;514.75;+0.04
2025-10-06;514.53;518.26;512.19;512.5;-0.44
2025-10-07;512.5;514.37;505.89;505.91;-1.29
2025-10-08;505.75;508.75;504.03;507.5;+0.31
2025-10-09;507.5;513.53;506.65;507.89;+0.08
2025-10-10;508;509.31;496.95;498.75;-1.80
2025-10-13;498.53;501.59;494.72;496.74;-0.40
2025-10-14;496.75;501.75;477.5;500.46;+0.75
2025-10-15;500.25;501.09;494.94;498.75;-0.34
2025-10-16;498.54;503.75;495.43;502.5;+0.75
2025-10-17;502.5;505.06;488;504.5;+0.40
2025-10-20;504.03;507.1;502.05;505.5;+0.20
2025-10-21;505.5;506.04;498.13;500.5;-0.99
2025-10-22;500.5;504.44;488.25;503.75;+0.65
2025-10-23;503.75;513.32;499.75;513;+1.84
2025-10-24;513;515.01;499.25;513;0.00
2025-10-27;513.79;530.52;513.77;526;+2.53
2025-10-28;526;535.24;524.28;530.25;+0.81
2025-10-29;530.25;533.61;526.51;533.5;+0.61
2025-10-30;533.5;535.42;508.75;523.95;-1.79
2025-10-31;524.29;533.75;506;533.75;+1.87
2025-11-03;533.55;544.62;519;544.6;+2.03
2025-11-04;543;550.02;526.25;549.68;+0.93
2025-11-05;546.81;555.02;546.02;554.04;+0.79
2025-11-06;554;554.04;521.5;535.6;-3.33
2025-11-07;535.75;537.61;517.75;527.25;-1.56
2025-11-10;527.05;537.11;526.97;536.75;+1.80
2025-11-11;536.75;539.16;531.49;536.25;-0.09
2025-11-12;536.25;536.54;527.66;536.47;+0.04
2025-11-13;535.75;539.18;530.89;536;-0.09
2025-11-14;536;544.51;513.75;527;-1.68
2025-11-17;526.54;545.6;525.73;544.67;+3.35
2025-11-18;544.25;549.97;540.57;546.5;+0.34
2025-11-19;546.5;550.29;514.5;537.44;-1.66
2025-11-20;535.25;543.03;516;527.7;-1.81
2025-11-21;529.25;532.01;504;527.5;-0.04
2025-11-24;529.53;530.04;507;522.77;-0.90
2025-11-25;521.25;528.25;507;526.47;+0.71
2025-11-26;526.5;533.53;512;529.27;+0.53
2025-11-27;531.75;531.75;522.01;522.01;-1.37
2025-11-28;522.01;531.88;516.5;530;+1.53
2025-12-01;519.53;535.59;519.47;529.25;-0.14
2025-12-02;529.25;540.26;512.25;537.78;+1.61
2025-12-03;537.03;539.22;531;537.97;+0.04
2025-12-04;537.25;541.27;518;540.02;+0.38
2025-12-05;540.5;541;530;537;-0.56
2025-12-08;537.5;541.37;519.75;526.25;-2.00
2025-12-09;538.25;538.67;525;534.26;+1.52
2025-12-10;535;535;517.93;517.93;-3.06
2025-12-11;517.79;530.25;517.74;523.26;+1.03
2025-12-12;523.26;536.05;517.75;530.25;+1.34
2025-12-15;529.55;530.07;514.25;520.89;-1.77
2025-12-16;520.5;521.03;508.25;509.05;-2.27
2025-12-17;509.04;511.4;504;506.5;-0.50
2025-12-18;506.5;517.5;505.47;508.92;+0.48
2025-12-19;508.92;517.5;505.47;509.75;+0.16
2025-12-22;509.55;521.5;509.24;515.02;+1.03
2025-12-23;516;529.75;512.51;517.51;+0.48
2025-12-24;518.25;535;516.97;522.24;+0.91
2025-12-25;522.21;522.55;522.21;522.43;+0.04
2025-12-26;522.42;535.75;517.61;518;-0.85
2025-12-29;520.01;533.25;512.22;513.25;-0.92
2025-12-30;513.25;529.5;510.45;521.25;+1.56
2025-12-31;512.75;521.5;506.5;507.25;-2.69
2026-01-01;506.28;506.55;506.26;506.53;-0.14
2026-01-02;506.51;515.75;501.27;507;+0.09
2026-01-05;507.03;524;505.97;512.71;+1.13
2026-01-06;513;527;510.2;521.75;+1.76
2026-01-07;512.5;532.5;510;518.32;-0.66
2026-01-08;518.5;535;516.85;518.09;-0.04
2026-01-09;518.75;532;513.98;518.25;+0.03
2026-01-12;517.78;528.02;507.22;508.5;-1.88
2026-01-13;508.5;513.72;507.14;510.64;+0.42
2026-01-14;510;520.5;508.26;511.75;+0.22
2026-01-15;511.75;524.25;510.01;510.27;-0.29
2026-01-16;510.75;529.18;509.98;518.63;+1.64
2026-01-19;518.23;518.74;517.75;518.2;-0.08
2026-01-20;518.55;523.75;509.48;510.66;-1.46
2026-01-21;510.75;521;506.92;508.26;-0.47
2026-01-22;508.49;527.25;507.81;515.62;+1.45
2026-01-23;515.48;542.5;514.39;530.13;+2.81
2026-01-26;530.03;533.52;521.2;522.72;-1.40
2026-01-27;521.89;533;519.17;523.69;+0.19
2026-01-28;523.71;542.75;522.78;535.21;+2.20
2026-01-29;535.41;548.39;533.87;539.46;+0.79
2026-01-30;539.44;548.74;533.33;534.47;-0.92
2026-02-02;538.67;539.45;525.74;527.15;-1.37
2026-02-03;527;535.95;525.12;527.24;+0.02
2026-02-04;527.39;535.23;522.29;525.71;-0.29
2026-02-05;525.96;539;522.6;535.52;+1.87
2026-02-06;535.42;539.29;527.22;528.71;-1.27
2026-02-09;530.79;531.49;525.76;528.46;-0.05
2026-02-10;528.64;533.3;524.54;529.4;+0.18
2026-02-11;527.74;549.25;527.34;537.11;+1.46
2026-02-12;537.25;566.75;535.54;552.25;+2.82
2026-02-13;551.86;561;545.51;549.39;-0.52
2026-02-16;548.74;549.02;548.29;548.46;-0.17
2026-02-17;548.78;551.25;535.02;537.26;-2.04
2026-02-18;537.18;563;536.74;546.68;+1.75
2026-02-19;546.98;578.44;545.97;563.53;+3.08
2026-02-20;563.31;590.79;557.88;572.9;+1.66
2026-02-23;573.18;582.77;567.37;569.56;-0.58
2026-02-24;569.16;573.57;564.52;567.09;-0.43
2026-02-25;567.87;575.08;559.09;567.46;+0.07
2026-02-26;567.45;572.29;561.75;570.86;+0.60
2026-02-27;571.04;597.08;557.85;593.4;+3.95
2026-03-02;598.76;600.97;572.32;575.93;-2.94
2026-03-03;575.86;584.25;566;571.76;-0.72
2026-03-04;571.44;576.54;561.93;565.78;-1.05
2026-03-05;569.44;593.86;558.04;580.28;+2.56
2026-03-06;579.94;625.75;579.79;608.22;+4.81
2026-03-09;616.43;635.3;558.06;594.97;-2.18
2026-03-10;594.5;622.25;557.99;586.96;-1.35
2026-03-11;586.91;623.5;579.32;588.68;+0.29
2026-03-12;588.65;629.2;587.54;597.46;+1.49
2026-03-13;597.4;633.8;589.29;613.75;+2.73
2026-03-16;613.74;627.63;594.59;597.28;-2.68
2026-03-17;596.88;607.4;586.85;590.38;-1.16
2026-03-18;590.68;626.81;585.92;605.73;+2.60
2026-03-19;605.71;630.47;599.95;610.41;+0.77
2026-03-20;610.12;625.91;594.03;595.42;-2.46
2026-03-23;595.12;606.8;577.64;589.11;-1.06
2026-03-24;589.16;612.33;582.08;591.65;+0.43
2026-03-25;591.97;619.74;579.13;599.78;+1.37
2026-03-26;599.38;636.99;592.9;605.22;+0.91
2026-03-27;605.55;654.28;599.05;605.23;0.00
2026-03-30;605.41;637.74;597.61;607.37;+0.35
2026-03-31;607.66;646.94;605.23;618.49;+1.83
2026-04-01;618.23;640.3;592.86;597.46;-3.40
2026-04-02;597.37;623.28;593.78;597.67;+0.04
2026-04-03;597.65;598.55;597.22;598.43;+0.13
2026-04-06;598.07;613.73;588.31;595.94;-0.42
2026-04-07;596.05;612.03;588;598.04;+0.35
2026-04-08;598;601.95;576.8;579.96;-3.02
2026-04-09;579.99;605.61;570.06;574.09;-1.01
2026-04-10;573.56;592.94;567.23;571.25;-0.49