Date;Ouverture;Haut;Bas;Clôture;Changement, %
2013-01-02;3.6405;3.745;3.6405;3.7245;0.00
2013-01-03;3.7185;3.7315;3.6785;3.7015;-0.62
2013-01-04;3.6845;3.69;3.6785;3.6785;-0.62
2013-01-07;3.685;3.685;3.6425;3.663;-0.42
2013-01-08;3.662;3.6635;3.652;3.657;-0.16
2013-01-09;3.6825;3.6925;3.6535;3.6565;-0.01
2013-01-10;3.657;3.7;3.657;3.6945;+1.04
2013-01-11;3.6705;3.6745;3.6395;3.6395;-1.49
2013-01-14;3.6625;3.674;3.6195;3.6195;-0.55
2013-01-15;3.597;3.6235;3.597;3.623;+0.10
2013-01-16;3.593;3.6035;3.591;3.591;-0.88
2013-01-17;3.6325;3.65;3.6325;3.647;+1.56
2013-01-18;3.66;3.678;3.6525;3.6635;+0.45
2013-01-22;3.654;3.691;3.654;3.691;+0.75
2013-01-23;3.68;3.68;3.6685;3.671;-0.54
2013-01-24;3.658;3.675;3.652;3.6645;-0.18
2013-01-25;3.665;3.665;3.6335;3.6395;-0.68
2013-01-28;3.6375;3.66;3.6335;3.649;+0.26
2013-01-29;3.646;3.6775;3.646;3.6775;+0.78
2013-01-30;3.694;3.7405;3.694;3.74;+1.70
2013-01-31;3.753;3.753;3.7225;3.7235;-0.44
2013-02-01;3.731;3.7755;3.731;3.7755;+1.40
2013-02-04;3.767;3.767;3.7585;3.7585;-0.45
2013-02-05;3.7635;3.7685;3.7525;3.7615;+0.08
2013-02-06;3.7555;3.7555;3.7315;3.7335;-0.74
2013-02-07;3.74;3.74;3.7175;3.72;-0.36
2013-02-08;3.758;3.758;3.7525;3.7535;+0.90
2013-02-11;3.733;3.733;3.71;3.718;-0.95
2013-02-12;3.731;3.739;3.731;3.7365;+0.50
2013-02-13;3.75;3.75;3.73;3.734;-0.07
2013-02-14;3.7375;3.7375;3.73;3.73;-0.11
2013-02-15;3.7375;3.7375;3.721;3.731;+0.03
2013-02-19;3.705;3.705;3.6445;3.6445;-2.32
2013-02-20;3.62;3.62;3.597;3.6055;-1.07
2013-02-21;3.5455;3.5505;3.5455;3.5505;-1.53
2013-02-22;3.544;3.544;3.53;3.53;-0.58
2013-02-25;3.553;3.557;3.523;3.541;+0.31
2013-02-26;3.5165;3.5665;3.5165;3.5665;+0.72
2013-02-27;3.573;3.5775;3.5435;3.545;-0.60
2013-02-28;3.5555;3.581;3.525;3.5275;-0.49
2013-03-01;3.532;3.5365;3.454;3.4815;-1.30
2013-03-04;3.488;3.5045;3.468;3.483;+0.04
2013-03-05;3.502;3.5265;3.4965;3.4965;+0.39
2013-03-06;3.509;3.52;3.47;3.474;-0.64
2013-03-07;3.487;3.512;3.4785;3.5015;+0.79
2013-03-08;3.5005;3.51;3.485;3.4915;-0.29
2013-03-11;3.485;3.5035;3.465;3.5;+0.24
2013-03-12;3.505;3.55;3.49;3.538;+1.09
2013-03-13;3.539;3.55;3.5095;3.5095;-0.81
2013-03-14;3.5065;3.526;3.5;3.5235;+0.40
2013-03-15;3.53;3.53;3.5045;3.508;-0.44
2013-03-18;3.495;3.495;3.4;3.417;-2.59
2013-03-19;3.424;3.424;3.3805;3.3955;-0.63
2013-03-20;3.3865;3.4475;3.3865;3.4355;+1.18
2013-03-21;3.441;3.4765;3.4155;3.423;-0.36
2013-03-22;3.4435;3.4675;3.442;3.454;+0.91
2013-03-25;3.4705;3.471;3.43;3.435;-0.55
2013-03-26;3.455;3.459;3.4325;3.4325;-0.07
2013-03-27;3.4345;3.4495;3.416;3.435;+0.07
2013-03-28;3.4485;3.4485;3.3935;3.395;-1.16
2013-04-01;3.38;3.38;3.351;3.3675;-0.81
2013-04-02;3.36;3.372;3.355;3.372;+0.13
2013-04-03;3.35;3.36;3.32;3.3255;-1.38
2013-04-04;3.3005;3.358;3.3005;3.3455;+0.60
2013-04-05;3.3395;3.344;3.3325;3.34;-0.16
2013-04-08;3.3725;3.3725;3.3575;3.368;+0.84
2013-04-09;3.4;3.4455;3.395;3.438;+2.08
2013-04-10;3.421;3.425;3.411;3.414;-0.70
2013-04-11;3.401;3.4325;3.401;3.428;+0.41
2013-04-12;3.41;3.4195;3.3325;3.349;-2.30
2013-04-15;3.345;3.3465;3.2425;3.28;-2.06
2013-04-16;3.292;3.3065;3.292;3.3065;+0.81
2013-04-17;3.31;3.31;3.188;3.188;-3.58
2013-04-18;3.17;3.205;3.148;3.2045;+0.52
2013-04-19;3.1875;3.1875;3.148;3.1515;-1.65
2013-04-22;3.1385;3.1385;3.121;3.132;-0.62
2013-04-23;3.128;3.128;3.0685;3.094;-1.21
2013-04-24;3.1595;3.178;3.15;3.158;+2.07
2013-04-25;3.2295;3.253;3.2275;3.238;+2.53
2013-04-26;3.185;3.185;3.185;3.185;-1.64
2013-04-29;3.1765;3.241;3.151;3.2255;+1.27
2013-04-30;3.222;3.2445;3.1775;3.1875;-1.18
2013-05-01;3.187;3.187;3.051;3.0825;-3.29
2013-05-02;3.0705;3.134;3.0705;3.1045;+0.71
2013-05-03;3.1435;3.315;3.143;3.3135;+6.73
2013-05-06;3.296;3.324;3.2905;3.31;-0.11
2013-05-07;3.2925;3.3055;3.265;3.3005;-0.29
2013-05-08;3.302;3.39;3.302;3.371;+2.14
2013-05-09;3.355;3.355;3.318;3.3415;-0.88
2013-05-10;3.3445;3.3855;3.324;3.356;+0.43
2013-05-13;3.35;3.3755;3.3455;3.362;+0.18
2013-05-14;3.347;3.347;3.282;3.2905;-2.13
2013-05-15;3.2865;3.2865;3.2355;3.267;-0.71
2013-05-16;3.268;3.303;3.239;3.292;+0.77
2013-05-17;3.2825;3.326;3.2825;3.321;+0.88
2013-05-20;3.29;3.3645;3.29;3.357;+1.08
2013-05-21;3.367;3.371;3.333;3.339;-0.54
2013-05-22;3.3975;3.405;3.3635;3.3775;+1.15
2013-05-23;3.3;3.316;3.266;3.2995;-2.31
2013-05-24;3.295;3.301;3.2815;3.2915;-0.24
2013-05-28;3.3;3.331;3.297;3.3115;+0.61
2013-05-29;3.2725;3.291;3.2715;3.291;-0.62
2013-05-30;3.28;3.323;3.258;3.3105;+0.59
2013-05-31;3.3075;3.3115;3.2655;3.289;-0.65
2013-06-03;3.299;3.3325;3.2945;3.327;+1.16
2013-06-04;3.327;3.365;3.327;3.365;+1.14
2013-06-05;3.357;3.39;3.357;3.367;+0.06
2013-06-06;3.3585;3.3585;3.305;3.316;-1.51
2013-06-07;3.321;3.321;3.255;3.266;-1.51
2013-06-10;3.219;3.241;3.219;3.239;-0.83
2013-06-11;3.236;3.2445;3.177;3.193;-1.42
2013-06-12;3.181;3.225;3.1805;3.225;+1.00
2013-06-13;3.217;3.227;3.17;3.185;-1.24
2013-06-14;3.2105;3.2105;3.192;3.2045;+0.61
2013-06-17;3.234;3.234;3.19;3.202;-0.08
2013-06-18;3.1625;3.1625;3.152;3.157;-1.41
2013-06-19;3.164;3.165;3.129;3.1435;-0.43
2013-06-20;3.12;3.12;3.0445;3.0615;-2.61
2013-06-21;3.045;3.1025;3.0445;3.0965;+1.14
2013-06-24;3.0175;3.0485;3.0065;3.026;-2.28
2013-06-25;3.025;3.085;3.025;3.071;+1.49
2013-06-26;3.0385;3.065;3.0385;3.041;-0.98
2013-06-27;3.051;3.0785;3.035;3.0525;+0.38
2013-06-28;3.049;3.08;3.008;3.0505;-0.07
2013-07-01;3.032;3.161;3.032;3.155;+3.43
2013-07-02;3.155;3.16;3.1275;3.142;-0.41
2013-07-03;3.1455;3.1765;3.14;3.174;+1.02
2013-07-05;3.175;3.175;3.0655;3.08;-2.96
2013-07-08;3.0885;3.1165;3.076;3.1115;+1.02
2013-07-09;3.1045;3.1215;3.0395;3.076;-1.14
2013-07-10;3.083;3.1045;3.048;3.101;+0.81
2013-07-11;3.134;3.2075;3.134;3.1835;+2.66
2013-07-12;3.1815;3.191;3.155;3.1705;-0.41
2013-07-15;3.1685;3.1685;3.141;3.161;-0.30
2013-07-16;3.156;3.2;3.156;3.1995;+1.22
2013-07-17;3.188;3.2015;3.125;3.1405;-1.84
2013-07-18;3.1345;3.148;3.132;3.1425;+0.06
2013-07-19;3.1505;3.1625;3.1425;3.15;+0.24
2013-07-22;3.193;3.204;3.1865;3.1895;+1.25
2013-07-23;3.19;3.2165;3.176;3.198;+0.27
2013-07-24;3.195;3.2295;3.1725;3.1815;-0.52
2013-07-25;3.1825;3.189;3.154;3.1885;+0.22
2013-07-26;3.161;3.163;3.1065;3.109;-2.49
2013-07-29;3.115;3.1165;3.1015;3.1165;+0.24
2013-07-30;3.0935;3.0935;3.037;3.041;-2.42
2013-07-31;3.0815;3.122;3.067;3.1185;+2.55
2013-08-01;3.135;3.184;3.135;3.164;+1.46
2013-08-02;3.163;3.1965;3.142;3.1695;+0.17
2013-08-05;3.1485;3.1675;3.1485;3.167;-0.08
2013-08-06;3.2015;3.203;3.171;3.172;+0.16
2013-08-07;3.1655;3.187;3.139;3.1775;+0.17
2013-08-08;3.2485;3.2795;3.2485;3.2705;+2.93
2013-08-09;3.265;3.311;3.264;3.3085;+1.16
2013-08-12;3.3295;3.3295;3.295;3.3065;-0.06
2013-08-13;3.3245;3.327;3.309;3.3185;+0.36
2013-08-14;3.3155;3.3405;3.311;3.3405;+0.66
2013-08-15;3.3245;3.3515;3.3015;3.338;-0.07
2013-08-16;3.3545;3.378;3.348;3.3645;+0.79
2013-08-19;3.343;3.345;3.329;3.3365;-0.83
2013-08-20;3.32;3.344;3.32;3.3395;+0.09
2013-08-21;3.3275;3.3305;3.295;3.3115;-0.84
2013-08-22;3.3645;3.3645;3.33;3.333;+0.65
2013-08-23;3.35;3.361;3.34;3.352;+0.57
2013-08-26;3.374;3.374;3.311;3.322;-0.89
2013-08-27;3.36;3.3645;3.3285;3.3325;+0.32
2013-08-28;3.31;3.321;3.3065;3.307;-0.77
2013-08-29;3.304;3.3145;3.2335;3.244;-1.91
2013-08-30;3.237;3.259;3.2075;3.225;-0.59
2013-09-03;3.25;3.319;3.2385;3.2965;+2.22
2013-09-04;3.2975;3.2975;3.224;3.2365;-1.82
2013-09-05;3.2405;3.252;3.219;3.241;+0.14
2013-09-06;3.2395;3.282;3.2395;3.258;+0.52
2013-09-09;3.258;3.296;3.2575;3.2755;+0.54
2013-09-10;3.26;3.2875;3.2585;3.2615;-0.43
2013-09-11;3.268;3.282;3.255;3.2565;-0.15
2013-09-12;3.2715;3.272;3.195;3.2125;-1.35
2013-09-13;3.201;3.23;3.195;3.207;-0.17
2013-09-16;3.27;3.279;3.215;3.227;+0.62
2013-09-17;3.231;3.2435;3.2215;3.228;+0.03
2013-09-18;3.22;3.3215;3.22;3.2835;+1.72
2013-09-19;3.3255;3.353;3.3255;3.35;+2.03
2013-09-20;3.345;3.35;3.3085;3.3275;-0.67
2013-09-23;3.2825;3.3085;3.2825;3.308;-0.59
2013-09-24;3.2935;3.2935;3.2475;3.2655;-1.28
2013-09-25;3.273;3.282;3.273;3.2805;+0.46
2013-09-26;3.3045;3.32;3.3025;3.304;+0.72
2013-09-27;3.299;3.3255;3.2985;3.3255;+0.65
2013-09-30;3.293;3.3355;3.293;3.321;-0.14
2013-10-01;3.3185;3.33;3.255;3.272;-1.48
2013-10-02;3.2675;3.314;3.2675;3.3115;+1.21
2013-10-03;3.3045;3.3045;3.2575;3.262;-1.49
2013-10-04;3.264;3.302;3.264;3.2935;+0.97
2013-10-07;3.272;3.296;3.2665;3.2895;-0.12
2013-10-08;3.2865;3.307;3.281;3.282;-0.23
2013-10-09;3.283;3.283;3.217;3.2215;-1.84
2013-10-10;3.2255;3.2425;3.213;3.241;+0.61
2013-10-11;3.245;3.267;3.2295;3.265;+0.74
2013-10-14;3.306;3.306;3.2925;3.3;+1.07
2013-10-15;3.3005;3.304;3.3005;3.304;+0.12
2013-10-16;3.2605;3.301;3.2605;3.3005;-0.11
2013-10-17;3.2795;3.2965;3.276;3.289;-0.35
2013-10-18;3.285;3.31;3.284;3.293;+0.12
2013-10-21;3.299;3.299;3.2875;3.296;+0.09
2013-10-22;3.31;3.3305;3.31;3.3285;+0.99
2013-10-23;3.32;3.32;3.259;3.2665;-1.86
2013-10-24;3.261;3.2675;3.245;3.261;-0.17
2013-10-25;3.245;3.2655;3.24;3.2655;+0.14
2013-10-28;3.269;3.2725;3.261;3.261;-0.14
2013-10-29;3.281;3.282;3.2755;3.2755;+0.44
2013-10-30;3.273;3.325;3.273;3.3205;+1.37
2013-10-31;3.311;3.311;3.291;3.2945;-0.78
2013-11-01;3.295;3.314;3.291;3.2935;-0.03
2013-11-04;3.271;3.274;3.2465;3.2475;-1.40
2013-11-05;3.261;3.261;3.2385;3.2525;+0.15
2013-11-06;3.2555;3.266;3.22;3.235;-0.54
2013-11-07;3.2405;3.249;3.2325;3.249;+0.43
2013-11-08;3.246;3.2625;3.23;3.253;+0.12
2013-11-11;3.27;3.27;3.249;3.262;+0.28
2013-11-12;3.234;3.2365;3.2215;3.2365;-0.78
2013-11-13;3.2;3.2;3.1625;3.164;-2.24
2013-11-14;3.162;3.1695;3.1475;3.161;-0.09
2013-11-15;3.169;3.182;3.156;3.173;+0.38
2013-11-18;3.18;3.18;3.1535;3.1535;-0.61
2013-11-19;3.159;3.1725;3.159;3.162;+0.27
2013-11-20;3.1625;3.173;3.1505;3.1615;-0.02
2013-11-21;3.18;3.2;3.18;3.1975;+1.14
2013-11-22;3.219;3.2325;3.219;3.2265;+0.91
2013-11-25;3.225;3.2455;3.225;3.239;+0.39
2013-11-26;3.241;3.241;3.223;3.229;-0.31
2013-11-27;3.203;3.229;3.186;3.2005;-0.88
2013-11-29;3.2135;3.2545;3.2035;3.2305;+0.94
2013-12-02;3.2275;3.242;3.2035;3.2175;-0.40
2013-12-03;3.223;3.225;3.1945;3.201;-0.51
2013-12-04;3.203;3.2715;3.1995;3.2715;+2.20
2013-12-05;3.2495;3.2625;3.242;3.2615;-0.31
2013-12-06;3.2675;3.2905;3.2635;3.2695;+0.25
2013-12-09;3.261;3.2955;3.2595;3.2955;+0.80
2013-12-10;3.291;3.3135;3.2875;3.3015;+0.18
2013-12-11;3.3015;3.3315;3.3015;3.3315;+0.91
2013-12-12;3.329;3.342;3.322;3.332;+0.02
2013-12-13;3.33;3.357;3.3185;3.352;+0.60
2013-12-16;3.36;3.377;3.3555;3.376;+0.72
2013-12-17;3.365;3.3785;3.36;3.367;-0.27
2013-12-18;3.355;3.371;3.35;3.361;-0.18
2013-12-19;3.35;3.35;3.32;3.3405;-0.61
2013-12-20;3.338;3.355;3.338;3.348;+0.22
2013-12-23;3.347;3.353;3.344;3.3505;+0.07
2013-12-24;3.357;3.4255;3.357;3.4175;+2.00
2013-12-26;3.42;3.4495;3.42;3.4495;+0.94
2013-12-27;3.4305;3.47;3.417;3.47;+0.59
2013-12-30;3.42;3.425;3.4155;3.4205;-1.43
2013-12-31;3.42;3.4415;3.4045;3.4415;+0.61
2014-01-02;3.466;3.466;3.423;3.4315;-0.29
2014-01-03;3.4275;3.4275;3.394;3.406;-0.74
2014-01-06;3.384;3.412;3.384;3.412;+0.18
2014-01-07;3.41;3.414;3.397;3.411;-0.03
2014-01-08;3.4085;3.425;3.3895;3.3935;-0.51
2014-01-09;3.38;3.38;3.3445;3.354;-1.16
2014-01-10;3.368;3.398;3.3675;3.387;+0.98
2014-01-13;3.41;3.41;3.37;3.4;+0.38
2014-01-14;3.393;3.3945;3.375;3.388;-0.35
2014-01-15;3.3805;3.409;3.3605;3.4065;+0.55
2014-01-16;3.406;3.406;3.376;3.391;-0.46
2014-01-17;3.385;3.407;3.3715;3.3785;-0.37
2014-01-21;3.37;3.3915;3.35;3.3915;+0.38
2014-01-22;3.3855;3.3875;3.365;3.375;-0.49
2014-01-23;3.361;3.361;3.319;3.3225;-1.56
2014-01-24;3.33;3.33;3.299;3.304;-0.56
2014-01-27;3.29;3.308;3.2865;3.294;-0.30
2014-01-28;3.294;3.294;3.2805;3.2855;-0.26
2014-01-29;3.275;3.288;3.261;3.268;-0.53
2014-01-30;3.259;3.2605;3.2215;3.238;-0.92
2014-01-31;3.241;3.2415;3.21;3.2205;-0.54
2014-02-03;3.216;3.217;3.1925;3.1995;-0.65
2014-02-04;3.217;3.22;3.215;3.217;+0.55
2014-02-05;3.233;3.233;3.211;3.2145;-0.08
2014-02-06;3.229;3.265;3.229;3.259;+1.38
2014-02-07;3.266;3.277;3.264;3.271;+0.37
2014-02-10;3.28;3.2805;3.26;3.272;+0.03
2014-02-11;3.2715;3.2765;3.26;3.27;-0.06
2014-02-12;3.2875;3.3155;3.2875;3.3155;+1.39
2014-02-13;3.304;3.307;3.265;3.307;-0.26
2014-02-14;3.3115;3.324;3.31;3.3205;+0.41
2014-02-18;3.36;3.36;3.329;3.3405;+0.60
2014-02-19;3.337;3.354;3.325;3.3355;-0.15
2014-02-20;3.32;3.3275;3.316;3.324;-0.34
2014-02-21;3.319;3.337;3.319;3.336;+0.36
2014-02-24;3.279;3.359;3.2765;3.359;+0.69
2014-02-25;3.3335;3.3405;3.305;3.338;-0.63
2014-02-26;3.319;3.3195;3.2685;3.2695;-2.05
2014-02-27;3.2305;3.2495;3.2255;3.2365;-1.01
2014-02-28;3.239;3.254;3.2265;3.2385;+0.06
2014-03-03;3.2315;3.249;3.2085;3.2205;-0.56
2014-03-04;3.2175;3.265;3.2135;3.2615;+1.27
2014-03-05;3.2545;3.27;3.2495;3.253;-0.26
2014-03-06;3.2465;3.278;3.2465;3.2755;+0.69
2014-03-07;3.2715;3.2715;3.1465;3.1565;-3.63
2014-03-10;3.153;3.153;3.0895;3.1105;-1.46
2014-03-11;3.122;3.1275;3.0255;3.031;-2.56
2014-03-12;3.0245;3.051;2.988;3.026;-0.16
2014-03-13;3.04;3.04;2.971;2.9905;-1.17
2014-03-14;2.9955;3.0205;2.977;3.013;+0.75
2014-03-17;3.006;3.04;2.9805;3.002;-0.37
2014-03-18;3.0215;3.0215;2.989;2.9945;-0.25
2014-03-19;2.99;3.0345;2.9275;3.028;+1.12
2014-03-20;3.024;3.024;2.955;2.976;-1.72
2014-03-21;2.983;3.023;2.972;2.994;+0.60
2014-03-24;2.99;3.0005;2.984;2.9895;-0.15
2014-03-25;2.9925;3.0635;2.9925;3.0455;+1.87
2014-03-26;3.048;3.048;3.003;3.0105;-1.15
2014-03-27;3.035;3.0365;3.0065;3.0365;+0.86
2014-03-28;3.03;3.0635;3.0245;3.059;+0.74
2014-03-31;3.0485;3.0555;3.043;3.0465;-0.41
2014-04-01;3.0455;3.06;3.0445;3.055;+0.28
2014-04-02;3.0695;3.0915;3.058;3.065;+0.33
2014-04-03;3.037;3.052;3.037;3.047;-0.59
2014-04-04;3.054;3.0775;3.0355;3.043;-0.13
2014-04-07;3.0175;3.0685;3;3.0635;+0.67
2014-04-08;3.06;3.08;3.06;3.0765;+0.42
2014-04-09;3.0575;3.0775;3.0365;3.066;-0.34
2014-04-10;3.068;3.075;3.059;3.068;+0.07
2014-04-11;3.075;3.092;3.0595;3.066;-0.07
2014-04-14;3.077;3.0775;3.066;3.067;+0.03
2014-04-15;3.049;3.049;2.9985;3.0165;-1.65
2014-04-16;3.019;3.07;3.019;3.0505;+1.13
2014-04-17;3.06;3.0795;3.048;3.0695;+0.62
2014-04-21;3.06;3.0725;3.0575;3.068;-0.05
2014-04-22;3.0645;3.0825;3.061;3.0785;+0.34
2014-04-23;3.063;3.09;3.063;3.082;+0.11
2014-04-24;3.09;3.1445;3.09;3.1365;+1.77
2014-04-25;3.1195;3.1275;3.1195;3.127;-0.30
2014-04-28;3.127;3.1345;3.1085;3.1085;-0.59
2014-04-29;3.1085;3.1115;3.0685;3.0725;-1.16
2014-04-30;3.078;3.0835;3.021;3.0295;-1.40
2014-05-01;3.026;3.0365;3.0125;3.029;-0.02
2014-05-02;3.036;3.0815;3.0305;3.0815;+1.73
2014-05-05;3.0785;3.0855;3.067;3.071;-0.34
2014-05-06;3.068;3.081;3.068;3.075;+0.13
2014-05-07;3.0705;3.076;3.036;3.0505;-0.80
2014-05-08;3.0545;3.0865;3.05;3.0825;+1.05
2014-05-09;3.083;3.1055;3.0785;3.1005;+0.58
2014-05-12;3.109;3.171;3.109;3.1665;+2.13
2014-05-13;3.1615;3.1695;3.1395;3.1495;-0.54
2014-05-14;3.15;3.185;3.1405;3.174;+0.78
2014-05-15;3.177;3.177;3.1595;3.162;-0.38
2014-05-16;3.164;3.173;3.155;3.161;-0.03
2014-05-19;3.175;3.195;3.173;3.1795;+0.59
2014-05-20;3.1775;3.185;3.1425;3.156;-0.74
2014-05-21;3.136;3.136;3.1075;3.1305;-0.81
2014-05-22;3.14;3.155;3.13;3.152;+0.69
2014-05-23;3.165;3.183;3.165;3.18;+0.89
2014-05-27;3.1865;3.2;3.18;3.1935;+0.42
2014-05-28;3.185;3.2;3.18;3.1885;-0.16
2014-05-29;3.1795;3.1795;3.148;3.1535;-1.10
2014-05-30;3.145;3.167;3.1345;3.136;-0.55
2014-06-02;3.1555;3.181;3.1555;3.179;+1.37
2014-06-03;3.1615;3.1615;3.142;3.1455;-1.05
2014-06-04;3.0965;3.1;3.091;3.0935;-1.65
2014-06-05;3.081;3.0945;3.078;3.091;-0.08
2014-06-06;3.0905;3.0905;3.0375;3.053;-1.23
2014-06-09;3.0565;3.0585;3.031;3.0455;-0.25
2014-06-10;3.03;3.061;3.029;3.055;+0.31
2014-06-11;3.039;3.052;3.033;3.042;-0.43
2014-06-12;3.03;3.03;3.0155;3.017;-0.82
2014-06-13;3.041;3.0415;3.029;3.0305;+0.45
2014-06-16;3.056;3.0575;3.0465;3.047;+0.54
2014-06-17;3.062;3.0665;3.044;3.0575;+0.34
2014-06-18;3.065;3.07;3.055;3.0555;-0.07
2014-06-19;3.052;3.075;3.052;3.075;+0.64
2014-06-20;3.0695;3.121;3.0695;3.1175;+1.38
2014-06-23;3.1425;3.157;3.1425;3.1455;+0.90
2014-06-24;3.1515;3.1515;3.1435;3.1465;+0.03
2014-06-25;3.14;3.1605;3.13;3.1605;+0.44
2014-06-26;3.159;3.164;3.1505;3.161;+0.02
2014-06-27;3.1655;3.177;3.1465;3.149;-0.38
2014-06-30;3.1505;3.194;3.147;3.188;+1.24
2014-07-01;3.19;3.199;3.185;3.191;+0.09
2014-07-02;3.19;3.254;3.174;3.2525;+1.93
2014-07-03;3.2485;3.268;3.235;3.265;+0.38
2014-07-07;3.256;3.2565;3.2235;3.2485;-0.51
2014-07-08;3.2405;3.2685;3.2375;3.243;-0.17
2014-07-09;3.2495;3.258;3.2355;3.2365;-0.20
2014-07-10;3.239;3.264;3.2245;3.256;+0.60
2014-07-11;3.2615;3.2625;3.239;3.2585;+0.08
2014-07-14;3.2745;3.2745;3.2365;3.2385;-0.61
2014-07-15;3.23;3.248;3.2175;3.2385;0.00
2014-07-16;3.237;3.242;3.2;3.205;-1.03
2014-07-17;3.2035;3.211;3.194;3.209;+0.12
2014-07-18;3.207;3.207;3.162;3.174;-1.09
2014-07-21;3.173;3.1915;3.168;3.1865;+0.39
2014-07-22;3.202;3.2135;3.194;3.1955;+0.28
2014-07-23;3.1955;3.199;3.1935;3.195;-0.02
2014-07-24;3.2055;3.254;3.2055;3.254;+1.85
2014-07-25;3.2465;3.265;3.2265;3.227;-0.83
2014-07-28;3.2325;3.2405;3.231;3.231;+0.12
2014-07-29;3.24;3.24;3.2095;3.2095;-0.67
2014-07-30;3.2115;3.24;3.2;3.2325;+0.72
2014-07-31;3.2345;3.245;3.2205;3.223;-0.29
2014-08-01;3.2245;3.242;3.2065;3.2065;-0.51
2014-08-04;3.211;3.243;3.198;3.2365;+0.94
2014-08-05;3.225;3.225;3.1945;3.199;-1.16
2014-08-06;3.1825;3.1845;3.155;3.1625;-1.14
2014-08-07;3.166;3.176;3.1655;3.1705;+0.25
2014-08-08;3.158;3.1755;3.157;3.166;-0.14
2014-08-11;3.18;3.19;3.164;3.167;+0.03
2014-08-12;3.16;3.18;3.142;3.149;-0.57
2014-08-13;3.1255;3.1265;3.106;3.106;-1.37
2014-08-14;3.095;3.095;3.0805;3.0855;-0.66
2014-08-15;3.09;3.1035;3.0885;3.097;+0.37
2014-08-18;3.101;3.1115;3.101;3.103;+0.19
2014-08-19;3.108;3.1095;3.0855;3.0855;-0.56
2014-08-20;3.113;3.174;3.112;3.174;+2.87
2014-08-21;3.16;3.177;3.16;3.172;-0.06
2014-08-22;3.185;3.2045;3.185;3.199;+0.85
2014-08-25;3.198;3.2135;3.198;3.2135;+0.45
2014-08-26;3.204;3.204;3.182;3.182;-0.98
2014-08-27;3.172;3.1745;3.1705;3.1745;-0.24
2014-08-28;3.172;3.184;3.121;3.1265;-1.51
2014-08-29;3.1225;3.1525;3.1225;3.135;+0.27
2014-09-02;3.1455;3.149;3.12;3.1345;-0.02
2014-09-03;3.139;3.1435;3.1095;3.1115;-0.73
2014-09-04;3.123;3.156;3.123;3.1385;+0.87
2014-09-05;3.143;3.16;3.13;3.158;+0.62
2014-09-08;3.1725;3.1975;3.156;3.1575;-0.02
2014-09-09;3.134;3.137;3.085;3.0945;-2.00
2014-09-10;3.099;3.108;3.09;3.1045;+0.32
2014-09-11;3.094;3.094;3.059;3.087;-0.56
2014-09-12;3.0905;3.102;3.079;3.102;+0.49
2014-09-15;3.0875;3.0875;3.0675;3.081;-0.68
2014-09-16;3.105;3.2;3.0935;3.16;+2.56
2014-09-17;3.1495;3.1495;3.1285;3.1415;-0.59
2014-09-18;3.127;3.1275;3.0915;3.0925;-1.56
2014-09-19;3.088;3.1005;3.077;3.0885;-0.13
2014-09-22;3.059;3.059;3.0295;3.038;-1.64
2014-09-23;3.0565;3.059;3.0345;3.0345;-0.12
2014-09-24;3.03;3.061;3.028;3.0595;+0.82
2014-09-25;3.062;3.0625;3.0435;3.06;+0.02
2014-09-26;3.067;3.067;3.029;3.029;-1.01
2014-09-29;3.017;3.0555;3.017;3.053;+0.79
2014-09-30;3.029;3.029;3.005;3.0055;-1.56
2014-10-01;3.003;3.0355;3.003;3.0335;+0.93
2014-10-02;3.035;3.0355;2.985;2.9965;-1.22
2014-10-03;3;3.0115;2.9945;2.9945;-0.07
2014-10-06;3.02;3.036;3.015;3.0305;+1.20
2014-10-07;3.0275;3.0345;3.02;3.0345;+0.13
2014-10-08;3.044;3.044;2.996;3;-1.14
2014-10-09;3.04;3.0525;3.0275;3.028;+0.93
2014-10-10;3.0205;3.033;2.996;3.032;+0.13
2014-10-13;3.0385;3.042;3.0305;3.0365;+0.15
2014-10-14;3.035;3.0985;3.0325;3.085;+1.60
2014-10-15;3.073;3.0795;2.989;3.0045;-2.61
2014-10-16;3.01;3.0195;2.9565;2.9785;-0.87
2014-10-17;2.9725;3.0095;2.9565;3.001;+0.76
2014-10-20;2.981;2.9955;2.975;2.9905;-0.35
2014-10-21;2.9945;3.0325;2.9945;3.031;+1.35
2014-10-22;3.042;3.042;3.0225;3.0225;-0.28
2014-10-23;3.0415;3.055;3.0415;3.05;+0.91
2014-10-24;3.06;3.066;3.051;3.051;+0.03
2014-10-27;3.042;3.0785;3.04;3.078;+0.88
2014-10-28;3.098;3.1085;3.098;3.1085;+0.99
2014-10-29;3.105;3.119;3.1;3.112;+0.11
2014-10-30;3.091;3.091;3.05;3.072;-1.29
2014-10-31;3.08;3.08;3.06;3.061;-0.36
2014-11-03;3.0515;3.0795;3.05;3.0795;+0.60
2014-11-04;3.0575;3.0575;3.0205;3.0335;-1.49
2014-11-05;3.0095;3.0225;3.005;3.0225;-0.36
2014-11-06;3.0185;3.034;3.0185;3.0305;+0.26
2014-11-07;3.03;3.055;3.03;3.0525;+0.73
2014-11-10;3.0445;3.046;3.0275;3.0275;-0.82
2014-11-11;3.0105;3.0415;3.006;3.0415;+0.46
2014-11-12;3.0375;3.0375;3.033;3.0345;-0.23
2014-11-13;3.0315;3.034;2.992;2.9995;-1.15
2014-11-14;3.0055;3.058;3.0055;3.058;+1.95
2014-11-17;3.048;3.053;3.048;3.0495;-0.28
2014-11-18;3.0075;3.0165;3.0075;3.011;-1.26
2014-11-19;3.004;3.05;3.004;3.047;+1.20
2014-11-20;3.0025;3.03;3.0015;3.0275;-0.64
2014-11-21;3.044;3.0775;3.035;3.035;+0.25
2014-11-24;3.035;3.0365;2.998;3.004;-1.02
2014-11-25;3.002;3.0025;2.9605;2.961;-1.43
2014-11-26;2.957;2.9755;2.926;2.96;-0.03
2014-11-28;2.96;2.979;2.8565;2.86;-3.38
2014-12-01;2.8575;2.9405;2.799;2.9305;+2.47
2014-12-02;2.9225;2.9225;2.8775;2.9135;-0.58
2014-12-03;2.91;2.9105;2.887;2.893;-0.70
2014-12-04;2.888;2.941;2.888;2.9325;+1.37
2014-12-05;2.9255;2.945;2.9215;2.9255;-0.24
2014-12-08;2.9195;2.935;2.908;2.9105;-0.51
2014-12-09;2.9045;2.954;2.89;2.9465;+1.24
2014-12-10;2.9425;2.9425;2.9105;2.914;-1.10
2014-12-11;2.92;2.9455;2.913;2.941;+0.93
2014-12-12;2.9305;2.948;2.926;2.9465;+0.19
2014-12-15;2.9425;2.96;2.886;2.898;-1.65
2014-12-16;2.893;2.896;2.86;2.8775;-0.71
2014-12-17;2.8825;2.9;2.85;2.8875;+0.35
2014-12-18;2.8875;2.889;2.869;2.8725;-0.52
2014-12-19;2.8895;2.915;2.8895;2.908;+1.24
2014-12-22;2.9205;2.9205;2.899;2.9035;-0.15
2014-12-23;2.886;2.9025;2.882;2.902;-0.05
2014-12-24;2.895;2.895;2.8745;2.8745;-0.95
2014-12-26;2.876;2.882;2.8335;2.8355;-1.36
2014-12-29;2.8555;2.8555;2.838;2.838;+0.09
2014-12-30;2.861;2.8745;2.85;2.869;+1.09
2014-12-31;2.8615;2.8645;2.838;2.8385;-1.06
2015-01-02;2.842;2.842;2.8365;2.8385;0.00
2015-01-05;2.8295;2.8295;2.788;2.793;-1.60
2015-01-06;2.795;2.806;2.7915;2.804;+0.39
2015-01-07;2.792;2.809;2.791;2.796;-0.29
2015-01-08;2.796;2.8175;2.7865;2.807;+0.39
2015-01-09;2.804;2.808;2.788;2.7905;-0.59
2015-01-12;2.7935;2.7935;2.7455;2.763;-0.99
2015-01-13;2.7595;2.7595;2.635;2.679;-3.04
2015-01-14;2.648;2.648;2.4995;2.553;-4.70
2015-01-15;2.6045;2.635;2.6005;2.611;+2.27
2015-01-16;2.6165;2.6625;2.5855;2.654;+1.65
2015-01-20;2.6235;2.6235;2.6035;2.6155;-1.45
2015-01-21;2.581;2.6345;2.581;2.615;-0.02
2015-01-22;2.6045;2.6125;2.579;2.6005;-0.55
2015-01-23;2.56;2.568;2.534;2.5375;-2.42
2015-01-26;2.504;2.5795;2.493;2.5735;+1.42
2015-01-27;2.5725;2.5725;2.4805;2.5135;-2.33
2015-01-28;2.52;2.5465;2.503;2.5215;+0.32
2015-01-29;2.4785;2.488;2.43;2.4705;-2.02
2015-01-30;2.465;2.5395;2.465;2.528;+2.33
2015-02-02;2.51;2.546;2.5075;2.511;-0.67
2015-02-03;2.585;2.6125;2.565;2.6;+3.54
2015-02-04;2.603;2.617;2.587;2.612;+0.46
2015-02-05;2.589;2.627;2.5605;2.612;0.00
2015-02-06;2.6025;2.607;2.5875;2.603;-0.34
2015-02-09;2.588;2.6025;2.578;2.599;-0.15
2015-02-10;2.59;2.59;2.5485;2.5625;-1.40
2015-02-11;2.558;2.5815;2.552;2.5525;-0.39
2015-02-12;2.6;2.6225;2.589;2.609;+2.21
2015-02-13;2.6265;2.6295;2.608;2.6135;+0.17
2015-02-17;2.61;2.625;2.5685;2.5945;-0.73
2015-02-18;2.6215;2.6415;2.619;2.6395;+1.73
2015-02-19;2.6195;2.6425;2.6035;2.6415;+0.08
2015-02-20;2.626;2.633;2.6035;2.6105;-1.17
2015-02-23;2.6105;2.65;2.605;2.6395;+1.11
2015-02-24;2.65;2.7165;2.65;2.7115;+2.73
2015-02-25;2.666;2.7075;2.662;2.7075;-0.15
2015-02-26;2.661;2.7325;2.656;2.714;+0.24
2015-02-27;2.7215;2.725;2.686;2.716;+0.07
2015-03-02;2.73;2.744;2.701;2.711;-0.18
2015-03-03;2.705;2.705;2.65;2.6735;-1.38
2015-03-04;2.672;2.684;2.6635;2.677;+0.13
2015-03-05;2.683;2.693;2.6675;2.672;-0.19
2015-03-06;2.667;2.672;2.624;2.629;-1.61
2015-03-09;2.6205;2.69;2.6205;2.687;+2.21
2015-03-10;2.6855;2.6855;2.618;2.635;-1.94
2015-03-11;2.6415;2.6585;2.6155;2.6225;-0.47
2015-03-12;2.629;2.695;2.616;2.6745;+1.98
2015-03-13;2.6755;2.688;2.666;2.6785;+0.15
2015-03-16;2.677;2.692;2.6695;2.6775;-0.04
2015-03-17;2.675;2.675;2.619;2.6415;-1.34
2015-03-18;2.6315;2.654;2.57;2.587;-2.06
2015-03-19;2.6325;2.678;2.63;2.6745;+3.38
2015-03-20;2.7;2.785;2.7;2.775;+3.76
2015-03-23;2.8005;2.924;2.785;2.808;+1.19
2015-03-24;2.88;2.88;2.805;2.815;+0.25
2015-03-25;2.805;2.81;2.8;2.805;-0.36
2015-03-26;2.85;2.85;2.815;2.8215;+0.59
2015-03-27;2.818;2.818;2.772;2.775;-1.65
2015-03-30;2.7655;2.796;2.7645;2.7875;+0.45
2015-03-31;2.763;2.784;2.7465;2.747;-1.45
2015-04-01;2.7495;2.759;2.721;2.7565;+0.35
2015-04-02;2.734;2.75;2.734;2.748;-0.31
2015-04-06;2.81;2.81;2.7095;2.732;-0.58
2015-04-07;2.77;2.788;2.7675;2.777;+1.65
2015-04-08;2.762;2.7685;2.742;2.7485;-1.03
2015-04-09;2.735;2.7695;2.735;2.745;-0.13
2015-04-10;2.7505;2.7895;2.75;2.7505;+0.20
2015-04-13;2.7475;2.756;2.735;2.737;-0.49
2015-04-14;2.704;2.722;2.6975;2.7195;-0.64
2015-04-15;2.715;2.742;2.692;2.7295;+0.37
2015-04-16;2.7625;2.7985;2.76;2.7855;+2.05
2015-04-17;2.7895;2.8175;2.772;2.7835;-0.07
2015-04-20;2.7845;2.7845;2.725;2.7355;-1.72
2015-04-21;2.7275;2.7325;2.695;2.705;-1.11
2015-04-22;2.6955;2.6955;2.6675;2.6695;-1.31
2015-04-23;2.6675;2.698;2.6655;2.698;+1.07
2015-04-24;2.7405;2.752;2.7405;2.752;+2.00
2015-04-27;2.7595;2.7855;2.7595;2.774;+0.80
2015-04-28;2.765;2.7905;2.764;2.78;+0.22
2015-04-29;2.78;2.7995;2.7545;2.795;+0.54
2015-04-30;2.7885;2.8895;2.786;2.8865;+3.27
2015-05-01;2.8845;2.94;2.8845;2.9315;+1.56
2015-05-04;2.913;2.9285;2.895;2.924;-0.26
2015-05-05;2.918;2.953;2.9065;2.94;+0.55
2015-05-06;2.935;2.942;2.9145;2.9325;-0.26
2015-05-07;2.932;2.9355;2.913;2.926;-0.22
2015-05-08;2.9275;2.937;2.8965;2.931;+0.17
2015-05-11;2.9385;2.9385;2.908;2.9175;-0.46
2015-05-12;2.9175;2.959;2.9175;2.9505;+1.13
2015-05-13;2.9475;2.961;2.9345;2.95;-0.02
2015-05-14;2.9375;2.959;2.93;2.946;-0.14
2015-05-15;2.94;2.953;2.9225;2.949;+0.10
2015-05-18;2.955;2.955;2.9185;2.93;-0.64
2015-05-19;2.923;2.923;2.85;2.8615;-2.34
2015-05-20;2.85;2.859;2.844;2.8515;-0.35
2015-05-21;2.8535;2.88;2.8535;2.871;+0.68
2015-05-22;2.8525;2.8525;2.815;2.8335;-1.31
2015-05-26;2.829;2.8535;2.811;2.8535;+0.71
2015-05-27;2.8415;2.8415;2.805;2.816;-1.31
2015-05-28;2.7825;2.8005;2.78;2.793;-0.82
2015-05-29;2.7935;2.803;2.754;2.7595;-1.20
2015-06-01;2.7635;2.765;2.7355;2.741;-0.67
2015-06-02;2.7355;2.761;2.7355;2.758;+0.62
2015-06-03;2.7615;2.7625;2.7465;2.7505;-0.27
2015-06-04;2.7285;2.735;2.707;2.7155;-1.27
2015-06-05;2.7105;2.725;2.7085;2.722;+0.24
2015-06-08;2.7265;2.7295;2.716;2.716;-0.22
2015-06-09;2.7355;2.752;2.733;2.7405;+0.90
2015-06-10;2.747;2.7735;2.747;2.7715;+1.13
2015-06-11;2.716;2.7225;2.6875;2.693;-2.83
2015-06-12;2.686;2.701;2.6855;2.6995;+0.24
2015-06-15;2.68;2.68;2.653;2.659;-1.50
2015-06-16;2.6325;2.641;2.624;2.6265;-1.22
2015-06-17;2.625;2.6435;2.618;2.623;-0.13
2015-06-18;2.6525;2.659;2.6195;2.6285;+0.21
2015-06-19;2.625;2.625;2.5875;2.592;-1.39
2015-06-22;2.593;2.594;2.583;2.588;-0.15
2015-06-23;2.593;2.646;2.593;2.634;+1.78
2015-06-24;2.65;2.6665;2.646;2.6465;+0.47
2015-06-25;2.642;2.651;2.642;2.6455;-0.04
2015-06-26;2.645;2.649;2.632;2.645;-0.02
2015-06-29;2.6375;2.66;2.6215;2.6385;-0.25
2015-06-30;2.638;2.646;2.5945;2.6235;-0.57
2015-07-01;2.6225;2.642;2.615;2.6355;+0.46
2015-07-02;2.6395;2.645;2.628;2.6345;-0.04
2015-07-06;2.6025;2.6025;2.51;2.543;-3.47
2015-07-07;2.5445;2.5445;2.39;2.451;-3.62
2015-07-08;2.462;2.5195;2.41;2.504;+2.16
2015-07-09;2.5;2.5945;2.5;2.558;+2.16
2015-07-10;2.56;2.56;2.5365;2.5455;-0.49
2015-07-13;2.5475;2.56;2.507;2.5555;+0.39
2015-07-14;2.5515;2.5515;2.5285;2.5445;-0.43
2015-07-15;2.57;2.57;2.511;2.5305;-0.55
2015-07-16;2.523;2.549;2.52;2.5315;+0.04
2015-07-17;2.535;2.537;2.495;2.5045;-1.07
2015-07-20;2.49;2.4945;2.475;2.484;-0.82
2015-07-21;2.511;2.5115;2.4775;2.4775;-0.26
2015-07-22;2.45;2.45;2.4315;2.4315;-1.86
2015-07-23;2.41;2.43;2.3625;2.3855;-1.89
2015-07-24;2.3665;2.386;2.3665;2.3815;-0.17
2015-07-27;2.3835;2.384;2.342;2.3505;-1.30
2015-07-28;2.348;2.4085;2.348;2.403;+2.23
2015-07-29;2.41;2.41;2.403;2.408;+0.21
2015-07-30;2.4185;2.4185;2.361;2.3815;-1.10
2015-07-31;2.3685;2.386;2.3545;2.3675;-0.59
2015-08-03;2.35;2.36;2.33;2.3475;-0.84
2015-08-04;2.34;2.3705;2.34;2.365;+0.75
2015-08-05;2.3525;2.359;2.3525;2.353;-0.51
2015-08-06;2.356;2.3635;2.3455;2.348;-0.21
2015-08-07;2.3365;2.3465;2.3335;2.3415;-0.28
2015-08-10;2.348;2.4155;2.348;2.4075;+2.82
2015-08-11;2.3355;2.3455;2.3295;2.341;-2.76
2015-08-12;2.31;2.365;2.31;2.3605;+0.83
2015-08-13;2.3835;2.393;2.3635;2.3655;+0.21
2015-08-14;2.362;2.364;2.3525;2.364;-0.06
2015-08-17;2.3205;2.3375;2.3205;2.3325;-1.33
2015-08-18;2.295;2.297;2.2805;2.297;-1.52
2015-08-19;2.29;2.29;2.2705;2.283;-0.61
2015-08-20;2.318;2.329;2.3105;2.323;+1.75
2015-08-21;2.314;2.3155;2.3;2.307;-0.69
2015-08-24;2.271;2.2725;2.2275;2.269;-1.65
2015-08-25;2.265;2.323;2.265;2.323;+2.38
2015-08-26;2.302;2.302;2.251;2.251;-3.10
2015-08-27;2.299;2.334;2.299;2.334;+3.69
2015-08-28;2.3355;2.368;2.309;2.3465;+0.54
2015-08-31;2.337;2.3425;2.294;2.338;-0.36
2015-09-01;2.3355;2.3385;2.29;2.3025;-1.52
2015-09-02;2.2945;2.3435;2.2915;2.333;+1.32
2015-09-03;2.336;2.4205;2.336;2.39;+2.44
2015-09-04;2.37;2.37;2.3195;2.3195;-2.95
2015-09-08;2.326;2.451;2.326;2.4385;+5.13
2015-09-09;2.434;2.472;2.4275;2.4425;+0.16
2015-09-10;2.43;2.473;2.43;2.4545;+0.49
2015-09-11;2.4635;2.4675;2.4305;2.462;+0.31
2015-09-14;2.4425;2.444;2.409;2.414;-1.95
2015-09-15;2.42;2.4375;2.406;2.436;+0.91
2015-09-16;2.43;2.466;2.43;2.4615;+1.05
2015-09-17;2.463;2.5;2.447;2.4615;0.00
2015-09-18;2.4695;2.4695;2.3855;2.397;-2.62
2015-09-21;2.3855;2.413;2.3845;2.3985;+0.06
2015-09-22;2.39;2.39;2.2975;2.307;-3.81
2015-09-23;2.3025;2.322;2.3;2.3055;-0.07
2015-09-24;2.316;2.316;2.29;2.312;+0.28
2015-09-25;2.309;2.3235;2.284;2.2915;-0.89
2015-09-28;2.29;2.29;2.2455;2.256;-1.55
2015-09-29;2.2405;2.266;2.2405;2.2535;-0.11
2015-09-30;2.263;2.3535;2.263;2.3455;+4.08
2015-10-01;2.3415;2.38;2.305;2.3075;-1.62
2015-10-02;2.3005;2.349;2.2805;2.3295;+0.95
2015-10-05;2.3545;2.374;2.3415;2.36;+1.31
2015-10-06;2.3565;2.375;2.356;2.359;-0.04
2015-10-07;2.3635;2.4;2.3625;2.3715;+0.53
2015-10-08;2.3705;2.3705;2.3265;2.347;-1.03
2015-10-09;2.3515;2.4305;2.3515;2.417;+2.98
2015-10-12;2.435;2.435;2.414;2.4195;+0.10
2015-10-13;2.397;2.411;2.3865;2.3915;-1.16
2015-10-14;2.403;2.4245;2.403;2.42;+1.19
2015-10-15;2.423;2.4355;2.4095;2.426;+0.25
2015-10-16;2.4325;2.4325;2.3955;2.407;-0.78
2015-10-19;2.3965;2.3965;2.365;2.3715;-1.47
2015-10-20;2.364;2.376;2.364;2.3695;-0.08
2015-10-21;2.35;2.364;2.335;2.364;-0.23
2015-10-22;2.363;2.405;2.363;2.3845;+0.87
2015-10-23;2.3765;2.3785;2.35;2.35;-1.45
2015-10-26;2.35;2.3625;2.35;2.3565;+0.28
2015-10-27;2.3705;2.3755;2.358;2.358;+0.06
2015-10-28;2.346;2.3545;2.327;2.3545;-0.15
2015-10-29;2.334;2.3365;2.315;2.3155;-1.66
2015-10-30;2.3215;2.3215;2.305;2.3135;-0.09
2015-11-02;2.2905;2.3155;2.2905;2.3155;+0.09
2015-11-03;2.3085;2.338;2.2995;2.327;+0.50
2015-11-04;2.3365;2.3415;2.3155;2.3195;-0.32
2015-11-05;2.28;2.2805;2.251;2.2535;-2.85
2015-11-06;2.264;2.264;2.24;2.2415;-0.53
2015-11-09;2.238;2.2395;2.23;2.23;-0.51
2015-11-10;2.217;2.219;2.209;2.2165;-0.61
2015-11-11;2.213;2.221;2.213;2.2165;0.00
2015-11-12;2.2;2.2;2.164;2.173;-1.96
2015-11-13;2.1655;2.17;2.163;2.17;-0.14
2015-11-16;2.16;2.1695;2.116;2.118;-2.40
2015-11-17;2.1205;2.1205;2.098;2.1055;-0.59
2015-11-18;2.0885;2.0905;2.075;2.078;-1.31
2015-11-19;2.0795;2.08;2.0725;2.0765;-0.07
2015-11-20;2.0945;2.0945;2.041;2.054;-1.08
2015-11-23;2.013;2.02;2.0045;2.0195;-1.68
2015-11-24;2.023;2.067;2.023;2.0535;+1.68
2015-11-25;2.045;2.0455;2.0395;2.0445;-0.44
2015-11-27;2.044;2.123;2.038;2.0505;+0.29
2015-11-30;2.0625;2.0745;2.0325;2.0445;-0.29
2015-12-01;2.044;2.0775;2.04;2.0665;+1.08
2015-12-02;2.0705;2.083;2.0285;2.029;-1.81
2015-12-03;2.0375;2.0565;2.025;2.056;+1.33
2015-12-04;2.054;2.092;2.04;2.074;+0.88
2015-12-07;2.073;2.0845;2.038;2.0445;-1.42
2015-12-08;2.039;2.0625;2.037;2.048;+0.17
2015-12-09;2.053;2.0835;2.052;2.06;+0.59
2015-12-10;2.058;2.067;2.052;2.065;+0.24
2015-12-11;2.058;2.125;2.058;2.108;+2.08
2015-12-14;2.1055;2.1055;2.0845;2.104;-0.19
2015-12-15;2.0975;2.0975;2.041;2.051;-2.52
2015-12-16;2.0575;2.0815;2.0565;2.061;+0.49
2015-12-17;2.04;2.04;2.0285;2.0345;-1.29
2015-12-18;2.0465;2.1035;2.0465;2.103;+3.37
2015-12-21;2.1025;2.1295;2.1025;2.129;+1.24
2015-12-22;2.1065;2.1115;2.097;2.097;-1.50
2015-12-23;2.098;2.1165;2.098;2.1115;+0.69
2015-12-24;2.109;2.1115;2.105;2.1115;0.00
2015-12-28;2.1;2.1;2.0665;2.0665;-2.13
2015-12-29;2.1265;2.1345;2.125;2.125;+2.83
2015-12-30;2.13;2.1385;2.1195;2.137;+0.56
2015-12-31;2.138;2.14;2.1115;2.1255;-0.54
2016-01-04;2.0705;2.086;2.063;2.0705;-2.59
2016-01-05;2.0735;2.097;2.0735;2.0885;+0.87
2016-01-06;2.079;2.083;2.071;2.0805;-0.38
2016-01-07;2.06;2.06;1.9925;2.0155;-3.12
2016-01-08;2.0185;2.0185;2.009;2.0165;+0.05
2016-01-11;1.9765;1.978;1.9655;1.9675;-2.43
2016-01-12;1.962;1.9625;1.9505;1.953;-0.74
2016-01-13;1.9525;1.9665;1.9495;1.9505;-0.13
2016-01-14;1.96;1.9845;1.96;1.971;+1.05
2016-01-15;1.973;1.973;1.9385;1.9395;-1.60
2016-01-19;1.9365;1.9925;1.9365;1.9735;+1.75
2016-01-20;1.961;1.9865;1.952;1.956;-0.89
2016-01-21;1.973;1.994;1.969;1.993;+1.89
2016-01-22;2.0075;2.018;1.9985;1.9985;+0.28
2016-01-25;2.009;2.0095;1.9845;1.9955;-0.15
2016-01-26;2.032;2.0405;2.0225;2.034;+1.93
2016-01-27;2.041;2.073;2.041;2.063;+1.43
2016-01-28;2.06;2.06;2.039;2.049;-0.68
2016-01-29;2.051;2.064;2.048;2.064;+0.73
2016-02-01;2.03;2.0585;2.027;2.0515;-0.61
2016-02-02;2.0545;2.063;2.0415;2.052;+0.02
2016-02-03;2.079;2.0995;2.079;2.092;+1.95
2016-02-04;2.1175;2.1335;2.104;2.128;+1.72
2016-02-05;2.1075;2.1075;2.0845;2.1005;-1.29
2016-02-08;2.0785;2.0935;2.0785;2.0885;-0.57
2016-02-09;2.084;2.09;2.0155;2.0385;-2.39
2016-02-10;2.024;2.026;2.003;2.025;-0.66
2016-02-11;2.009;2.0215;1.9995;2.004;-1.04
2016-02-12;2.0105;2.0365;2.0105;2.027;+1.15
2016-02-16;2.0475;2.0815;2.046;2.049;+1.09
2016-02-17;2.0435;2.074;2.04;2.074;+1.22
2016-02-18;2.073;2.0765;2.0545;2.0715;-0.12
2016-02-19;2.072;2.0835;2.0715;2.0755;+0.19
2016-02-22;2.097;2.1185;2.097;2.113;+1.81
2016-02-23;2.091;2.1055;2.09;2.1045;-0.40
2016-02-24;2.0815;2.116;2.0725;2.095;-0.45
2016-02-25;2.098;2.098;2.065;2.065;-1.43
2016-02-26;2.0785;2.1565;2.0765;2.118;+2.57
2016-02-29;2.1215;2.1285;2.0965;2.1285;+0.50
2016-03-01;2.1225;2.144;2.094;2.1415;+0.61
2016-03-02;2.1415;2.1955;2.1405;2.1775;+1.68
2016-03-03;2.182;2.215;2.175;2.2045;+1.24
2016-03-04;2.2085;2.3;2.2085;2.271;+3.02
2016-03-07;2.267;2.2805;2.2485;2.2805;+0.42
2016-03-08;2.2715;2.2715;2.2045;2.2185;-2.72
2016-03-09;2.2365;2.2475;2.206;2.23;+0.52
2016-03-10;2.2375;2.238;2.208;2.2175;-0.56
2016-03-11;2.24;2.25;2.2335;2.2385;+0.95
2016-03-14;2.2625;2.2625;2.231;2.237;-0.07
2016-03-15;2.205;2.2335;2.205;2.231;-0.27
2016-03-16;2.2315;2.2585;2.223;2.2315;+0.02
2016-03-17;2.2625;2.2915;2.257;2.289;+2.58
2016-03-18;2.3;2.3145;2.278;2.2795;-0.42
2016-03-21;2.2785;2.2945;2.2785;2.2895;+0.44
2016-03-22;2.279;2.289;2.272;2.2845;-0.22
2016-03-23;2.271;2.2725;2.2305;2.2305;-2.36
2016-03-24;2.225;2.2325;2.21;2.2245;-0.27
2016-03-28;2.226;2.2485;2.2255;2.2415;+0.76
2016-03-29;2.2075;2.2155;2.198;2.2085;-1.47
2016-03-30;2.2125;2.2125;2.1795;2.187;-0.97
2016-03-31;2.186;2.1955;2.1755;2.1815;-0.25
2016-04-01;2.184;2.184;2.158;2.161;-0.94
2016-04-04;2.1555;2.1575;2.1375;2.138;-1.06
2016-04-05;2.1415;2.1415;2.1335;2.135;-0.14
2016-04-06;2.131;2.144;2.131;2.1405;+0.26
2016-04-07;2.1415;2.1415;2.0705;2.0745;-3.08
2016-04-08;2.0845;2.0945;2.0845;2.0865;+0.58
2016-04-11;2.1015;2.1015;2.075;2.0885;+0.10
2016-04-12;2.0935;2.151;2.0935;2.145;+2.71
2016-04-13;2.1735;2.174;2.166;2.1675;+1.05
2016-04-14;2.1585;2.1725;2.1585;2.171;+0.16
2016-04-15;2.145;2.154;2.145;2.152;-0.88
2016-04-18;2.141;2.168;2.141;2.164;+0.56
2016-04-19;2.1655;2.2255;2.1655;2.223;+2.73
2016-04-20;2.21;2.242;2.21;2.242;+0.85
2016-04-21;2.274;2.274;2.25;2.252;+0.45
2016-04-22;2.289;2.2925;2.269;2.269;+0.75
2016-04-25;2.265;2.2725;2.2585;2.2585;-0.46
2016-04-26;2.237;2.263;2.235;2.2485;-0.44
2016-04-27;2.237;2.237;2.2135;2.2205;-1.25
2016-04-28;2.226;2.24;2.2015;2.2245;+0.18
2016-04-29;2.218;2.2915;2.218;2.279;+2.45
2016-05-02;2.2675;2.285;2.2545;2.2615;-0.77
2016-05-03;2.2555;2.2565;2.208;2.2145;-2.08
2016-05-04;2.207;2.217;2.177;2.183;-1.42
2016-05-05;2.1805;2.1805;2.141;2.151;-1.47
2016-05-06;2.1425;2.1645;2.14;2.151;0.00
2016-05-09;2.147;2.147;2.097;2.104;-2.19
2016-05-10;2.105;2.11;2.0895;2.09;-0.67
2016-05-11;2.1;2.124;2.0925;2.101;+0.53
2016-05-12;2.098;2.12;2.06;2.073;-1.33
2016-05-13;2.076;2.0845;2.065;2.075;+0.10
2016-05-16;2.0715;2.099;2.0715;2.091;+0.77
2016-05-17;2.0985;2.0985;2.075;2.092;+0.05
2016-05-18;2.097;2.0975;2.052;2.0815;-0.50
2016-05-19;2.0665;2.0685;2.0415;2.063;-0.89
2016-05-20;2.078;2.0805;2.055;2.0585;-0.22
2016-05-23;2.061;2.0635;2.0525;2.0575;-0.05
2016-05-24;2.065;2.083;2.065;2.0695;+0.58
2016-05-25;2.09;2.1095;2.08;2.105;+1.72
2016-05-26;2.118;2.118;2.1055;2.1065;+0.07
2016-05-27;2.0905;2.1215;2.0905;2.114;+0.36
2016-05-31;2.0975;2.114;2.078;2.0975;-0.78
2016-06-01;2.0655;2.074;2.0575;2.0725;-1.19
2016-06-02;2.064;2.074;2.064;2.0695;-0.14
2016-06-03;2.067;2.132;2.0645;2.112;+2.05
2016-06-06;2.14;2.14;2.1125;2.117;+0.24
2016-06-07;2.1215;2.1215;2.05;2.051;-3.12
2016-06-08;2.07;2.07;2.0625;2.0625;+0.56
2016-06-09;2.0745;2.0795;2.0205;2.04;-1.09
2016-06-10;2.034;2.037;2.0255;2.0315;-0.42
2016-06-13;2.065;2.065;2.055;2.0575;+1.28
2016-06-14;2.0435;2.052;2.039;2.0445;-0.63
2016-06-15;2.0695;2.1155;2.0695;2.0935;+2.40
2016-06-16;2.066;2.066;2.043;2.05;-2.08
2016-06-17;2.075;2.075;2.0525;2.0525;+0.12
2016-06-20;2.0815;2.097;2.08;2.0935;+2.00
2016-06-21;2.079;2.1285;2.079;2.1165;+1.10
2016-06-22;2.141;2.141;2.1315;2.1355;+0.90
2016-06-23;2.1425;2.1665;2.1325;2.1635;+1.31
2016-06-24;2.114;2.122;2.1095;2.112;-2.38
2016-06-27;2.1245;2.128;2.115;2.1265;+0.69
2016-06-28;2.1745;2.176;2.1265;2.17;+2.05
2016-06-29;2.1795;2.194;2.158;2.1835;+0.62
2016-06-30;2.191;2.2045;2.1725;2.1945;+0.50
2016-07-01;2.201;2.2345;2.1665;2.215;+0.93
2016-07-05;2.229;2.2455;2.1615;2.1815;-1.51
2016-07-06;2.1805;2.183;2.1315;2.1515;-1.38
2016-07-07;2.1445;2.151;2.116;2.1225;-1.35
2016-07-08;2.1225;2.133;2.117;2.1185;-0.19
2016-07-11;2.1405;2.163;2.1405;2.147;+1.35
2016-07-12;2.146;2.221;2.146;2.211;+2.98
2016-07-13;2.216;2.2735;2.2145;2.238;+1.22
2016-07-14;2.237;2.2465;2.2315;2.241;+0.13
2016-07-15;2.235;2.2605;2.23;2.2305;-0.47
2016-07-18;2.2165;2.2415;2.2085;2.234;+0.16
2016-07-19;2.239;2.262;2.234;2.2615;+1.23
2016-07-20;2.2575;2.2585;2.239;2.252;-0.42
2016-07-21;2.2485;2.266;2.2485;2.256;+0.18
2016-07-22;2.2615;2.262;2.2255;2.234;-0.98
2016-07-25;2.24;2.2405;2.2095;2.216;-0.81
2016-07-26;2.212;2.2295;2.212;2.225;+0.41
2016-07-27;2.211;2.2145;2.185;2.185;-1.80
2016-07-28;2.2045;2.22;2.198;2.206;+0.96
2016-07-29;2.199;2.2285;2.189;2.2205;+0.66
2016-08-01;2.239;2.239;2.19;2.1965;-1.08
2016-08-02;2.192;2.235;2.192;2.2065;+0.46
2016-08-03;2.204;2.204;2.175;2.196;-0.48
2016-08-04;2.1665;2.1755;2.1555;2.174;-1.00
2016-08-05;2.1735;2.174;2.152;2.153;-0.97
2016-08-08;2.155;2.1775;2.155;2.164;+0.51
2016-08-09;2.161;2.161;2.14;2.1495;-0.67
2016-08-10;2.151;2.195;2.151;2.1705;+0.98
2016-08-11;2.181;2.192;2.181;2.19;+0.90
2016-08-12;2.1525;2.157;2.1385;2.1405;-2.26
2016-08-15;2.1415;2.1545;2.1385;2.1515;+0.51
2016-08-16;2.155;2.1735;2.155;2.172;+0.95
2016-08-17;2.159;2.159;2.152;2.152;-0.92
2016-08-18;2.1585;2.1875;2.1585;2.167;+0.70
2016-08-19;2.1655;2.1735;2.1655;2.1665;-0.02
2016-08-22;2.1635;2.1635;2.13;2.14;-1.22
2016-08-23;2.127;2.1315;2.114;2.115;-1.17
2016-08-24;2.1175;2.118;2.076;2.076;-1.84
2016-08-25;2.0815;2.083;2.0755;2.0755;-0.02
2016-08-26;2.077;2.077;2.075;2.075;-0.02
2016-08-29;2.081;2.081;2.0725;2.0725;-0.12
2016-08-30;2.0805;2.089;2.063;2.069;-0.17
2016-08-31;2.0695;2.0825;2.0675;2.0695;+0.02
2016-09-01;2.072;2.09;2.0675;2.0685;-0.05
2016-09-02;2.0765;2.0855;2.0685;2.0715;+0.15
2016-09-06;2.074;2.092;2.0695;2.084;+0.60
2016-09-07;2.087;2.106;2.087;2.093;+0.43
2016-09-08;2.101;2.101;2.08;2.096;+0.14
2016-09-09;2.097;2.0975;2.082;2.0885;-0.36
2016-09-12;2.08;2.103;2.061;2.096;+0.36
2016-09-13;2.098;2.111;2.0885;2.0955;-0.02
2016-09-14;2.105;2.15;2.102;2.148;+2.51
2016-09-15;2.1465;2.156;2.1415;2.152;+0.19
2016-09-16;2.1545;2.155;2.1435;2.1515;-0.02
2016-09-19;2.137;2.149;2.137;2.149;-0.12
2016-09-20;2.148;2.1605;2.144;2.1555;+0.30
2016-09-21;2.148;2.1565;2.145;2.145;-0.49
2016-09-22;2.167;2.19;2.167;2.1875;+1.98
2016-09-23;2.1885;2.196;2.1885;2.1925;+0.23
2016-09-26;2.18;2.19;2.1785;2.19;-0.11
2016-09-27;2.174;2.185;2.1605;2.1615;-1.30
2016-09-28;2.178;2.1795;2.178;2.1795;+0.83
2016-09-29;2.1945;2.196;2.176;2.181;+0.07
2016-09-30;2.2;2.209;2.196;2.202;+0.96
2016-10-03;2.187;2.187;2.1655;2.1835;-0.84
2016-10-04;2.165;2.1795;2.1585;2.1585;-1.14
2016-10-05;2.155;2.1695;2.155;2.156;-0.12
2016-10-06;2.1475;2.149;2.14;2.148;-0.37
2016-10-07;2.1665;2.1665;2.156;2.1565;+0.40
2016-10-11;2.1905;2.1905;2.1695;2.1785;+1.02
2016-10-12;2.1765;2.183;2.168;2.1695;-0.41
2016-10-13;2.153;2.153;2.114;2.115;-2.51
2016-10-14;2.1195;2.1205;2.096;2.1035;-0.54
2016-10-17;2.0995;2.105;2.096;2.0995;-0.19
2016-10-18;2.1085;2.1085;2.098;2.098;-0.07
2016-10-19;2.098;2.1;2.0835;2.097;-0.05
2016-10-20;2.08;2.091;2.08;2.0905;-0.31
2016-10-21;2.0905;2.0915;2.0835;2.0835;-0.33
2016-10-24;2.089;2.089;2.0875;2.0875;+0.19
2016-10-25;2.115;2.1395;2.115;2.1325;+2.16
2016-10-26;2.133;2.1395;2.1325;2.1395;+0.33
2016-10-27;2.1545;2.167;2.152;2.1655;+1.22
2016-10-28;2.164;2.1935;2.164;2.1885;+1.06
2016-10-31;2.1895;2.206;2.1895;2.2005;+0.55
2016-11-01;2.205;2.2265;2.1995;2.2245;+1.09
2016-11-02;2.2235;2.228;2.2115;2.226;+0.07
2016-11-03;2.216;2.245;2.215;2.2445;+0.83
2016-11-04;2.248;2.262;2.248;2.261;+0.74
2016-11-07;2.2895;2.309;2.2815;2.3065;+2.01
2016-11-08;2.3005;2.379;2.2905;2.379;+3.14
2016-11-09;2.4365;2.459;2.4365;2.459;+3.36
2016-11-10;2.562;2.564;2.5185;2.5495;+3.68
2016-11-14;2.563;2.568;2.5085;2.5185;-1.22
2016-11-15;2.561;2.561;2.462;2.502;-0.66
2016-11-16;2.5;2.5;2.445;2.465;-1.48
2016-11-17;2.47;2.4905;2.4625;2.4875;+0.91
2016-11-18;2.455;2.483;2.453;2.464;-0.94
2016-11-21;2.5185;2.524;2.501;2.5125;+1.97
2016-11-22;2.5575;2.5575;2.535;2.5425;+1.19
2016-11-23;2.5315;2.6085;2.5315;2.606;+2.50
2016-11-25;2.6555;2.667;2.6455;2.667;+2.34
2016-11-28;2.6635;2.722;2.656;2.656;-0.41
2016-11-29;2.6515;2.662;2.5735;2.595;-2.30
2016-11-30;2.5885;2.643;2.54;2.6215;+1.02
2016-12-01;2.6255;2.656;2.6035;2.6315;+0.38
2016-12-02;2.6175;2.6245;2.587;2.615;-0.63
2016-12-05;2.61;2.701;2.61;2.689;+2.83
2016-12-06;2.6755;2.6875;2.6435;2.672;-0.63
2016-12-07;2.66;2.693;2.6215;2.637;-1.31
2016-12-08;2.63;2.661;2.61;2.62;-0.64
2016-12-09;2.6405;2.6545;2.6265;2.642;+0.84
2016-12-12;2.6735;2.6735;2.5995;2.613;-1.10
2016-12-13;2.592;2.6225;2.561;2.593;-0.77
2016-12-14;2.5865;2.6355;2.5665;2.6;+0.27
2016-12-15;2.595;2.602;2.575;2.596;-0.15
2016-12-16;2.58;2.5825;2.539;2.561;-1.35
2016-12-19;2.546;2.5525;2.475;2.4965;-2.52
2016-12-20;2.494;2.4995;2.481;2.4995;+0.12
2016-12-21;2.5095;2.5095;2.49;2.4915;-0.32
2016-12-22;2.4905;2.503;2.455;2.4945;+0.12
2016-12-23;2.496;2.501;2.472;2.4725;-0.88
2016-12-27;2.45;2.513;2.45;2.508;+1.44
2016-12-28;2.5225;2.5225;2.494;2.495;-0.52
2016-12-29;2.498;2.509;2.479;2.479;-0.64
2016-12-30;2.4925;2.5065;2.4925;2.4975;+0.75
2017-01-03;2.527;2.5275;2.48;2.481;-0.66
2017-01-04;2.497;2.5495;2.497;2.548;+2.70
2017-01-05;2.554;2.5725;2.527;2.5295;-0.73
2017-01-06;2.5175;2.538;2.505;2.538;+0.34
2017-01-09;2.534;2.542;2.515;2.53;-0.32
2017-01-10;2.562;2.6135;2.562;2.6035;+2.91
2017-01-11;2.6045;2.6045;2.5905;2.601;-0.10
2017-01-12;2.597;2.6605;2.597;2.6605;+2.29
2017-01-13;2.6415;2.6805;2.641;2.6805;+0.75
2017-01-17;2.6745;2.6745;2.602;2.6165;-2.39
2017-01-18;2.618;2.618;2.6015;2.608;-0.32
2017-01-19;2.606;2.606;2.595;2.6015;-0.25
2017-01-20;2.61;2.62;2.593;2.617;+0.60
2017-01-23;2.6385;2.6395;2.6355;2.6395;+0.86
2017-01-24;2.679;2.702;2.679;2.7005;+2.31
2017-01-25;2.6955;2.7085;2.6955;2.7025;+0.07
2017-01-26;2.6985;2.6985;2.66;2.666;-1.35
2017-01-27;2.6705;2.68;2.658;2.68;+0.53
2017-01-30;2.681;2.682;2.6365;2.6475;-1.21
2017-01-31;2.658;2.7215;2.658;2.7215;+2.80
2017-02-01;2.718;2.718;2.703;2.7045;-0.62
2017-02-02;2.714;2.714;2.665;2.678;-0.98
2017-02-03;2.6455;2.6455;2.607;2.6095;-2.56
2017-02-06;2.615;2.6455;2.615;2.6455;+1.38
2017-02-07;2.634;2.6415;2.626;2.626;-0.74
2017-02-08;2.6735;2.6735;2.6605;2.6605;+1.31
2017-02-09;2.648;2.648;2.648;2.648;-0.47
2017-02-10;2.677;2.77;2.664;2.762;+4.31
2017-02-13;2.7765;2.7765;2.7765;2.7765;+0.52
2017-02-14;2.756;2.76;2.731;2.731;-1.64
2017-02-15;2.72;2.739;2.72;2.736;+0.18
2017-02-16;2.705;2.717;2.701;2.716;-0.73
2017-02-17;2.685;2.7055;2.682;2.7055;-0.39
2017-02-21;2.7355;2.75;2.7355;2.7455;+1.48
2017-02-22;2.72;2.7325;2.72;2.7325;-0.47
2017-02-23;2.722;2.722;2.6415;2.6425;-3.29
2017-02-24;2.661;2.682;2.661;2.68;+1.42
2017-02-27;2.673;2.691;2.652;2.6875;+0.28
2017-02-28;2.683;2.7105;2.669;2.704;+0.61
2017-03-01;2.705;2.755;2.703;2.7265;+0.83
2017-03-02;2.724;2.729;2.673;2.6795;-1.72
2017-03-03;2.678;2.698;2.67;2.687;+0.28
2017-03-06;2.689;2.689;2.639;2.643;-1.64
2017-03-07;2.6545;2.6545;2.5965;2.6095;-1.27
2017-03-08;2.606;2.6235;2.583;2.592;-0.67
2017-03-09;2.576;2.5835;2.55;2.57;-0.85
2017-03-10;2.5665;2.5985;2.5665;2.5865;+0.64
2017-03-13;2.59;2.6275;2.5885;2.6165;+1.16
2017-03-14;2.6115;2.635;2.6;2.624;+0.29
2017-03-15;2.652;2.666;2.641;2.6455;+0.82
2017-03-16;2.6755;2.683;2.662;2.6655;+0.76
2017-03-17;2.66;2.683;2.648;2.6795;+0.53
2017-03-20;2.679;2.679;2.645;2.6555;-0.90
2017-03-21;2.642;2.642;2.5975;2.61;-1.71
2017-03-22;2.6;2.627;2.582;2.622;+0.46
2017-03-23;2.622;2.643;2.6095;2.6365;+0.55
2017-03-24;2.63;2.6335;2.6135;2.6235;-0.49
2017-03-27;2.596;2.626;2.562;2.625;+0.06
2017-03-28;2.6225;2.669;2.6215;2.669;+1.68
2017-03-29;2.6675;2.6735;2.6545;2.67;+0.04
2017-03-30;2.6675;2.708;2.6565;2.665;-0.19
2017-03-31;2.6715;2.6715;2.6345;2.6465;-0.69
2017-04-03;2.6415;2.653;2.5975;2.5975;-1.85
2017-04-04;2.59;2.608;2.59;2.606;+0.33
2017-04-05;2.64;2.687;2.64;2.6755;+2.67
2017-04-06;2.6585;2.682;2.648;2.6555;-0.75
2017-04-07;2.625;2.6455;2.606;2.645;-0.40
2017-04-10;2.638;2.638;2.6;2.602;-1.63
2017-04-11;2.607;2.6075;2.584;2.606;+0.15
2017-04-12;2.583;2.583;2.536;2.544;-2.38
2017-04-13;2.565;2.573;2.565;2.5695;+1.00
2017-04-17;2.5855;2.599;2.585;2.595;+0.99
2017-04-18;2.5845;2.5845;2.5205;2.529;-2.54
2017-04-19;2.5495;2.5495;2.5335;2.5335;+0.18
2017-04-20;2.5265;2.541;2.5265;2.541;+0.30
2017-04-21;2.5315;2.541;2.5315;2.5365;-0.18
2017-04-24;2.535;2.5535;2.535;2.5535;+0.67
2017-04-25;2.5725;2.586;2.5725;2.582;+1.12
2017-04-26;2.59;2.591;2.5795;2.591;+0.35
2017-04-27;2.5905;2.5905;2.5535;2.58;-0.42
2017-04-28;2.5835;2.6015;2.5775;2.5965;+0.64
2017-05-01;2.5875;2.68;2.5855;2.65;+2.06
2017-05-02;2.6505;2.6505;2.6155;2.625;-0.94
2017-05-03;2.6175;2.6175;2.506;2.533;-3.50
2017-05-04;2.512;2.527;2.48;2.502;-1.22
2017-05-05;2.5015;2.527;2.4955;2.5195;+0.70
2017-05-08;2.535;2.535;2.47;2.4855;-1.35
2017-05-09;2.4825;2.502;2.48;2.49;+0.18
2017-05-10;2.493;2.5;2.484;2.487;-0.12
2017-05-11;2.4925;2.534;2.4925;2.501;+0.56
2017-05-12;2.508;2.5205;2.505;2.518;+0.68
2017-05-15;2.5335;2.547;2.5315;2.533;+0.60
2017-05-16;2.521;2.5465;2.5155;2.5445;+0.45
2017-05-17;2.5355;2.544;2.5275;2.5425;-0.08
2017-05-18;2.52;2.531;2.488;2.5265;-0.63
2017-05-19;2.5435;2.5765;2.5435;2.574;+1.88
2017-05-22;2.565;2.595;2.5635;2.589;+0.58
2017-05-23;2.576;2.5905;2.5755;2.5905;+0.06
2017-05-24;2.584;2.584;2.567;2.578;-0.48
2017-05-25;2.5765;2.61;2.5765;2.592;+0.54
2017-05-26;2.5805;2.581;2.5565;2.5595;-1.25
2017-05-30;2.551;2.566;2.544;2.561;+0.06
2017-05-31;2.5675;2.5815;2.5545;2.577;+0.62
2017-06-01;2.5765;2.5875;2.5755;2.5845;+0.29
2017-06-02;2.5555;2.5745;2.531;2.5715;-0.50
2017-06-05;2.5565;2.5575;2.55;2.5545;-0.66
2017-06-06;2.535;2.558;2.518;2.5445;-0.39
2017-06-07;2.546;2.55;2.535;2.549;+0.18
2017-06-08;2.55;2.6095;2.545;2.607;+2.28
2017-06-09;2.623;2.647;2.616;2.646;+1.50
2017-06-12;2.622;2.625;2.611;2.6125;-1.27
2017-06-13;2.6205;2.6205;2.5865;2.593;-0.75
2017-06-14;2.58;2.58;2.5625;2.5705;-0.87
2017-06-15;2.57;2.57;2.555;2.564;-0.25
2017-06-16;2.557;2.567;2.557;2.5625;-0.06
2017-06-19;2.5895;2.5895;2.5875;2.5895;+1.05
2017-06-20;2.5865;2.5865;2.555;2.555;-1.33
2017-06-21;2.54;2.602;2.54;2.602;+1.84
2017-06-22;2.599;2.599;2.594;2.598;-0.15
2017-06-23;2.6345;2.6345;2.622;2.623;+0.96
2017-06-26;2.622;2.627;2.617;2.625;+0.08
2017-06-27;2.617;2.6465;2.617;2.6465;+0.82
2017-06-28;2.6505;2.662;2.6485;2.662;+0.59
2017-06-29;2.6605;2.7005;2.656;2.683;+0.79
2017-06-30;2.6845;2.706;2.671;2.699;+0.60
2017-07-03;2.686;2.7;2.675;2.681;-0.67
2017-07-05;2.6755;2.676;2.633;2.649;-1.19
2017-07-06;2.65;2.6555;2.6425;2.6515;+0.09
2017-07-07;2.657;2.657;2.6325;2.6375;-0.53
2017-07-10;2.642;2.6485;2.6235;2.6395;+0.08
2017-07-11;2.638;2.668;2.635;2.6645;+0.95
2017-07-12;2.67;2.6865;2.6675;2.677;+0.47
2017-07-13;2.685;2.688;2.654;2.6545;-0.84
2017-07-14;2.6575;2.6865;2.6575;2.684;+1.11
2017-07-17;2.6955;2.727;2.6955;2.717;+1.23
2017-07-18;2.7105;2.724;2.7105;2.7235;+0.24
2017-07-19;2.725;2.7255;2.7;2.703;-0.75
2017-07-20;2.7045;2.709;2.7025;2.7085;+0.20
2017-07-21;2.73;2.735;2.715;2.715;+0.24
2017-07-24;2.7205;2.736;2.7205;2.729;+0.52
2017-07-25;2.7345;2.8405;2.7275;2.8405;+4.09
2017-07-26;2.83;2.8815;2.83;2.869;+1.00
2017-07-27;2.8925;2.893;2.87;2.874;+0.17
2017-07-28;2.864;2.875;2.849;2.8705;-0.12
2017-07-31;2.893;2.9;2.8865;2.888;+0.61
2017-08-01;2.8905;2.8905;2.8745;2.879;-0.31
2017-08-02;2.876;2.8845;2.871;2.8825;+0.12
2017-08-03;2.8795;2.8795;2.8725;2.877;-0.19
2017-08-04;2.874;2.887;2.8675;2.885;+0.28
2017-08-07;2.8885;2.9145;2.8885;2.908;+0.80
2017-08-08;2.908;2.9425;2.908;2.9425;+1.19
2017-08-09;2.9345;2.943;2.92;2.93;-0.42
2017-08-10;2.9235;2.9235;2.9;2.906;-0.82
2017-08-11;2.89;2.914;2.88;2.914;+0.28
2017-08-14;2.901;2.9065;2.89;2.9065;-0.26
2017-08-15;2.902;2.902;2.8795;2.8845;-0.76
2017-08-16;2.885;2.968;2.885;2.9545;+2.43
2017-08-17;2.9615;2.963;2.93;2.938;-0.56
2017-08-18;2.9295;2.952;2.929;2.9405;+0.09
2017-08-21;2.963;3.0025;2.963;2.981;+1.38
2017-08-22;2.97;3.009;2.97;2.9865;+0.18
2017-08-23;2.969;2.9845;2.969;2.9805;-0.20
2017-08-24;2.986;3.0385;2.986;3.0335;+1.78
2017-08-25;3.037;3.0535;3.0275;3.033;-0.02
2017-08-28;3.071;3.0765;3.065;3.065;+1.06
2017-08-29;3.0825;3.0935;3.0795;3.081;+0.52
2017-08-30;3.081;3.094;3.06;3.0645;-0.54
2017-08-31;3.065;3.114;3.0645;3.079;+0.47
2017-09-01;3.087;3.1025;3.073;3.098;+0.62
2017-09-05;3.0985;3.158;3.093;3.1075;+0.31
2017-09-06;3.1075;3.1385;3.1075;3.1315;+0.77
2017-09-07;3.136;3.136;3.095;3.123;-0.27
2017-09-08;3.1275;3.138;3.0185;3.0215;-3.25
2017-09-11;3.0255;3.061;3.0225;3.046;+0.81
2017-09-12;3.0525;3.0525;3.0005;3.0155;-1.00
2017-09-13;3.0195;3.024;2.951;2.961;-1.81
2017-09-14;2.957;2.9685;2.918;2.9365;-0.83
2017-09-15;2.946;2.948;2.91;2.928;-0.29
2017-09-18;2.9605;2.9605;2.942;2.949;+0.72
2017-09-19;2.947;2.9545;2.9405;2.9495;+0.02
2017-09-20;2.9565;2.9665;2.936;2.9495;0.00
2017-09-21;2.9205;2.928;2.909;2.914;-1.20
2017-09-22;2.9015;2.93;2.875;2.9245;+0.36
2017-09-25;2.927;2.937;2.9065;2.9175;-0.24
2017-09-26;2.918;2.9445;2.89;2.8975;-0.69
2017-09-27;2.9165;2.9165;2.9015;2.911;+0.47
2017-09-28;2.9085;2.97;2.908;2.9625;+1.77
2017-09-29;2.963;2.9635;2.9315;2.9375;-0.84
2017-10-02;2.9545;2.9545;2.9275;2.9395;+0.07
2017-10-03;2.938;2.9505;2.9375;2.9485;+0.31
2017-10-04;2.953;2.953;2.944;2.9445;-0.14
2017-10-05;2.9505;3.0315;2.9505;3.0315;+2.95
2017-10-06;3.024;3.024;3.008;3.0145;-0.56
2017-10-09;3.01;3.017;3.01;3.017;+0.08
2017-10-10;3.0255;3.052;3.0215;3.0455;+0.94
2017-10-11;3.0425;3.083;3.0415;3.08;+1.13
2017-10-12;3.08;3.1155;3.08;3.104;+0.78
2017-10-13;3.104;3.1185;3.104;3.1185;+0.47
2017-10-16;3.138;3.2275;3.138;3.224;+3.38
2017-10-17;3.217;3.217;3.177;3.1805;-1.35
2017-10-18;3.1755;3.184;3.1575;3.1635;-0.53
2017-10-19;3.1505;3.156;3.15;3.153;-0.33
2017-10-20;3.179;3.179;3.1325;3.1515;-0.05
2017-10-23;3.145;3.175;3.145;3.174;+0.71
2017-10-24;3.181;3.187;3.181;3.1865;+0.39
2017-10-25;3.17;3.176;3.161;3.1715;-0.47
2017-10-26;3.164;3.1675;3.159;3.1675;-0.13
2017-10-27;3.1475;3.1475;3.074;3.0935;-2.34
2017-10-30;3.08;3.102;3.08;3.102;+0.27
2017-10-31;3.1;3.1035;3.085;3.092;-0.32
2017-11-01;3.138;3.141;3.1265;3.133;+1.33
2017-11-02;3.13;3.147;3.095;3.1355;+0.08
2017-11-03;3.1345;3.136;3.102;3.1105;-0.80
2017-11-06;3.149;3.153;3.144;3.1505;+1.29
2017-11-07;3.115;3.115;3.0785;3.0825;-2.16
2017-11-08;3.0925;3.0985;3.0925;3.093;+0.34
2017-11-09;3.0775;3.0855;3.077;3.08;-0.42
2017-11-10;3.079;3.079;3.0635;3.0695;-0.34
2017-11-13;3.086;3.126;3.086;3.1115;+1.37
2017-11-14;3.103;3.103;3.045;3.06;-1.66
2017-11-15;3.0505;3.0575;3.0335;3.049;-0.36
2017-11-16;3.045;3.0565;3.0405;3.0435;-0.18
2017-11-17;3.03;3.0645;3.03;3.0625;+0.62
2017-11-20;3.051;3.0905;3.051;3.0905;+0.91
2017-11-21;3.086;3.1255;3.086;3.1255;+1.13
2017-11-22;3.1345;3.136;3.1345;3.1345;+0.29
2017-11-24;3.126;3.1735;3.125;3.166;+1.00
2017-11-27;3.131;3.134;3.131;3.1325;-1.06
2017-11-28;3.105;3.105;3.0685;3.0705;-1.98
2017-11-29;3.068;3.0835;3.0325;3.04;-0.99
2017-11-30;3.037;3.0635;3.0245;3.037;-0.10
2017-12-01;3.0445;3.0975;3.0445;3.0655;+0.94
2017-12-04;3.068;3.084;3.059;3.063;-0.08
2017-12-05;3.064;3.065;2.9205;2.9205;-4.65
2017-12-06;2.9285;2.9615;2.9285;2.9365;+0.55
2017-12-07;2.951;2.968;2.929;2.9405;+0.14
2017-12-08;2.9385;2.9665;2.9385;2.955;+0.49
2017-12-11;2.9505;2.993;2.94;2.988;+1.12
2017-12-12;2.99;3.0005;2.983;2.9995;+0.38
2017-12-13;2.993;3.035;2.993;3.0295;+1.00
2017-12-14;3.033;3.052;3.016;3.0485;+0.63
2017-12-15;3.042;3.1145;3.042;3.11;+2.02
2017-12-18;3.096;3.123;3.09;3.122;+0.39
2017-12-19;3.111;3.1295;3.092;3.1275;+0.18
2017-12-20;3.1195;3.177;3.1195;3.1715;+1.41
2017-12-21;3.1695;3.1945;3.163;3.1945;+0.73
2017-12-22;3.1885;3.2185;3.1845;3.2145;+0.63
2017-12-26;3.221;3.258;3.221;3.256;+1.29
2017-12-27;3.257;3.257;3.257;3.257;+0.03
2017-12-28;3.2495;3.2955;3.2495;3.286;+0.89
2017-12-29;3.253;3.2795;3.253;3.2795;-0.20
2018-01-02;3.251;3.267;3.2505;3.256;-0.72
2018-01-03;3.239;3.2435;3.222;3.237;-0.58
2018-01-04;3.263;3.263;3.236;3.2425;+0.17
2018-01-05;3.209;3.211;3.207;3.207;-1.09
2018-01-08;3.2055;3.214;3.2;3.201;-0.19
2018-01-09;3.219;3.2235;3.193;3.1945;-0.20
2018-01-10;3.2265;3.2265;3.215;3.215;+0.64
2018-01-11;3.215;3.2155;3.21;3.2135;-0.05
2018-01-12;3.2;3.2;3.2;3.2;-0.42
2018-01-16;3.2415;3.2465;3.168;3.199;-0.03
2018-01-17;3.17;3.1715;3.16;3.1665;-1.02
2018-01-18;3.18;3.18;3.177;3.177;+0.33
2018-01-19;3.167;3.167;3.167;3.167;-0.31
2018-01-22;3.1885;3.1885;3.175;3.1775;+0.33
2018-01-23;3.1425;3.1425;3.0895;3.0895;-2.77
2018-01-24;3.153;3.2135;3.153;3.2085;+3.85
2018-01-25;3.2165;3.2165;3.199;3.199;-0.30
2018-01-26;3.1745;3.1825;3.1745;3.1825;-0.52
2018-01-30;3.16;3.1865;3.15;3.177;-0.17
2018-01-31;3.2105;3.2105;3.184;3.184;+0.22
2018-02-01;3.18;3.2075;3.1775;3.197;+0.41
2018-02-02;3.192;3.2055;3.163;3.1765;-0.64
2018-02-05;3.2165;3.24;3.179;3.2105;+1.07
2018-02-06;3.181;3.2005;3.151;3.1775;-1.03
2018-02-07;3.1305;3.1305;3.0765;3.0765;-3.18
2018-02-08;3.078;3.089;3.056;3.072;-0.15
2018-02-09;3.0665;3.068;3.021;3.0245;-1.55
2018-02-12;3.045;3.0775;3.045;3.0775;+1.75
2018-02-13;3.0785;3.1545;3.0785;3.1545;+2.50
2018-02-14;3.2275;3.2285;3.2275;3.2285;+2.35
2018-02-15;3.2195;3.2395;3.215;3.239;+0.33
2018-02-16;3.2495;3.2495;3.234;3.243;+0.12
2018-02-20;3.224;3.2335;3.181;3.186;-1.76
2018-02-21;3.1795;3.2115;3.1795;3.2115;+0.80
2018-02-22;3.1785;3.2375;3.1785;3.2375;+0.81
2018-02-23;3.199;3.2085;3.1985;3.2085;-0.90
2018-02-26;3.2035;3.2045;3.1955;3.196;-0.39
2018-02-27;3.199;3.2095;3.1335;3.1575;-1.20
2018-02-28;3.155;3.1565;3.102;3.1075;-1.58
2018-03-01;3.1045;3.1215;3.0805;3.0995;-0.26
2018-03-02;3.1045;3.1185;3.0875;3.101;+0.05
2018-03-05;3.1145;3.1145;3.0735;3.1055;+0.15
2018-03-06;3.1045;3.155;3.1045;3.137;+1.01
2018-03-07;3.1225;3.1225;3.0965;3.114;-0.73
2018-03-08;3.098;3.098;3.0515;3.0585;-1.78
2018-03-09;3.058;3.1255;3.041;3.116;+1.88
2018-03-12;3.1235;3.125;3.092;3.104;-0.39
2018-03-13;3.1005;3.1215;3.093;3.119;+0.48
2018-03-14;3.1235;3.1705;3.123;3.14;+0.67
2018-03-15;3.1315;3.1445;3.092;3.111;-0.92
2018-03-16;3.123;3.126;3.076;3.093;-0.58
2018-03-19;3.09;3.09;3.0555;3.0695;-0.76
2018-03-20;3.0615;3.068;3.0225;3.0255;-1.43
2018-03-21;3.0325;3.0685;3.01;3.0485;+0.76
2018-03-22;3.0485;3.0485;2.9955;3.012;-1.20
2018-03-23;3;3.0065;2.9735;2.9845;-0.91
2018-03-26;2.95;2.9805;2.946;2.9605;-0.80
2018-03-27;2.976;2.9915;2.976;2.9915;+1.05
2018-03-28;2.9655;2.998;2.9645;2.994;+0.08
2018-03-29;2.99;3.036;2.99;3.019;+0.84
2018-04-02;3.045;3.061;3.0325;3.0405;+0.71
2018-04-03;3.0495;3.0615;3.0405;3.058;+0.58
2018-04-04;3.0575;3.0575;2.972;3.007;-1.67
2018-04-05;3.051;3.071;3.044;3.0695;+2.08
2018-04-06;3.051;3.0545;3.035;3.054;-0.50
2018-04-09;3.061;3.072;3.0605;3.0715;+0.57
2018-04-10;3.088;3.1345;3.088;3.131;+1.94
2018-04-11;3.1175;3.1175;3.1045;3.112;-0.61
2018-04-12;3.048;3.06;3.045;3.06;-1.67
2018-04-13;3.0645;3.0675;3.06;3.0675;+0.25
2018-04-16;3.0685;3.1045;3.0685;3.0915;+0.78
2018-04-17;3.0685;3.075;3.0685;3.075;-0.53
2018-04-18;3.1605;3.164;3.1475;3.1535;+2.55
2018-04-19;3.12;3.128;3.12;3.128;-0.81
2018-04-20;3.106;3.14;3.106;3.1315;+0.11
2018-04-23;3.085;3.108;3.085;3.108;-0.75
2018-04-24;3.147;3.147;3.1325;3.1385;+0.98
2018-04-25;3.13;3.132;3.1275;3.132;-0.21
2018-04-26;3.1255;3.1255;3.113;3.113;-0.61
2018-04-27;3.116;3.12;3.029;3.046;-2.15
2018-04-30;3.0515;3.0655;3.033;3.0525;+0.21
2018-05-01;3.0485;3.053;2.9985;3.015;-1.23
2018-05-02;3.0325;3.0585;3.028;3.0475;+1.08
2018-05-03;3.0445;3.094;3.041;3.059;+0.38
2018-05-04;3.063;3.0805;3.046;3.0655;+0.21
2018-05-07;3.055;3.083;3.045;3.0595;-0.20
2018-05-08;3.058;3.0695;2.998;3.0405;-0.62
2018-05-09;3.033;3.0445;3.033;3.0395;-0.03
2018-05-10;3.043;3.094;3.043;3.0925;+1.74
2018-05-11;3.0915;3.1045;3.0915;3.095;+0.08
2018-05-14;3.075;3.086;3.0705;3.0785;-0.53
2018-05-15;3.078;3.078;3.022;3.0425;-1.17
2018-05-16;3.035;3.0605;3.035;3.0585;+0.53
2018-05-17;3.0705;3.077;3.061;3.077;+0.60
2018-05-18;3.05;3.069;3.045;3.051;-0.84
2018-05-21;3.0605;3.09;3.0605;3.0855;+1.13
2018-05-22;3.1;3.133;3.1;3.119;+1.09
2018-05-23;3.09;3.09;3.0365;3.0605;-1.88
2018-05-24;3.0575;3.09;3.0575;3.0855;+0.82
2018-05-25;3.0945;3.0945;3.065;3.067;-0.60
2018-05-29;3.0745;3.08;3.052;3.052;-0.49
2018-05-30;3.044;3.062;3;3.0595;+0.25
2018-05-31;3.0635;3.066;3.047;3.058;-0.05
2018-06-01;3.0565;3.0915;3.049;3.0915;+1.10
2018-06-04;3.102;3.13;3.0965;3.1265;+1.13
2018-06-05;3.1375;3.204;3.1375;3.191;+2.06
2018-06-06;3.1985;3.2585;3.1985;3.2545;+1.99
2018-06-07;3.2675;3.297;3.2515;3.268;+0.41
2018-06-08;3.246;3.2935;3.246;3.293;+0.76
2018-06-11;3.2815;3.2815;3.2445;3.2505;-1.29
2018-06-12;3.24;3.2425;3.24;3.2425;-0.25
2018-06-13;3.251;3.251;3.2455;3.248;+0.17
2018-06-14;3.2245;3.225;3.2105;3.2165;-0.97
2018-06-15;3.2245;3.225;3.13;3.141;-2.35
2018-06-18;3.136;3.136;3.0925;3.1035;-1.19
2018-06-19;3.0435;3.061;3.0435;3.0465;-1.84
2018-06-20;3.044;3.0505;3.044;3.0465;0.00
2018-06-21;3.0435;3.0435;3.025;3.025;-0.71
2018-06-22;3.0295;3.0325;3.0295;3.0325;+0.25
2018-06-25;3.0185;3.0185;2.9915;2.992;-1.34
2018-06-26;2.9905;3;2.9905;2.997;+0.17
2018-06-27;2.9645;2.9955;2.9645;2.9895;-0.25
2018-06-28;2.9775;2.981;2.93;2.9535;-1.20
2018-06-29;2.951;2.9805;2.9425;2.951;-0.08
2018-07-02;2.954;2.956;2.9085;2.9315;-0.66
2018-07-03;2.9305;2.942;2.897;2.906;-0.87
2018-07-05;2.8585;2.8595;2.811;2.814;-3.17
2018-07-06;2.818;2.8195;2.7855;2.813;-0.04
2018-07-09;2.8495;2.859;2.834;2.839;+0.92
2018-07-10;2.811;2.83;2.81;2.8285;-0.37
2018-07-11;2.818;2.818;2.7145;2.7335;-3.36
2018-07-12;2.728;2.78;2.722;2.768;+1.26
2018-07-13;2.775;2.7765;2.753;2.77;+0.07
2018-07-16;2.7735;2.779;2.74;2.757;-0.47
2018-07-17;2.76;2.7735;2.7365;2.7395;-0.63
2018-07-18;2.747;2.7565;2.71;2.752;+0.46
2018-07-19;2.7555;2.7555;2.6695;2.686;-2.40
2018-07-20;2.6795;2.7495;2.6795;2.746;+2.23
2018-07-23;2.7485;2.749;2.73;2.737;-0.33
2018-07-24;2.7365;2.8;2.7365;2.8;+2.30
2018-07-25;2.793;2.8435;2.793;2.806;+0.21
2018-07-26;2.842;2.842;2.789;2.804;-0.07
2018-07-27;2.7875;2.7875;2.7875;2.7875;-0.59
2018-07-30;2.793;2.7955;2.75;2.779;-0.30
2018-07-31;2.782;2.8225;2.769;2.819;+1.44
2018-08-01;2.815;2.815;2.72;2.735;-2.98
2018-08-02;2.73;2.735;2.708;2.727;-0.29
2018-08-03;2.7;2.7535;2.7;2.7535;+0.97
2018-08-06;2.74;2.74;2.7005;2.721;-1.18
2018-08-07;2.741;2.741;2.741;2.741;+0.74
2018-08-08;2.74;2.742;2.739;2.7405;-0.02
2018-08-09;2.798;2.798;2.754;2.7555;+0.55
2018-08-10;2.7465;2.7525;2.7315;2.7325;-0.83
2018-08-13;2.713;2.7335;2.713;2.722;-0.38
2018-08-14;2.681;2.681;2.6745;2.6755;-1.71
2018-08-15;2.67;2.67;2.557;2.557;-4.43
2018-08-16;2.5815;2.624;2.5815;2.6135;+2.21
2018-08-17;2.6245;2.6315;2.623;2.6245;+0.42
2018-08-20;2.658;2.6635;2.652;2.6635;+1.49
2018-08-21;2.6725;2.691;2.6725;2.6895;+0.98
2018-08-22;2.6755;2.677;2.6645;2.6685;-0.78
2018-08-23;2.6415;2.6555;2.641;2.6525;-0.60
2018-08-24;2.6485;2.7085;2.6485;2.699;+1.75
2018-08-27;2.705;2.705;2.705;2.705;+0.22
2018-08-28;2.74;2.7425;2.7215;2.734;+1.07
2018-08-29;2.712;2.713;2.7035;2.709;-0.91
2018-08-30;2.708;2.7125;2.655;2.6905;-0.68
2018-08-31;2.6755;2.687;2.642;2.649;-1.54
2018-09-04;2.6355;2.6425;2.5645;2.5835;-2.47
2018-09-05;2.5845;2.602;2.5815;2.5925;+0.35
2018-09-06;2.608;2.647;2.608;2.6185;+1.00
2018-09-07;2.602;2.631;2.581;2.6035;-0.57
2018-09-10;2.598;2.6155;2.586;2.6105;+0.27
2018-09-11;2.6075;2.635;2.566;2.604;-0.25
2018-09-12;2.5995;2.667;2.5995;2.6585;+2.09
2018-09-13;2.6625;2.696;2.6555;2.6645;+0.23
2018-09-14;2.666;2.666;2.595;2.6275;-1.39
2018-09-17;2.598;2.636;2.598;2.6335;+0.23
2018-09-18;2.631;2.72;2.595;2.712;+2.98
2018-09-19;2.7225;2.723;2.7065;2.71;-0.07
2018-09-20;2.7085;2.75;2.7015;2.721;+0.41
2018-09-21;2.76;2.838;2.75;2.8365;+4.24
2018-09-24;2.835;2.846;2.807;2.816;-0.72
2018-09-25;2.772;2.8235;2.772;2.8035;-0.44
2018-09-26;2.8045;2.807;2.8025;2.807;+0.12
2018-09-27;2.7985;2.8005;2.7515;2.7645;-1.51
2018-09-28;2.7695;2.7905;2.753;2.787;+0.81
2018-10-01;2.783;2.7855;2.746;2.774;-0.47
2018-10-02;2.7725;2.84;2.7525;2.795;+0.76
2018-10-03;2.7965;2.8225;2.788;2.8225;+0.98
2018-10-04;2.8355;2.84;2.765;2.765;-2.04
2018-10-05;2.7715;2.7715;2.7455;2.751;-0.51
2018-10-08;2.736;2.755;2.732;2.755;+0.15
2018-10-09;2.7715;2.8035;2.742;2.795;+1.45
2018-10-10;2.7985;2.7985;2.735;2.769;-0.93
2018-10-11;2.735;2.797;2.715;2.797;+1.01
2018-10-12;2.809;2.811;2.793;2.793;-0.14
2018-10-15;2.801;2.8305;2.7805;2.7805;-0.45
2018-10-16;2.773;2.7805;2.769;2.7705;-0.36
2018-10-17;2.773;2.7735;2.757;2.767;-0.13
2018-10-18;2.7655;2.7655;2.7375;2.7375;-1.07
2018-10-19;2.739;2.771;2.739;2.768;+1.11
2018-10-22;2.77;2.812;2.77;2.774;+0.22
2018-10-23;2.769;2.769;2.734;2.747;-0.97
2018-10-24;2.7495;2.7555;2.7465;2.7465;-0.02
2018-10-25;2.72;2.764;2.72;2.7485;+0.07
2018-10-26;2.7285;2.749;2.7235;2.744;-0.16
2018-10-29;2.7625;2.7665;2.7385;2.7385;-0.20
2018-10-30;2.7115;2.7245;2.663;2.663;-2.76
2018-10-31;2.665;2.6835;2.653;2.6635;+0.02
2018-11-01;2.6755;2.726;2.671;2.7215;+2.18
2018-11-02;2.72;2.803;2.72;2.803;+2.99
2018-11-05;2.786;2.786;2.7525;2.7555;-1.69
2018-11-06;2.7505;2.7605;2.73;2.7305;-0.91
2018-11-07;2.746;2.7525;2.74;2.7525;+0.81
2018-11-08;2.7335;2.737;2.706;2.737;-0.56
2018-11-09;2.73;2.73;2.6805;2.6865;-1.85
2018-11-12;2.678;2.678;2.678;2.678;-0.32
2018-11-13;2.72;2.72;2.68;2.687;+0.34
2018-11-14;2.7095;2.7095;2.7095;2.7095;+0.84
2018-11-15;2.745;2.751;2.745;2.749;+1.46
2018-11-16;2.804;2.804;2.793;2.804;+2.00
2018-11-19;2.78;2.8045;2.7655;2.8045;+0.02
2018-11-20;2.7905;2.8185;2.7665;2.7665;-1.35
2018-11-21;2.7565;2.7945;2.7565;2.7945;+1.01
2018-11-23;2.7705;2.7705;2.7705;2.7705;-0.86
2018-11-26;2.763;2.763;2.751;2.7585;-0.43
2018-11-27;2.7255;2.733;2.7105;2.7105;-1.74
2018-11-28;2.7365;2.796;2.736;2.796;+3.15
2018-11-29;2.7905;2.7965;2.7685;2.778;-0.64
2018-11-30;2.778;2.7905;2.757;2.7775;-0.02
2018-12-03;2.8;2.847;2.779;2.7995;+0.79
2018-12-04;2.7945;2.8105;2.74;2.7485;-1.82
2018-12-06;2.759;2.759;2.705;2.7405;-0.29
2018-12-07;2.761;2.762;2.7455;2.7575;+0.62
2018-12-10;2.7365;2.746;2.7155;2.7185;-1.41
2018-12-11;2.726;2.7715;2.726;2.766;+1.75
2018-12-12;2.7615;2.7685;2.7535;2.7685;+0.09
2018-12-13;2.788;2.788;2.7615;2.7625;-0.22
2018-12-14;2.76;2.7605;2.7285;2.7605;-0.07
2018-12-17;2.753;2.753;2.7185;2.753;-0.27
2018-12-18;2.74;2.74;2.66;2.671;-2.98
2018-12-19;2.686;2.7215;2.6795;2.7215;+1.89
2018-12-20;2.669;2.708;2.669;2.702;-0.72
2018-12-21;2.6905;2.696;2.6675;2.6785;-0.87
2018-12-25;2.675;2.675;2.6685;2.6685;-0.37
2018-12-26;2.67;2.7085;2.65;2.7085;+1.50
2018-12-27;2.6855;2.686;2.6675;2.6675;-1.51
2018-12-28;2.683;2.714;2.6735;2.679;+0.43
2018-12-31;2.673;2.673;2.6275;2.628;-1.90
2019-01-02;2.666;2.666;2.5995;2.625;-0.11
2019-01-03;2.59;2.601;2.5495;2.5705;-2.08
2019-01-04;2.6105;2.6515;2.6105;2.6515;+3.15
2019-01-07;2.6445;2.646;2.641;2.641;-0.40
2019-01-08;2.6485;2.6605;2.6375;2.6605;+0.74
2019-01-09;2.6565;2.6785;2.6565;2.662;+0.06
2019-01-10;2.6545;2.6545;2.638;2.6435;-0.69
2019-01-11;2.652;2.6695;2.644;2.6695;+0.98
2019-01-14;2.638;2.6455;2.6355;2.6455;-0.90
2019-01-15;2.66;2.67;2.649;2.6505;+0.19
2019-01-16;2.6755;2.6935;2.6755;2.6935;+1.62
2019-01-17;2.6815;2.7125;2.678;2.7;+0.24
2019-01-18;2.704;2.741;2.704;2.741;+1.52
2019-01-22;2.7125;2.7125;2.6865;2.689;-1.90
2019-01-23;2.6915;2.694;2.6915;2.694;+0.19
2019-01-24;2.6825;2.6825;2.6735;2.6735;-0.76
2019-01-25;2.6715;2.738;2.6715;2.738;+2.41
2019-01-28;2.712;2.712;2.6875;2.6875;-1.84
2019-01-29;2.732;2.732;2.732;2.732;+1.66
2019-01-30;2.7425;2.787;2.7425;2.773;+1.50
2019-01-31;2.7795;2.798;2.7795;2.789;+0.58
2019-02-01;2.765;2.7815;2.757;2.775;-0.50
2019-02-04;2.7655;2.8005;2.7605;2.795;+0.72
2019-02-05;2.8045;2.8225;2.803;2.817;+0.79
2019-02-06;2.8455;2.8455;2.8245;2.8355;+0.66
2019-02-07;2.8305;2.837;2.825;2.8285;-0.25
2019-02-08;2.8285;2.8325;2.805;2.81;-0.65
2019-02-11;2.795;2.797;2.785;2.7915;-0.66
2019-02-12;2.7865;2.7865;2.7595;2.7745;-0.61
2019-02-13;2.7735;2.778;2.7695;2.774;-0.02
2019-02-14;2.7735;2.776;2.766;2.776;+0.07
2019-02-15;2.802;2.82;2.789;2.8025;+0.95
2019-02-19;2.8425;2.8815;2.8395;2.8815;+2.82
2019-02-20;2.904;2.93;2.904;2.93;+1.68
2019-02-21;2.914;2.914;2.9025;2.9025;-0.94
2019-02-22;2.935;2.961;2.935;2.961;+2.02
2019-02-25;2.9605;2.9605;2.949;2.95;-0.37
2019-02-26;2.954;2.954;2.944;2.944;-0.20
2019-02-27;2.944;2.9715;2.928;2.959;+0.51
2019-02-28;2.968;2.968;2.9425;2.95;-0.30
2019-03-01;2.9465;2.978;2.9255;2.9335;-0.56
2019-03-04;2.9335;2.947;2.9;2.911;-0.77
2019-03-05;2.9195;2.9505;2.9195;2.936;+0.86
2019-03-06;2.938;2.9435;2.918;2.9185;-0.60
2019-03-07;2.925;2.925;2.8965;2.9115;-0.24
2019-03-08;2.896;2.9025;2.877;2.894;-0.60
2019-03-11;2.894;2.9055;2.894;2.9;+0.21
2019-03-12;2.912;2.951;2.911;2.9275;+0.95
2019-03-13;2.9225;2.934;2.9225;2.9335;+0.20
2019-03-14;2.9295;2.9295;2.88;2.8885;-1.53
2019-03-15;2.8855;2.9145;2.8855;2.9035;+0.52
2019-03-18;2.919;2.9255;2.9025;2.9035;0.00
2019-03-19;2.909;2.9345;2.909;2.9195;+0.55
2019-03-20;2.9145;2.934;2.905;2.9155;-0.14
2019-03-21;2.9475;2.9475;2.89;2.9;-0.53
2019-03-22;2.89;2.89;2.835;2.836;-2.21
2019-03-25;2.8485;2.85;2.8335;2.8495;+0.48
2019-03-26;2.8575;2.86;2.8505;2.8505;+0.04
2019-03-27;2.8575;2.858;2.8575;2.858;+0.26
2019-03-28;2.871;2.8775;2.8665;2.8685;+0.37
2019-03-29;2.8985;2.936;2.8985;2.936;+2.35
2019-04-01;2.94;2.9505;2.918;2.9205;-0.53
2019-04-02;2.926;2.926;2.9;2.904;-0.56
2019-04-03;2.928;2.9465;2.918;2.9465;+1.46
2019-04-04;2.9305;2.9305;2.9085;2.9085;-1.29
2019-04-05;2.89;2.8925;2.8865;2.8925;-0.55
2019-04-08;2.9125;2.932;2.9125;2.9295;+1.28
2019-04-09;2.951;2.954;2.9305;2.9315;+0.07
2019-04-10;2.9225;2.9225;2.9185;2.9225;-0.31
2019-04-11;2.9105;2.9105;2.886;2.886;-1.25
2019-04-12;2.948;2.9515;2.939;2.946;+2.08
2019-04-15;2.9175;2.934;2.917;2.934;-0.41
2019-04-16;2.937;2.937;2.9305;2.9305;-0.12
2019-04-17;2.9895;2.9895;2.963;2.9755;+1.54
2019-04-18;2.9355;2.936;2.9275;2.9275;-1.61
2019-04-22;2.911;2.911;2.9065;2.9065;-0.72
2019-04-23;2.895;2.906;2.885;2.8985;-0.28
2019-04-24;2.906;2.922;2.906;2.9175;+0.66
2019-04-25;2.9215;2.9215;2.875;2.8775;-1.37
2019-04-26;2.97;2.97;2.97;2.97;+3.21
2019-04-29;2.8885;2.901;2.8655;2.895;-2.53
2019-04-30;2.8895;2.919;2.877;2.9015;+0.22
2019-05-01;2.9035;2.906;2.79;2.803;-3.39
2019-05-02;2.8025;2.8075;2.778;2.784;-0.68
2019-05-03;2.7905;2.8355;2.789;2.825;+1.47
2019-05-06;2.802;2.8545;2.7545;2.837;+0.42
2019-05-07;2.832;2.8415;2.787;2.794;-1.52
2019-05-08;2.799;2.815;2.772;2.7855;-0.30
2019-05-09;2.7755;2.784;2.746;2.7835;-0.07
2019-05-10;2.791;2.793;2.7705;2.785;+0.05
2019-05-13;2.77;2.771;2.7185;2.7295;-1.99
2019-05-14;2.7295;2.743;2.7275;2.7345;+0.18
2019-05-15;2.732;2.7605;2.7305;2.7535;+0.69
2019-05-16;2.758;2.784;2.754;2.7585;+0.18
2019-05-17;2.76;2.76;2.74;2.748;-0.38
2019-05-20;2.742;2.742;2.7215;2.736;-0.44
2019-05-21;2.737;2.739;2.716;2.7235;-0.46
2019-05-22;2.71;2.71;2.6775;2.686;-1.38
2019-05-23;2.665;2.691;2.665;2.6865;+0.02
2019-05-24;2.697;2.714;2.697;2.7065;+0.74
2019-05-28;2.7195;2.7195;2.701;2.7035;-0.11
2019-05-29;2.7005;2.7005;2.67;2.6725;-1.15
2019-05-30;2.672;2.675;2.6435;2.6605;-0.45
2019-05-31;2.64;2.6565;2.6385;2.646;-0.55
2019-06-03;2.635;2.6605;2.63;2.6555;+0.36
2019-06-04;2.661;2.675;2.6465;2.6735;+0.68
2019-06-05;2.657;2.657;2.626;2.627;-1.74
2019-06-06;2.6435;2.654;2.63;2.654;+1.03
2019-06-07;2.649;2.658;2.6065;2.6305;-0.89
2019-06-10;2.6615;2.6655;2.6615;2.664;+1.27
2019-06-11;2.69;2.69;2.669;2.6755;+0.43
2019-06-12;2.6575;2.6645;2.6575;2.659;-0.62
2019-06-13;2.649;2.661;2.649;2.661;+0.08
2019-06-14;2.6405;2.641;2.6345;2.6345;-1.00
2019-06-17;2.643;2.654;2.638;2.651;+0.63
2019-06-18;2.6795;2.7125;2.679;2.707;+2.11
2019-06-19;2.6915;2.6915;2.679;2.6845;-0.83
2019-06-20;2.7;2.732;2.7;2.7155;+1.15
2019-06-21;2.706;2.7095;2.706;2.706;-0.35
2019-06-24;2.693;2.7055;2.691;2.7055;-0.02
2019-06-25;2.7275;2.741;2.7275;2.7355;+1.11
2019-06-26;2.7285;2.729;2.704;2.711;-0.90
2019-06-27;2.7125;2.7225;2.6945;2.7125;+0.06
2019-06-28;2.7185;2.721;2.6985;2.7055;-0.26
2019-07-01;2.738;2.746;2.671;2.6795;-0.96
2019-07-02;2.6765;2.6825;2.6515;2.6575;-0.82
2019-07-03;2.661;2.6825;2.6425;2.6795;+0.83
2019-07-05;2.681;2.6815;2.6505;2.6585;-0.78
2019-07-08;2.655;2.6805;2.6545;2.656;-0.09
2019-07-09;2.65;2.652;2.6135;2.6245;-1.19
2019-07-10;2.631;2.697;2.6295;2.693;+2.61
2019-07-11;2.685;2.692;2.6815;2.6825;-0.39
2019-07-12;2.7035;2.7035;2.6745;2.6915;+0.34
2019-07-15;2.7165;2.72;2.7025;2.7075;+0.59
2019-07-16;2.707;2.7275;2.6935;2.6935;-0.52
2019-07-17;2.6935;2.71;2.6825;2.71;+0.61
2019-07-18;2.7;2.71;2.7;2.704;-0.22
2019-07-19;2.73;2.793;2.73;2.7445;+1.50
2019-07-22;2.735;2.7415;2.7145;2.7145;-1.09
2019-07-23;2.706;2.7175;2.684;2.694;-0.76
2019-07-24;2.6985;2.707;2.6945;2.704;+0.37
2019-07-25;2.697;2.7245;2.6955;2.6955;-0.31
2019-07-26;2.6845;2.6875;2.6765;2.6765;-0.70
2019-07-29;2.692;2.7095;2.691;2.7095;+1.23
2019-07-30;2.7145;2.7195;2.668;2.6705;-1.44
2019-07-31;2.68;2.68;2.6535;2.658;-0.47
2019-08-01;2.6465;2.6605;2.615;2.66;+0.08
2019-08-02;2.5805;2.592;2.563;2.565;-3.57
2019-08-05;2.5415;2.5505;2.537;2.537;-1.09
2019-08-06;2.552;2.5555;2.5505;2.551;+0.55
2019-08-07;2.56;2.583;2.5435;2.565;+0.55
2019-08-08;2.588;2.602;2.588;2.602;+1.44
2019-08-09;2.597;2.597;2.584;2.584;-0.69
2019-08-12;2.58;2.58;2.5735;2.58;-0.15
2019-08-13;2.578;2.625;2.578;2.6245;+1.72
2019-08-14;2.5865;2.59;2.585;2.5865;-1.45
2019-08-15;2.5895;2.5895;2.582;2.5895;+0.12
2019-08-16;2.5885;2.6;2.5885;2.59;+0.02
2019-08-19;2.607;2.616;2.597;2.597;+0.27
2019-08-20;2.5875;2.5875;2.5705;2.574;-0.89
2019-08-21;2.572;2.582;2.572;2.5815;+0.29
2019-08-22;2.575;2.575;2.5535;2.5535;-1.08
2019-08-23;2.569;2.569;2.526;2.526;-1.08
2019-08-26;2.54;2.54;2.5335;2.54;+0.55
2019-08-27;2.553;2.553;2.5435;2.5435;+0.14
2019-08-28;2.557;2.5575;2.5505;2.551;+0.29
2019-08-29;2.559;2.5815;2.541;2.5595;+0.33
2019-08-30;2.56;2.563;2.5295;2.533;-1.04
2019-09-03;2.5345;2.5365;2.4675;2.5125;-0.81
2019-09-04;2.523;2.579;2.5225;2.579;+2.65
2019-09-05;2.599;2.63;2.5835;2.6245;+1.76
2019-09-06;2.614;2.6245;2.602;2.6155;-0.34
2019-09-09;2.6135;2.6135;2.602;2.6105;-0.19
2019-09-10;2.607;2.614;2.5915;2.6105;0.00
2019-09-11;2.6065;2.615;2.588;2.5975;-0.50
2019-09-12;2.601;2.65;2.578;2.6235;+1.00
2019-09-13;2.6265;2.6835;2.6265;2.681;+2.19
2019-09-16;2.6525;2.656;2.62;2.621;-2.24
2019-09-17;2.6155;2.617;2.596;2.6095;-0.44
2019-09-18;2.595;2.6015;2.58;2.5955;-0.54
2019-09-19;2.59;2.598;2.59;2.591;-0.17
2019-09-20;2.593;2.6115;2.5695;2.59;-0.04
2019-09-23;2.576;2.5945;2.56;2.5945;+0.17
2019-09-24;2.605;2.606;2.5855;2.5895;-0.19
2019-09-25;2.587;2.5955;2.5755;2.595;+0.21
2019-09-26;2.598;2.598;2.56;2.56;-1.35
2019-09-27;2.562;2.596;2.562;2.583;+0.90
2019-09-30;2.596;2.596;2.56;2.5645;-0.72
2019-10-01;2.55;2.555;2.5085;2.552;-0.49
2019-10-02;2.5565;2.5615;2.5425;2.5615;+0.37
2019-10-03;2.5645;2.57;2.538;2.5455;-0.62
2019-10-04;2.5325;2.5555;2.5325;2.5555;+0.39
2019-10-07;2.562;2.584;2.562;2.572;+0.65
2019-10-08;2.574;2.574;2.56;2.5635;-0.33
2019-10-09;2.5625;2.5625;2.5585;2.562;-0.06
2019-10-10;2.546;2.6125;2.546;2.605;+1.68
2019-10-11;2.6035;2.6225;2.6;2.6185;+0.52
2019-10-14;2.6;2.6235;2.6;2.6235;+0.19
2019-10-15;2.621;2.621;2.6005;2.604;-0.74
2019-10-16;2.5765;2.5795;2.5765;2.5795;-0.94
2019-10-17;2.5785;2.6015;2.5785;2.587;+0.29
2019-10-18;2.586;2.6265;2.585;2.625;+1.47
2019-10-21;2.633;2.6405;2.6265;2.635;+0.38
2019-10-22;2.6315;2.6315;2.6205;2.622;-0.49
2019-10-23;2.62;2.6625;2.619;2.6625;+1.54
2019-10-24;2.667;2.667;2.6555;2.659;-0.13
2019-10-25;2.6605;2.6775;2.6605;2.6665;+0.28
2019-10-28;2.6725;2.675;2.6715;2.6725;+0.23
2019-10-29;2.671;2.6825;2.671;2.6825;+0.37
2019-10-30;2.685;2.6865;2.675;2.6805;-0.07
2019-10-31;2.6565;2.6615;2.625;2.633;-1.77
2019-11-01;2.636;2.656;2.63;2.651;+0.68
2019-11-04;2.6615;2.667;2.6615;2.667;+0.60
2019-11-05;2.6975;2.7085;2.691;2.695;+1.05
2019-11-06;2.67;2.67;2.661;2.661;-1.26
2019-11-07;2.724;2.724;2.7185;2.724;+2.37
2019-11-08;2.698;2.698;2.678;2.678;-1.69
2019-11-11;2.675;2.675;2.66;2.66;-0.67
2019-11-12;2.65;2.652;2.642;2.642;-0.68
2019-11-13;2.6325;2.6365;2.63;2.6365;-0.21
2019-11-14;2.622;2.622;2.6175;2.6185;-0.68
2019-11-15;2.632;2.635;2.632;2.635;+0.63
2019-11-18;2.631;2.631;2.6165;2.6175;-0.66
2019-11-19;2.65;2.6535;2.6425;2.6535;+1.38
2019-11-20;2.647;2.65;2.6465;2.6465;-0.26
2019-11-21;2.6245;2.6275;2.621;2.621;-0.96
2019-11-22;2.6135;2.649;2.6135;2.6475;+1.01
2019-11-25;2.6475;2.6475;2.6475;2.6475;0.00
2019-11-26;2.646;2.6745;2.646;2.6745;+1.02
2019-11-27;2.6755;2.6905;2.6645;2.6745;0.00
2019-11-29;2.6785;2.68;2.6345;2.642;-1.22
2019-12-02;2.6425;2.658;2.6295;2.6325;-0.36
2019-12-03;2.6325;2.636;2.605;2.608;-0.93
2019-12-04;2.615;2.65;2.6105;2.644;+1.38
2019-12-05;2.6405;2.66;2.6405;2.6485;+0.17
2019-12-06;2.6665;2.7365;2.653;2.711;+2.36
2019-12-09;2.7165;2.748;2.713;2.7465;+1.31
2019-12-10;2.75;2.757;2.746;2.7555;+0.33
2019-12-11;2.75;2.79;2.749;2.7825;+0.98
2019-12-12;2.784;2.8075;2.7605;2.7895;+0.25
2019-12-13;2.815;2.82;2.762;2.7805;-0.32
2019-12-16;2.7965;2.8205;2.7965;2.8205;+1.44
2019-12-17;2.8145;2.8225;2.812;2.8195;-0.04
2019-12-18;2.804;2.819;2.797;2.817;-0.09
2019-12-19;2.82;2.8315;2.816;2.8315;+0.51
2019-12-20;2.8315;2.8315;2.803;2.811;-0.72
2019-12-23;2.805;2.8235;2.805;2.817;+0.21
2019-12-25;2.82;2.84;2.818;2.8385;+0.76
2019-12-26;2.8545;2.867;2.8545;2.8645;+0.92
2019-12-27;2.855;2.855;2.82;2.8365;-0.98
2019-12-30;2.831;2.8335;2.8145;2.8275;-0.32
2019-12-31;2.804;2.804;2.794;2.794;-1.18
2020-01-02;2.8165;2.833;2.7945;2.833;+1.40
2020-01-03;2.7935;2.7985;2.7895;2.7985;-1.22
2020-01-06;2.778;2.8005;2.778;2.8005;+0.07
2020-01-07;2.801;2.807;2.801;2.804;+0.12
2020-01-08;2.787;2.819;2.7805;2.819;+0.53
2020-01-09;2.8255;2.8255;2.801;2.8105;-0.30
2020-01-10;2.81;2.826;2.8015;2.8185;+0.28
2020-01-13;2.862;2.862;2.8555;2.8615;+1.53
2020-01-14;2.8575;2.876;2.8575;2.876;+0.51
2020-01-15;2.861;2.87;2.8485;2.87;-0.21
2020-01-16;2.8545;2.8555;2.846;2.852;-0.63
2020-01-17;2.857;2.8575;2.8495;2.8495;-0.09
2020-01-21;2.809;2.8135;2.7985;2.7985;-1.79
2020-01-22;2.8005;2.803;2.767;2.767;-1.13
2020-01-23;2.758;2.758;2.7185;2.726;-1.48
2020-01-24;2.723;2.723;2.679;2.6855;-1.49
2020-01-27;2.5965;2.5965;2.5965;2.5965;-3.31
2020-01-28;2.584;2.5915;2.5795;2.5795;-0.65
2020-01-29;2.586;2.586;2.5535;2.5535;-1.01
2020-01-30;2.564;2.5645;2.5235;2.5235;-1.17
2020-01-31;2.528;2.53;2.509;2.52;-0.14
2020-02-03;2.523;2.523;2.5085;2.513;-0.28
2020-02-04;2.552;2.5655;2.541;2.5475;+1.37
2020-02-05;2.5635;2.5895;2.5635;2.579;+1.24
2020-02-06;2.59;2.604;2.59;2.5985;+0.76
2020-02-07;2.561;2.563;2.555;2.559;-1.52
2020-02-10;2.551;2.5665;2.551;2.5575;-0.06
2020-02-11;2.5875;2.5885;2.5875;2.5885;+1.21
2020-02-12;2.607;2.6075;2.6045;2.606;+0.68
2020-02-13;2.62;2.62;2.6195;2.6195;+0.52
2020-02-14;2.609;2.6105;2.6055;2.6055;-0.53
2020-02-18;2.6295;2.63;2.6075;2.61;+0.17
2020-02-19;2.6135;2.6135;2.598;2.6125;+0.10
2020-02-20;2.5945;2.595;2.5945;2.595;-0.67
2020-02-21;2.5995;2.618;2.5995;2.618;+0.89
2020-02-24;2.605;2.605;2.5835;2.5925;-0.97
2020-02-25;2.5945;2.5965;2.5945;2.5965;+0.15
2020-02-26;2.582;2.5825;2.5765;2.5765;-0.77
2020-02-27;2.5655;2.581;2.522;2.5715;-0.19
2020-02-28;2.5575;2.567;2.514;2.546;-0.99
2020-03-02;2.536;2.6185;2.5145;2.601;+2.16
2020-03-03;2.62;2.63;2.5615;2.5795;-0.83
2020-03-04;2.585;2.602;2.577;2.593;+0.52
2020-03-05;2.588;2.5935;2.573;2.5825;-0.40
2020-03-06;2.579;2.579;2.5465;2.573;-0.37
2020-03-09;2.542;2.542;2.4795;2.524;-1.90
2020-03-10;2.4985;2.563;2.4985;2.534;+0.40
2020-03-11;2.55;2.55;2.488;2.512;-0.87
2020-03-12;2.491;2.491;2.439;2.481;-1.23
2020-03-13;2.455;2.5345;2.43;2.474;-0.28
2020-03-16;2.455;2.46;2.364;2.3985;-3.05
2020-03-17;2.417;2.417;2.309;2.3155;-3.46
2020-03-18;2.316;2.3225;2.122;2.1605;-6.69
2020-03-19;2.1615;2.2;2.0595;2.2;+1.83
2020-03-20;2.162;2.241;2.12;2.1905;-0.43
2020-03-23;2.1135;2.1255;2.105;2.1195;-3.24
2020-03-24;2.151;2.2315;2.151;2.1975;+3.68
2020-03-25;2.2085;2.234;2.1745;2.234;+1.66
2020-03-26;2.19;2.218;2.19;2.208;-1.16
2020-03-27;2.19;2.197;2.19;2.197;-0.50
2020-03-30;2.1625;2.172;2.1585;2.162;-1.59
2020-03-31;2.1775;2.25;2.176;2.24;+3.61
2020-04-01;2.22;2.22;2.1785;2.192;-2.14
2020-04-02;2.19;2.234;2.19;2.233;+1.87
2020-04-03;2.2225;2.223;2.205;2.21;-1.03
2020-04-06;2.213;2.239;2.213;2.235;+1.13
2020-04-07;2.29;2.325;2.2885;2.2885;+2.39
2020-04-08;2.2705;2.278;2.2705;2.278;-0.46
2020-04-09;2.2835;2.2835;2.27;2.2775;-0.02
2020-04-13;2.3365;2.357;2.3205;2.3205;+1.89
2020-04-14;2.3345;2.352;2.326;2.347;+1.14
2020-04-15;2.31;2.3145;2.2975;2.3125;-1.47
2020-04-16;2.325;2.325;2.3045;2.3045;-0.35
2020-04-17;2.3475;2.359;2.347;2.3535;+2.13
2020-04-20;2.348;2.348;2.3255;2.3345;-0.81
2020-04-21;2.3145;2.3145;2.2145;2.267;-2.89
2020-04-22;2.2875;2.3175;2.2875;2.3175;+2.23
2020-04-23;2.321;2.324;2.313;2.324;+0.28
2020-04-24;2.325;2.348;2.324;2.348;+1.03
2020-04-27;2.343;2.382;2.3265;2.382;+1.45
2020-04-28;2.379;2.379;2.379;2.379;-0.13
2020-04-29;2.344;2.3955;2.334;2.3745;-0.19
2020-04-30;2.3865;2.408;2.3445;2.354;-0.86
2020-05-01;2.347;2.347;2.2975;2.3185;-1.51
2020-05-04;2.3065;2.327;2.2895;2.324;+0.24
2020-05-05;2.337;2.3415;2.318;2.341;+0.73
2020-05-06;2.34;2.371;2.335;2.3525;+0.49
2020-05-07;2.3405;2.3905;2.3405;2.3855;+1.40
2020-05-08;2.4025;2.4225;2.399;2.4085;+0.96
2020-05-11;2.409;2.4275;2.373;2.382;-1.10
2020-05-12;2.38;2.3845;2.335;2.3605;-0.90
2020-05-13;2.3495;2.374;2.349;2.349;-0.49
2020-05-14;2.357;2.357;2.324;2.351;+0.09
2020-05-15;2.356;2.356;2.332;2.3335;-0.74
2020-05-18;2.3655;2.426;2.365;2.405;+3.06
2020-05-19;2.432;2.432;2.4105;2.423;+0.75
2020-05-20;2.41;2.47;2.41;2.4675;+1.84
2020-05-21;2.468;2.468;2.4465;2.452;-0.63
2020-05-22;2.3925;2.413;2.39;2.409;-1.75
2020-05-26;2.4025;2.4565;2.4025;2.4385;+1.22
2020-05-27;2.4205;2.4205;2.3755;2.4025;-1.48
2020-05-28;2.385;2.421;2.385;2.413;+0.44
2020-05-29;2.407;2.447;2.407;2.4265;+0.56
2020-06-01;2.4315;2.4785;2.4315;2.4745;+1.98
2020-06-02;2.479;2.499;2.471;2.4945;+0.81
2020-06-03;2.4965;2.4965;2.4925;2.4965;+0.08
2020-06-04;2.4955;2.4955;2.4925;2.493;-0.14
2020-06-05;2.551;2.557;2.551;2.557;+2.57
2020-06-08;2.545;2.57;2.5385;2.57;+0.51
2020-06-09;2.5925;2.601;2.5905;2.6005;+1.19
2020-06-10;2.6575;2.661;2.653;2.657;+2.17
2020-06-11;2.6745;2.6755;2.5865;2.5865;-2.65
2020-06-12;2.598;2.6035;2.598;2.6015;+0.58
2020-06-15;2.567;2.5685;2.551;2.5685;-1.27
2020-06-16;2.589;2.5985;2.5585;2.566;-0.10
2020-06-17;2.57;2.592;2.57;2.592;+1.01
2020-06-18;2.612;2.612;2.591;2.591;-0.04
2020-06-19;2.643;2.643;2.6105;2.615;+0.93
2020-06-22;2.6495;2.6555;2.6495;2.6555;+1.55
2020-06-23;2.65;2.66;2.65;2.66;+0.17
2020-06-24;2.6505;2.6505;2.6505;2.6505;-0.36
2020-06-25;2.638;2.6625;2.638;2.6625;+0.45
2020-06-26;2.661;2.672;2.661;2.672;+0.36
2020-06-29;2.6505;2.6875;2.6505;2.6795;+0.28
2020-06-30;2.69;2.721;2.684;2.7135;+1.27
2020-07-01;2.716;2.7375;2.6975;2.717;+0.13
2020-07-02;2.741;2.7445;2.715;2.7335;+0.61
2020-07-06;2.718;2.7675;2.7175;2.766;+1.19
2020-07-07;2.781;2.7875;2.738;2.7875;+0.78
2020-07-08;2.7845;2.8145;2.7815;2.8145;+0.97
2020-07-09;2.8155;2.86;2.8145;2.828;+0.48
2020-07-10;2.836;2.8995;2.8305;2.887;+2.09
2020-07-13;2.904;2.9815;2.8805;2.942;+1.91
2020-07-14;2.899;2.921;2.8945;2.916;-0.88
2020-07-15;2.928;2.93;2.86;2.8705;-1.56
2020-07-16;2.8515;2.888;2.8515;2.886;+0.54
2020-07-17;2.889;2.8935;2.87;2.8875;+0.05
2020-07-20;2.888;2.914;2.8815;2.8985;+0.38
2020-07-21;2.919;2.954;2.9155;2.941;+1.47
2020-07-22;2.9515;2.9515;2.8815;2.9085;-1.11
2020-07-23;2.891;2.9245;2.891;2.9245;+0.55
2020-07-24;2.897;2.9065;2.8585;2.882;-1.45
2020-07-27;2.8845;2.9;2.879;2.888;+0.21
2020-07-28;2.9155;2.916;2.871;2.905;+0.59
2020-07-29;2.9065;2.907;2.8825;2.9055;+0.02
2020-07-30;2.923;2.923;2.874;2.9045;-0.03
2020-07-31;2.915;2.915;2.8455;2.859;-1.57
2020-08-03;2.8535;2.912;2.835;2.908;+1.71
2020-08-04;2.9075;2.9095;2.8795;2.8895;-0.64
2020-08-05;2.8945;2.93;2.892;2.9115;+0.76
2020-08-06;2.895;2.9075;2.8925;2.9055;-0.21
2020-08-07;2.874;2.874;2.789;2.7905;-3.96
2020-08-10;2.823;2.8695;2.823;2.8585;+2.44
2020-08-11;2.8615;2.8735;2.8415;2.872;+0.47
2020-08-12;2.891;2.891;2.878;2.887;+0.52
2020-08-13;2.878;2.879;2.796;2.804;-2.87
2020-08-14;2.8555;2.856;2.851;2.856;+1.85
2020-08-17;2.8445;2.91;2.8445;2.898;+1.47
2020-08-18;2.953;2.9715;2.953;2.971;+2.52
2020-08-19;3.016;3.019;2.9855;3.019;+1.62
2020-08-20;2.958;2.97;2.958;2.97;-1.62
2020-08-21;2.9135;2.925;2.9135;2.9135;-1.90
2020-08-24;2.94;2.94;2.9165;2.9225;+0.31
2020-08-25;2.9195;2.931;2.917;2.931;+0.29
2020-08-26;2.945;2.9655;2.945;2.9595;+0.97
2020-08-27;2.965;2.965;2.965;2.965;+0.19
2020-08-28;2.976;3.017;2.974;2.995;+1.01
2020-08-31;3.0135;3.044;3.012;3.041;+1.54
2020-09-01;3.0325;3.0605;2.998;3.0095;-1.04
2020-09-02;3.005;3.018;2.9835;3.003;-0.22
2020-09-03;3.008;3.016;2.9415;2.958;-1.50
2020-09-04;2.9595;3.062;2.947;3.0465;+2.99
2020-09-08;3.052;3.071;2.994;3.0125;-1.12
2020-09-09;2.9935;3.0475;2.991;3.04;+0.91
2020-09-10;3.0375;3.041;2.951;2.987;-1.74
2020-09-11;2.971;3.0435;2.971;3.034;+1.57
2020-09-14;3.049;3.07;3.03;3.0665;+1.07
2020-09-15;3.0815;3.0825;3.0505;3.063;-0.11
2020-09-16;3.046;3.0655;3.046;3.058;-0.16
2020-09-17;3.0595;3.076;3.02;3.0665;+0.28
2020-09-18;3.08;3.1135;3.066;3.1135;+1.53
2020-09-21;3.0985;3.0985;3.022;3.0295;-2.70
2020-09-22;3.0605;3.08;3.0485;3.059;+0.97
2020-09-23;3.05;3.05;2.9575;2.9935;-2.14
2020-09-24;2.9705;2.972;2.9295;2.969;-0.82
2020-09-25;2.983;2.991;2.9525;2.973;+0.13
2020-09-28;2.984;2.9895;2.9705;2.9895;+0.55
2020-09-29;2.996;2.996;2.958;2.9835;-0.20
2020-09-30;2.9825;3.0305;2.975;3.0285;+1.51
2020-10-01;3.0325;3.0325;2.862;2.8635;-5.45
2020-10-02;2.843;2.9815;2.843;2.9785;+4.02
2020-10-05;2.969;2.969;2.9405;2.965;-0.45
2020-10-06;2.9595;2.9655;2.956;2.9655;+0.02
2020-10-07;3.009;3.047;3.009;3.0345;+2.33
2020-10-08;3.016;3.045;3.016;3.042;+0.25
2020-10-09;3.092;3.092;3.0695;3.0795;+1.23
2020-10-12;3.07;3.07;3.0585;3.061;-0.60
2020-10-13;3.0455;3.0455;3.0365;3.0425;-0.60
2020-10-14;3.05;3.05;3.0475;3.0475;+0.16
2020-10-15;3.052;3.088;3.0485;3.083;+1.16
2020-10-16;3.065;3.065;3.0635;3.065;-0.58
2020-10-19;3.0975;3.0975;3.081;3.081;+0.52
2020-10-20;3.14;3.1435;3.139;3.1435;+2.03
2020-10-21;3.1955;3.1955;3.1885;3.1945;+1.62
2020-10-22;3.1665;3.1665;3.1485;3.15;-1.39
2020-10-23;3.1485;3.1485;3.1255;3.1255;-0.78
2020-10-26;3.1085;3.109;3.0885;3.0885;-1.18
2020-10-27;3.088;3.09;3.088;3.09;+0.05
2020-10-28;3.042;3.063;3.0395;3.057;-1.07
2020-10-29;3.0675;3.081;3.0425;3.052;-0.16
2020-10-30;3.043;3.0525;3.0355;3.0435;-0.28
2020-11-02;3.0635;3.09;3.061;3.0735;+0.99
2020-11-03;3.0945;3.1175;3.087;3.087;+0.44
2020-11-04;3.089;3.108;3.0885;3.101;+0.45
2020-11-05;3.098;3.123;3.098;3.1045;+0.11
2020-11-06;3.1465;3.1565;3.1425;3.149;+1.43
2020-11-09;3.184;3.185;3.1455;3.1515;+0.08
2020-11-10;3.137;3.1505;3.137;3.1505;-0.03
2020-11-11;3.1075;3.129;3.1075;3.129;-0.68
2020-11-12;3.152;3.152;3.143;3.143;+0.45
2020-11-13;3.1275;3.1755;3.1275;3.1755;+1.03
2020-11-16;3.2395;3.24;3.2155;3.22;+1.40
2020-11-17;3.1965;3.2125;3.1965;3.1965;-0.73
2020-11-18;3.198;3.198;3.198;3.198;+0.05
2020-11-19;3.1995;3.213;3.1995;3.2035;+0.17
2020-11-20;3.264;3.2935;3.264;3.2935;+2.81
2020-11-23;3.2785;3.279;3.2595;3.2595;-1.03
2020-11-24;3.307;3.307;3.2935;3.3;+1.24
2020-11-25;3.294;3.312;3.2925;3.312;+0.36
2020-11-27;3.3165;3.4065;3.309;3.3995;+2.64
2020-11-30;3.405;3.4845;3.405;3.4205;+0.62
2020-12-01;3.4435;3.501;3.432;3.468;+1.39
2020-12-02;3.49;3.494;3.43;3.475;+0.20
2020-12-03;3.48;3.5055;3.458;3.479;+0.12
2020-12-04;3.4725;3.524;3.4725;3.514;+1.01
2020-12-07;3.494;3.5085;3.47;3.5085;-0.16
2020-12-08;3.5005;3.5005;3.461;3.494;-0.41
2020-12-09;3.499;3.521;3.4835;3.508;+0.40
2020-12-10;3.474;3.5845;3.447;3.5705;+1.78
2020-12-11;3.5755;3.6085;3.496;3.524;-1.30
2020-12-14;3.542;3.542;3.5045;3.522;-0.06
2020-12-15;3.501;3.5425;3.501;3.538;+0.45
2020-12-16;3.5385;3.564;3.536;3.554;+0.45
2020-12-17;3.576;3.605;3.576;3.597;+1.21
2020-12-18;3.605;3.634;3.6;3.6285;+0.88
2020-12-21;3.597;3.597;3.5555;3.573;-1.53
2020-12-22;3.576;3.576;3.51;3.518;-1.54
2020-12-23;3.519;3.552;3.48;3.552;+0.97
2020-12-25;3.549;3.56;3.5375;3.56;+0.23
2020-12-28;3.5805;3.5895;3.57;3.57;+0.28
2020-12-29;3.566;3.566;3.5515;3.553;-0.48
2020-12-30;3.559;3.574;3.54;3.543;-0.28
2020-12-31;3.544;3.5455;3.5075;3.514;-0.82
2021-01-04;3.559;3.6005;3.5455;3.553;+1.11
2021-01-05;3.59;3.6555;3.59;3.6405;+2.46
2021-01-06;3.6505;3.6905;3.64;3.65;+0.26
2021-01-07;3.659;3.708;3.643;3.6955;+1.25
2021-01-08;3.7165;3.72;3.64;3.6735;-0.60
2021-01-11;3.6735;3.6735;3.5585;3.564;-2.98
2021-01-12;3.576;3.635;3.576;3.605;+1.15
2021-01-13;3.6355;3.637;3.6115;3.617;+0.33
2021-01-14;3.612;3.668;3.612;3.668;+1.41
2021-01-15;3.629;3.6315;3.5965;3.603;-1.77
2021-01-19;3.62;3.64;3.616;3.636;+0.92
2021-01-20;3.639;3.6545;3.639;3.6475;+0.32
2021-01-21;3.659;3.659;3.644;3.6555;+0.22
2021-01-22;3.575;3.6355;3.5745;3.6355;-0.55
2021-01-25;3.633;3.6405;3.6115;3.6405;+0.14
2021-01-26;3.629;3.632;3.6265;3.628;-0.34
2021-01-27;3.5715;3.5715;3.5715;3.5715;-1.56
2021-01-28;3.551;3.6035;3.509;3.583;+0.32
2021-01-29;3.5815;3.6075;3.5555;3.5735;-0.27
2021-02-01;3.5665;3.5935;3.5545;3.562;-0.32
2021-02-02;3.5265;3.5395;3.5265;3.539;-0.65
2021-02-03;3.552;3.5785;3.552;3.5785;+1.12
2021-02-04;3.567;3.567;3.5595;3.566;-0.35
2021-02-05;3.5755;3.6525;3.5755;3.639;+2.05
2021-02-08;3.6475;3.679;3.646;3.679;+1.10
2021-02-09;3.708;3.7355;3.693;3.7335;+1.48
2021-02-10;3.7665;3.79;3.7665;3.7855;+1.39
2021-02-11;3.785;3.7905;3.7715;3.7875;+0.05
2021-02-12;3.786;3.8155;3.7685;3.802;+0.38
2021-02-16;3.8425;3.848;3.8425;3.848;+1.21
2021-02-17;3.8305;3.836;3.8305;3.836;-0.31
2021-02-18;3.9215;3.9265;3.9;3.9165;+2.10
2021-02-19;4.09;4.09;4.09;4.09;+4.43
2021-02-22;4.123;4.154;4.123;4.1525;+1.53
2021-02-23;4.1875;4.1875;4.1875;4.1875;+0.84
2021-02-24;4.22;4.301;4.22;4.301;+2.71
2021-02-25;4.308;4.363;4.1955;4.266;-0.81
2021-02-26;4.2125;4.251;4.08;4.0945;-4.02
2021-03-01;4.1105;4.1735;4.0995;4.1195;+0.61
2021-03-02;4.115;4.235;4.0595;4.2315;+2.72
2021-03-03;4.2185;4.2225;4.12;4.153;-1.86
2021-03-04;4.1195;4.1565;3.876;3.991;-3.90
2021-03-05;3.966;4.11;3.928;4.087;+2.41
2021-03-08;4.1275;4.1615;4.018;4.1035;+0.40
2021-03-09;4.0915;4.1215;3.997;4.0195;-2.05
2021-03-10;4.0275;4.0555;4.0075;4.042;+0.56
2021-03-11;4.0465;4.148;4.0345;4.143;+2.50
2021-03-12;4.141;4.1545;4.072;4.1455;+0.06
2021-03-15;4.17;4.17;4.127;4.1465;+0.02
2021-03-16;4.105;4.1125;4.0595;4.079;-1.63
2021-03-17;4.068;4.1565;4.066;4.128;+1.20
2021-03-18;4.155;4.155;4.068;4.117;-0.27
2021-03-19;4.0565;4.1235;4.053;4.1235;+0.16
2021-03-22;4.0975;4.15;4.0965;4.149;+0.62
2021-03-23;4.1335;4.1335;4.03;4.088;-1.47
2021-03-24;4.0475;4.109;4.026;4.0715;-0.40
2021-03-25;4.0055;4.008;3.95;3.985;-2.12
2021-03-26;4.0125;4.0875;4.0125;4.0785;+2.35
2021-03-29;4.065;4.069;4.02;4.043;-0.87
2021-03-30;4.0355;4.0355;3.975;3.983;-1.48
2021-03-31;4.006;4.0115;3.989;4.003;+0.50
2021-04-01;3.985;4.015;3.985;4.0035;+0.01
2021-04-05;4.054;4.162;4.054;4.149;+3.63
2021-04-06;4.15;4.151;4.0985;4.1265;-0.54
2021-04-07;4.1175;4.1185;4.055;4.064;-1.51
2021-04-08;4.085;4.1035;4.085;4.1035;+0.97
2021-04-09;4.0885;4.0885;4.0505;4.0505;-1.29
2021-04-12;4.0275;4.037;4.02;4.03;-0.51
2021-04-13;4.0145;4.043;4.0145;4.043;+0.32
2021-04-14;4.0465;4.14;4.046;4.14;+2.40
2021-04-15;4.175;4.2375;4.175;4.2305;+2.19
2021-04-16;4.235;4.2395;4.175;4.18;-1.19
2021-04-19;4.18;4.27;4.18;4.25;+1.67
2021-04-20;4.2485;4.2695;4.224;4.224;-0.61
2021-04-21;4.2525;4.2865;4.2525;4.2865;+1.48
2021-04-22;4.2845;4.2845;4.267;4.2805;-0.14
2021-04-23;4.343;4.343;4.3385;4.343;+1.46
2021-04-26;4.418;4.448;4.418;4.448;+2.42
2021-04-27;4.5185;4.743;4.459;4.743;+6.63
2021-04-28;4.755;4.755;4.51;4.537;-4.34
2021-04-29;4.4975;4.553;4.4705;4.493;-0.97
2021-04-30;4.492;4.534;4.457;4.479;-0.31
2021-05-03;4.4975;4.5475;4.45;4.543;+1.43
2021-05-04;4.5205;4.5735;4.5055;4.536;-0.15
2021-05-05;4.5655;4.5805;4.52;4.539;+0.07
2021-05-06;4.536;4.624;4.515;4.619;+1.76
2021-05-07;4.619;4.767;4.619;4.766;+3.18
2021-05-10;4.7865;4.8985;4.708;4.7335;-0.68
2021-05-11;4.709;4.82;4.709;4.7785;+0.95
2021-05-12;4.8325;4.835;4.727;4.7525;-0.54
2021-05-13;4.7405;4.764;4.665;4.7055;-0.99
2021-05-14;4.6985;4.7125;4.622;4.664;-0.88
2021-05-17;4.652;4.73;4.652;4.7215;+1.23
2021-05-18;4.775;4.776;4.735;4.7355;+0.30
2021-05-19;4.7;4.705;4.5485;4.5895;-3.08
2021-05-20;4.5585;4.619;4.5535;4.582;-0.16
2021-05-21;4.528;4.5665;4.491;4.496;-1.88
2021-05-24;4.472;4.55;4.472;4.5415;+1.01
2021-05-25;4.591;4.593;4.5095;4.522;-0.43
2021-05-26;4.5475;4.5475;4.533;4.533;+0.24
2021-05-27;4.5275;4.678;4.517;4.6665;+2.95
2021-05-28;4.677;4.6825;4.609;4.6825;+0.34
2021-06-01;4.689;4.697;4.65;4.662;-0.44
2021-06-02;4.6545;4.657;4.6;4.6;-1.33
2021-06-03;4.5035;4.5035;4.45;4.4715;-2.79
2021-06-04;4.4715;4.54;4.4715;4.5375;+1.48
2021-06-07;4.523;4.535;4.49;4.535;-0.06
2021-06-08;4.472;4.563;4.472;4.563;+0.62
2021-06-09;4.5315;4.538;4.5315;4.5365;-0.58
2021-06-10;4.483;4.49;4.483;4.49;-1.03
2021-06-11;4.574;4.574;4.5345;4.5415;+1.15
2021-06-14;4.5175;4.532;4.5175;4.532;-0.21
2021-06-15;4.376;4.376;4.335;4.34;-4.24
2021-06-16;4.338;4.3925;4.309;4.3925;+1.21
2021-06-17;4.295;4.339;4.1845;4.1845;-4.74
2021-06-18;4.1475;4.1625;4.146;4.1625;-0.53
2021-06-21;4.129;4.194;4.1285;4.1875;+0.60
2021-06-22;4.188;4.256;4.188;4.2345;+1.12
2021-06-23;4.3245;4.331;4.3245;4.331;+2.28
2021-06-24;4.307;4.3115;4.306;4.3115;-0.45
2021-06-25;4.32;4.329;4.2825;4.299;-0.29
2021-06-28;4.2885;4.2885;4.278;4.278;-0.49
2021-06-29;4.2745;4.2815;4.202;4.2765;-0.04
2021-06-30;4.2795;4.336;4.2645;4.2965;+0.47
2021-07-01;4.3;4.315;4.2355;4.242;-1.27
2021-07-02;4.246;4.298;4.24;4.282;+0.94
2021-07-06;4.282;4.3985;4.251;4.258;-0.56
2021-07-07;4.261;4.36;4.257;4.329;+1.67
2021-07-08;4.32;4.32;4.24;4.2715;-1.33
2021-07-09;4.279;4.373;4.279;4.3525;+1.90
2021-07-12;4.347;4.347;4.291;4.323;-0.68
2021-07-13;4.338;4.338;4.2675;4.3145;-0.20
2021-07-14;4.2995;4.309;4.27;4.277;-0.87
2021-07-15;4.2655;4.3495;4.2655;4.333;+1.31
2021-07-16;4.351;4.351;4.318;4.3325;-0.01
2021-07-19;4.306;4.308;4.18;4.2105;-2.82
2021-07-20;4.211;4.278;4.211;4.2735;+1.50
2021-07-21;4.2645;4.2975;4.2645;4.2825;+0.21
2021-07-22;4.32;4.348;4.32;4.348;+1.53
2021-07-23;4.358;4.456;4.358;4.4065;+1.35
2021-07-26;4.4365;4.602;4.4365;4.589;+4.14
2021-07-27;4.54;4.609;4.54;4.546;-0.94
2021-07-28;4.5735;4.5735;4.479;4.479;-1.47
2021-07-29;4.4685;4.5295;4.4685;4.52;+0.92
2021-07-30;4.526;4.5295;4.465;4.4805;-0.87
2021-08-02;4.493;4.5005;4.41;4.432;-1.08
2021-08-03;4.424;4.424;4.363;4.383;-1.11
2021-08-04;4.3325;4.3325;4.33;4.33;-1.21
2021-08-05;4.3345;4.348;4.3345;4.3455;+0.36
2021-08-06;4.3495;4.35;4.342;4.3455;0.00
2021-08-09;4.2925;4.321;4.2465;4.287;-1.35
2021-08-10;4.313;4.3515;4.313;4.3515;+1.50
2021-08-11;4.352;4.366;4.352;4.364;+0.29
2021-08-12;4.3745;4.3745;4.349;4.356;-0.18
2021-08-13;4.3605;4.4;4.3475;4.387;+0.71
2021-08-16;4.3565;4.361;4.318;4.322;-1.48
2021-08-17;4.328;4.329;4.1995;4.2;-2.82
2021-08-18;4.1535;4.1535;4.114;4.116;-2.00
2021-08-19;4.0275;4.0565;3.98;4.0385;-1.88
2021-08-20;4.064;4.1345;4.063;4.1345;+2.38
2021-08-23;4.242;4.2475;4.2215;4.2345;+2.42
2021-08-24;4.223;4.2585;4.223;4.255;+0.48
2021-08-25;4.269;4.2795;4.26;4.265;+0.24
2021-08-26;4.245;4.246;4.245;4.246;-0.45
2021-08-27;4.3165;4.3165;4.3165;4.3165;+1.66
2021-08-30;4.3215;4.398;4.316;4.361;+1.03
2021-08-31;4.3645;4.3745;4.3215;4.36;-0.02
2021-09-01;4.351;4.3535;4.241;4.263;-2.22
2021-09-02;4.267;4.2935;4.24;4.29;+0.63
2021-09-03;4.282;4.3355;4.268;4.3255;+0.83
2021-09-07;4.338;4.338;4.2535;4.2775;-1.11
2021-09-08;4.268;4.291;4.208;4.232;-1.06
2021-09-09;4.2285;4.3025;4.224;4.2835;+1.22
2021-09-10;4.2755;4.462;4.2755;4.448;+3.84
2021-09-13;4.4145;4.467;4.3355;4.3635;-1.90
2021-09-14;4.3565;4.3625;4.2835;4.318;-1.04
2021-09-15;4.31;4.4155;4.292;4.4035;+1.98
2021-09-16;4.4;4.402;4.26;4.2785;-2.84
2021-09-17;4.282;4.3405;4.233;4.2455;-0.77
2021-09-20;4.23;4.23;4.1;4.117;-3.03
2021-09-21;4.1355;4.1645;4.022;4.128;+0.27
2021-09-22;4.142;4.2685;4.142;4.2525;+3.02
2021-09-23;4.1975;4.265;4.1975;4.231;-0.51
2021-09-24;4.2175;4.2875;4.2175;4.2875;+1.34
2021-09-27;4.3045;4.305;4.2615;4.2935;+0.14
2021-09-28;4.2705;4.274;4.245;4.245;-1.13
2021-09-29;4.2315;4.246;4.187;4.2;-1.06
2021-09-30;4.1865;4.2045;4.068;4.09;-2.62
2021-10-01;4.15;4.2095;4.15;4.1935;+2.53
2021-10-04;4.24;4.2935;4.192;4.2465;+1.26
2021-10-05;4.228;4.228;4.175;4.202;-1.05
2021-10-06;4.165;4.1745;4.142;4.157;-1.07
2021-10-07;4.225;4.257;4.224;4.251;+2.26
2021-10-08;4.292;4.2925;4.283;4.283;+0.75
2021-10-11;4.349;4.3865;4.349;4.3745;+2.14
2021-10-12;4.364;4.3855;4.3235;4.329;-1.04
2021-10-13;4.454;4.5265;4.444;4.5205;+4.42
2021-10-14;4.61;4.6315;4.61;4.6315;+2.46
2021-10-15;4.6105;4.734;4.6105;4.734;+2.21
2021-10-18;4.7895;4.791;4.702;4.7305;-0.07
2021-10-19;4.75;4.75;4.687;4.714;-0.35
2021-10-20;4.65;4.7685;4.65;4.756;+0.89
2021-10-21;4.5865;4.5865;4.582;4.5865;-3.56
2021-10-22;4.55;4.559;4.5085;4.526;-1.32
2021-10-25;4.5515;4.5515;4.5515;4.5515;+0.56
2021-10-26;4.5255;4.5255;4.4865;4.4865;-1.43
2021-10-27;4.3925;4.3925;4.387;4.387;-2.22
2021-10-28;4.3865;4.454;4.354;4.4375;+1.15
2021-10-29;4.4395;4.4395;4.3435;4.3755;-1.40
2021-11-01;4.3545;4.405;4.3545;4.402;+0.61
2021-11-02;4.357;4.379;4.356;4.374;-0.64
2021-11-03;4.3735;4.3735;4.326;4.326;-1.10
2021-11-04;4.373;4.373;4.3055;4.326;0.00
2021-11-05;4.3325;4.349;4.3255;4.349;+0.53
2021-11-08;4.37;4.4115;4.37;4.405;+1.29
2021-11-09;4.42;4.42;4.3625;4.38;-0.57
2021-11-10;4.38;4.381;4.3025;4.328;-1.19
2021-11-11;4.397;4.433;4.397;4.4045;+1.77
2021-11-12;4.4095;4.4605;4.4095;4.4555;+1.16
2021-11-15;4.479;4.4795;4.407;4.407;-1.09
2021-11-16;4.339;4.3585;4.3355;4.3585;-1.10
2021-11-17;4.2975;4.2975;4.2055;4.273;-1.96
2021-11-18;4.2155;4.3215;4.215;4.31;+0.87
2021-11-19;4.312;4.4085;4.312;4.4085;+2.29
2021-11-22;4.41;4.41;4.3955;4.3955;-0.29
2021-11-23;4.422;4.4255;4.422;4.4235;+0.64
2021-11-24;4.3935;4.4595;4.3935;4.458;+0.78
2021-11-26;4.426;4.426;4.2815;4.2815;-3.96
2021-11-29;4.305;4.375;4.2815;4.337;+1.30
2021-11-30;4.357;4.3605;4.249;4.278;-1.36
2021-12-01;4.3035;4.345;4.21;4.2475;-0.71
2021-12-02;4.2405;4.3085;4.2405;4.299;+1.21
2021-12-03;4.2725;4.315;4.2515;4.2665;-0.76
2021-12-06;4.295;4.3425;4.2565;4.337;+1.65
2021-12-07;4.3105;4.3835;4.3065;4.338;+0.02
2021-12-08;4.339;4.394;4.332;4.391;+1.22
2021-12-09;4.3735;4.3765;4.3035;4.33;-1.39
2021-12-10;4.313;4.338;4.28;4.283;-1.09
2021-12-13;4.3225;4.3245;4.2755;4.28;-0.07
2021-12-14;4.27;4.295;4.25;4.254;-0.61
2021-12-15;4.26;4.27;4.129;4.1795;-1.75
2021-12-16;4.251;4.315;4.231;4.3005;+2.90
2021-12-17;4.3035;4.3215;4.2715;4.291;-0.22
2021-12-20;4.2695;4.297;4.2335;4.288;-0.07
2021-12-21;4.309;4.344;4.3045;4.338;+1.17
2021-12-22;4.3455;4.3895;4.345;4.3895;+1.19
2021-12-23;4.4005;4.4005;4.35;4.387;-0.06
2021-12-27;4.376;4.465;4.374;4.465;+1.78
2021-12-28;4.458;4.468;4.42;4.42;-1.01
2021-12-29;4.412;4.4135;4.402;4.402;-0.41
2021-12-30;4.406;4.4215;4.377;4.3845;-0.40
2021-12-31;4.3895;4.455;4.3775;4.455;+1.61
2022-01-03;4.44;4.4445;4.35;4.4145;-0.91
2022-01-04;4.385;4.466;4.374;4.466;+1.17
2022-01-05;4.4485;4.4485;4.371;4.4045;-1.38
2022-01-06;4.369;4.37;4.3205;4.348;-1.28
2022-01-07;4.377;4.403;4.356;4.403;+1.26
2022-01-10;4.389;4.41;4.325;4.3445;-1.33
2022-01-11;4.3935;4.4205;4.372;4.4205;+1.75
2022-01-12;4.419;4.581;4.419;4.564;+3.25
2022-01-13;4.564;4.564;4.534;4.534;-0.66
2022-01-14;4.4095;4.437;4.4095;4.4115;-2.70
2022-01-18;4.4195;4.4255;4.376;4.376;-0.80
2022-01-19;4.476;4.476;4.4625;4.4625;+1.98
2022-01-20;4.5185;4.5765;4.5185;4.5765;+2.55
2022-01-21;4.518;4.5415;4.496;4.5125;-1.40
2022-01-24;4.485;4.485;4.3865;4.403;-2.43
2022-01-25;4.432;4.443;4.432;4.443;+0.91
2022-01-26;4.507;4.508;4.4345;4.5045;+1.38
2022-01-27;4.4175;4.4635;4.413;4.413;-2.03
2022-01-28;4.4225;4.429;4.2945;4.303;-2.49
2022-01-31;4.308;4.3335;4.2785;4.318;+0.35
2022-02-01;4.3545;4.4315;4.3545;4.429;+2.57
2022-02-02;4.434;4.491;4.4315;4.491;+1.40
2022-02-03;4.4675;4.47;4.4645;4.4665;-0.55
2022-02-04;4.492;4.5065;4.4765;4.4835;+0.38
2022-02-07;4.4705;4.4725;4.436;4.4615;-0.49
2022-02-08;4.453;4.469;4.425;4.4595;-0.04
2022-02-09;4.464;4.635;4.464;4.6005;+3.16
2022-02-10;4.612;4.691;4.612;4.6575;+1.24
2022-02-11;4.6045;4.6045;4.4795;4.505;-3.27
2022-02-14;4.471;4.5075;4.471;4.5075;+0.06
2022-02-15;4.5075;4.5315;4.4865;4.5315;+0.53
2022-02-16;4.5405;4.5405;4.536;4.5405;+0.20
2022-02-17;4.5185;4.525;4.5185;4.525;-0.34
2022-02-18;4.5195;4.5195;4.5195;4.5195;-0.12
2022-02-22;4.5195;4.5195;4.51;4.51;-0.21
2022-02-23;4.506;4.5205;4.4815;4.4815;-0.63
2022-02-24;4.4785;4.4785;4.454;4.454;-0.61
2022-02-25;4.5;4.52;4.4485;4.472;+0.40
2022-02-28;4.456;4.5155;4.44;4.4445;-0.61
2022-03-01;4.4965;4.588;4.481;4.5865;+3.19
2022-03-02;4.563;4.69;4.553;4.6555;+1.50
2022-03-03;4.7;4.7825;4.698;4.7715;+2.49
2022-03-04;4.768;4.929;4.7665;4.929;+3.30
2022-03-07;4.91;5.01;4.66;4.722;-4.20
2022-03-08;4.73;4.919;4.602;4.7005;-0.46
2022-03-09;4.717;4.719;4.546;4.564;-2.90
2022-03-10;4.58;4.6495;4.574;4.6435;+1.74
2022-03-11;4.6085;4.6875;4.585;4.616;-0.59
2022-03-14;4.6005;4.6005;4.494;4.5125;-2.24
2022-03-15;4.492;4.525;4.46;4.5015;-0.24
2022-03-16;4.4925;4.61;4.4925;4.588;+1.92
2022-03-17;4.6525;4.6905;4.623;4.6905;+2.23
2022-03-18;4.7005;4.7305;4.686;4.7305;+0.85
2022-03-21;4.7;4.7065;4.6495;4.7015;-0.61
2022-03-22;4.6815;4.7255;4.6815;4.689;-0.27
2022-03-23;4.685;4.763;4.683;4.7625;+1.57
2022-03-24;4.7685;4.8;4.706;4.729;-0.70
2022-03-25;4.692;4.7025;4.683;4.686;-0.91
2022-03-28;4.65;4.714;4.633;4.714;+0.60
2022-03-29;4.7165;4.7165;4.7165;4.7165;+0.05
2022-03-30;4.7815;4.7815;4.727;4.7395;+0.49
2022-03-31;4.73;4.7445;4.701;4.743;+0.07
2022-04-01;4.7245;4.729;4.681;4.6825;-1.28
2022-04-04;4.7075;4.781;4.7075;4.7765;+2.01
2022-04-05;4.8085;4.8085;4.791;4.791;+0.30
2022-04-06;4.7625;4.7725;4.6975;4.7335;-1.20
2022-04-07;4.711;4.711;4.685;4.695;-0.81
2022-04-08;4.723;4.745;4.707;4.72;+0.53
2022-04-11;4.6825;4.7065;4.623;4.6285;-1.94
2022-04-12;4.666;4.706;4.6645;4.704;+1.63
2022-04-13;4.707;4.707;4.707;4.707;+0.06
2022-04-14;4.717;4.717;4.717;4.717;+0.21
2022-04-18;4.75;4.809;4.75;4.796;+1.67
2022-04-19;4.7975;4.7975;4.697;4.714;-1.71
2022-04-20;4.623;4.6495;4.623;4.6495;-1.37
2022-04-21;4.7035;4.7035;4.7035;4.7035;+1.16
2022-04-22;4.5825;4.591;4.5765;4.5825;-2.57
2022-04-25;4.48;4.48;4.411;4.449;-2.91
2022-04-26;4.4765;4.4765;4.434;4.44;-0.20
2022-04-27;4.446;4.4545;4.4425;4.4545;+0.33
2022-04-28;4.446;4.4695;4.3665;4.4135;-0.92
2022-04-29;4.423;4.485;4.363;4.395;-0.42
2022-05-02;4.3805;4.3855;4.19;4.2555;-3.17
2022-05-03;4.277;4.344;4.2575;4.271;+0.36
2022-05-04;4.29;4.364;4.24;4.3285;+1.35
2022-05-05;4.3985;4.42;4.2785;4.285;-1.00
2022-05-06;4.293;4.299;4.23;4.2615;-0.55
2022-05-09;4.23;4.23;4.1265;4.193;-1.61
2022-05-10;4.1735;4.251;4.13;4.1545;-0.92
2022-05-11;4.155;4.245;4.155;4.2125;+1.40
2022-05-12;4.1975;4.1975;4.056;4.105;-2.55
2022-05-13;4.1085;4.1805;4.068;4.1805;+1.84
2022-05-16;4.21;4.2145;4.15;4.1965;+0.38
2022-05-17;4.2405;4.2795;4.2125;4.2395;+1.02
2022-05-18;4.241;4.243;4.15;4.182;-1.36
2022-05-19;4.1815;4.285;4.1815;4.285;+2.46
2022-05-20;4.256;4.32;4.256;4.281;-0.09
2022-05-23;4.305;4.3485;4.29;4.3475;+1.55
2022-05-24;4.3245;4.3415;4.26;4.3255;-0.51
2022-05-25;4.2695;4.2935;4.2615;4.277;-1.12
2022-05-26;4.2575;4.2575;4.255;4.255;-0.51
2022-05-27;4.269;4.321;4.255;4.304;+1.15
2022-05-31;4.341;4.349;4.289;4.295;-0.21
2022-06-01;4.28;4.346;4.28;4.33;+0.81
2022-06-02;4.389;4.554;4.389;4.554;+5.17
2022-06-03;4.55;4.5675;4.4725;4.4775;-1.68
2022-06-06;4.4175;4.4425;4.4175;4.4395;-0.85
2022-06-07;4.3935;4.4395;4.381;4.4395;0.00
2022-06-08;4.435;4.4585;4.412;4.4585;+0.43
2022-06-09;4.44;4.44;4.3855;4.389;-1.56
2022-06-10;4.34;4.34;4.293;4.301;-2.01
2022-06-13;4.2395;4.262;4.19;4.2165;-1.96
2022-06-14;4.2;4.217;4.137;4.1615;-1.30
2022-06-15;4.1375;4.194;4.131;4.1675;+0.14
2022-06-16;4.176;4.176;4.052;4.112;-1.33
2022-06-17;4.1;4.1;4.0155;4.0175;-2.30
2022-06-21;3.965;4.065;3.965;4.043;+0.63
2022-06-22;3.8915;3.9535;3.8905;3.9515;-2.26
2022-06-23;3.854;3.86;3.7585;3.7585;-4.88
2022-06-24;3.734;3.773;3.7;3.76;+0.04
2022-06-27;3.791;3.803;3.75;3.779;+0.51
2022-06-28;3.8115;3.8115;3.784;3.784;+0.13
2022-06-29;3.755;3.813;3.7075;3.779;-0.13
2022-06-30;3.778;3.781;3.6855;3.7145;-1.71
2022-07-01;3.685;3.704;3.571;3.619;-2.57
2022-07-05;3.608;3.618;3.4245;3.425;-5.36
2022-07-06;3.4545;3.4635;3.37;3.418;-0.20
2022-07-07;3.4645;3.582;3.4435;3.582;+4.80
2022-07-08;3.5115;3.543;3.4755;3.532;-1.40
2022-07-11;3.43;3.4785;3.398;3.4375;-2.68
2022-07-12;3.4;3.409;3.26;3.2965;-4.10
2022-07-13;3.3135;3.3325;3.23;3.3255;+0.88
2022-07-14;3.269;3.2775;3.187;3.2105;-3.46
2022-07-15;3.154;3.254;3.15;3.2345;+0.75
2022-07-18;3.314;3.3605;3.314;3.348;+3.51
2022-07-19;3.2905;3.294;3.2655;3.2915;-1.69
2022-07-20;3.303;3.359;3.303;3.3295;+1.15
2022-07-21;3.327;3.327;3.275;3.302;-0.83
2022-07-22;3.324;3.3695;3.319;3.3485;+1.41
2022-07-25;3.3215;3.4;3.3205;3.351;+0.07
2022-07-26;3.4;3.4515;3.375;3.3825;+0.94
2022-07-27;3.4295;3.4295;3.4295;3.4295;+1.39
2022-07-28;3.476;3.507;3.4685;3.475;+1.33
2022-07-29;3.495;3.601;3.491;3.584;+3.14
2022-08-01;3.5805;3.5805;3.534;3.552;-0.89
2022-08-02;3.5215;3.5245;3.4895;3.5245;-0.77
2022-08-03;3.507;3.515;3.4695;3.4695;-1.56
2022-08-04;3.46;3.5085;3.46;3.483;+0.39
2022-08-05;3.52;3.5615;3.5095;3.553;+2.01
2022-08-08;3.5875;3.5875;3.5875;3.5875;+0.97
2022-08-09;3.601;3.601;3.59;3.5925;+0.14
2022-08-10;3.6075;3.6555;3.6075;3.6555;+1.75
2022-08-11;3.7105;3.7105;3.7105;3.7105;+1.50
2022-08-12;3.662;3.676;3.662;3.676;-0.93
2022-08-15;3.587;3.6335;3.583;3.629;-1.28
2022-08-16;3.6045;3.6455;3.6045;3.6365;+0.21
2022-08-17;3.613;3.613;3.598;3.598;-1.06
2022-08-18;3.6465;3.6465;3.6465;3.6465;+1.35
2022-08-19;3.6725;3.6835;3.666;3.6835;+1.01
2022-08-22;3.702;3.703;3.669;3.6705;-0.35
2022-08-23;3.713;3.7535;3.6985;3.7045;+0.93
2022-08-24;3.655;3.6605;3.655;3.6605;-1.19
2022-08-25;3.7015;3.72;3.695;3.7105;+1.37
2022-08-26;3.784;3.785;3.697;3.7115;+0.03
2022-08-29;3.665;3.665;3.6265;3.6265;-2.29
2022-08-30;3.6055;3.634;3.5315;3.545;-2.25
2022-08-31;3.5565;3.5805;3.4465;3.5185;-0.75
2022-09-01;3.5175;3.518;3.4125;3.4145;-2.96
2022-09-02;3.423;3.4615;3.389;3.4215;+0.21
2022-09-06;3.394;3.47;3.3825;3.469;+1.39
2022-09-07;3.463;3.463;3.418;3.438;-0.89
2022-09-08;3.4525;3.5575;3.4525;3.536;+2.85
2022-09-09;3.579;3.6325;3.559;3.581;+1.27
2022-09-12;3.5545;3.6315;3.552;3.6255;+1.24
2022-09-13;3.6255;3.6975;3.55;3.581;-1.23
2022-09-14;3.5575;3.572;3.527;3.5455;-0.99
2022-09-15;3.572;3.572;3.5055;3.5235;-0.62
2022-09-16;3.5;3.568;3.47;3.561;+1.06
2022-09-19;3.5425;3.5575;3.515;3.5575;-0.10
2022-09-20;3.541;3.5575;3.54;3.548;-0.27
2022-09-21;3.533;3.553;3.45;3.512;-1.01
2022-09-22;3.479;3.5375;3.479;3.4985;-0.38
2022-09-23;3.488;3.489;3.3645;3.3715;-3.63
2022-09-26;3.345;3.384;3.3;3.3135;-1.72
2022-09-27;3.3645;3.373;3.313;3.323;+0.29
2022-09-28;3.332;3.382;3.332;3.382;+1.78
2022-09-29;3.4075;3.4495;3.353;3.44;+1.71
2022-09-30;3.444;3.4825;3.429;3.442;+0.06
2022-10-03;3.4;3.46;3.394;3.458;+0.46
2022-10-04;3.464;3.55;3.464;3.518;+1.74
2022-10-05;3.529;3.5825;3.5035;3.5325;+0.41
2022-10-06;3.4925;3.5015;3.475;3.475;-1.63
2022-10-07;3.45;3.455;3.4115;3.4125;-1.80
2022-10-10;3.464;3.493;3.4535;3.4535;+1.20
2022-10-11;3.4665;3.483;3.427;3.478;+0.71
2022-10-12;3.4145;3.459;3.4145;3.4445;-0.96
2022-10-13;3.43;3.472;3.4;3.4675;+0.67
2022-10-14;3.4675;3.4675;3.4485;3.4505;-0.49
2022-10-17;3.45;3.479;3.439;3.4555;+0.14
2022-10-18;3.435;3.4425;3.39;3.4065;-1.42
2022-10-19;3.369;3.3695;3.358;3.3605;-1.35
2022-10-20;3.4215;3.467;3.4175;3.451;+2.69
2022-10-21;3.46;3.523;3.46;3.523;+2.09
2022-10-24;3.493;3.493;3.4795;3.4795;-1.23
2022-10-25;3.46;3.46;3.4505;3.4505;-0.83
2022-10-26;3.558;3.6295;3.558;3.6295;+5.19
2022-10-27;3.595;3.6255;3.595;3.6255;-0.11
2022-10-28;3.5375;3.5375;3.4535;3.466;-4.40
2022-10-31;3.4095;3.43;3.4095;3.4135;-1.51
2022-11-01;3.4945;3.523;3.4795;3.5095;+2.81
2022-11-02;3.4985;3.5055;3.475;3.5055;-0.11
2022-11-03;3.4455;3.4565;3.4455;3.4565;-1.40
2022-11-04;3.637;3.7315;3.6345;3.7145;+7.46
2022-11-07;3.666;3.666;3.605;3.6295;-2.29
2022-11-08;3.6585;3.7085;3.6585;3.7055;+2.09
2022-11-09;3.6765;3.7415;3.6765;3.7415;+0.97
2022-11-10;3.808;3.808;3.794;3.796;+1.46
2022-11-11;3.917;3.951;3.8905;3.951;+4.08
2022-11-14;3.848;3.872;3.8365;3.855;-2.43
2022-11-15;3.849;3.8505;3.825;3.8395;-0.40
2022-11-16;3.788;3.788;3.788;3.788;-1.34
2022-11-17;3.6955;3.696;3.6755;3.6895;-2.60
2022-11-18;3.6585;3.659;3.632;3.632;-1.56
2022-11-21;3.6;3.601;3.5665;3.5715;-1.67
2022-11-22;3.6515;3.6515;3.6145;3.6145;+1.20
2022-11-23;3.608;3.621;3.608;3.6175;+0.08
2022-11-25;3.629;3.629;3.6265;3.6265;+0.25
2022-11-28;3.5785;3.6105;3.5785;3.6105;-0.44
2022-11-29;3.595;3.677;3.5905;3.63;+0.54
2022-11-30;3.6315;3.782;3.627;3.7295;+2.74
2022-12-01;3.783;3.814;3.734;3.814;+2.27
2022-12-02;3.773;3.8585;3.756;3.848;+0.89
2022-12-05;3.8705;3.8715;3.77;3.7895;-1.52
2022-12-06;3.786;3.8575;3.786;3.8115;+0.58
2022-12-07;3.8185;3.857;3.7775;3.8555;+1.15
2022-12-08;3.837;3.9045;3.837;3.8805;+0.65
2022-12-09;3.88;3.912;3.85;3.876;-0.12
2022-12-12;3.841;3.8455;3.7895;3.7985;-2.00
2022-12-13;3.821;3.9145;3.806;3.8395;+1.08
2022-12-14;3.838;3.8765;3.827;3.875;+0.92
2022-12-15;3.8575;3.8575;3.7585;3.763;-2.89
2022-12-16;3.779;3.796;3.74;3.7615;-0.04
2022-12-19;3.811;3.811;3.7515;3.783;+0.57
2022-12-20;3.747;3.8055;3.725;3.7975;+0.38
2022-12-21;3.807;3.814;3.804;3.806;+0.22
2022-12-22;3.822;3.837;3.7505;3.7515;-1.43
2022-12-23;3.7835;3.811;3.76;3.803;+1.37
2022-12-27;3.864;3.928;3.8335;3.8335;+0.80
2022-12-28;3.842;3.842;3.819;3.832;-0.04
2022-12-29;3.831;3.8425;3.809;3.821;-0.29
2022-12-30;3.8265;3.8315;3.802;3.8055;-0.41
2023-01-03;3.8325;3.842;3.7615;3.766;-1.04
2023-01-04;3.736;3.752;3.7275;3.7395;-0.70
2023-01-05;3.8005;3.818;3.8005;3.818;+2.10
2023-01-06;3.8135;3.9135;3.8135;3.9085;+2.37
2023-01-09;3.9435;4.027;3.9385;4.0185;+2.81
2023-01-10;4.0125;4.067;4.0085;4.067;+1.21
2023-01-11;4.1085;4.174;4.106;4.1545;+2.15
2023-01-12;4.1505;4.191;4.146;4.186;+0.76
2023-01-13;4.179;4.2075;4.147;4.2075;+0.51
2023-01-17;4.141;4.2195;4.141;4.215;+0.18
2023-01-18;4.217;4.3145;4.212;4.2285;+0.32
2023-01-19;4.1945;4.2325;4.1945;4.2265;-0.05
2023-01-20;4.22;4.253;4.22;4.2485;+0.52
2023-01-23;4.2795;4.2795;4.242;4.254;+0.13
2023-01-24;4.2515;4.2515;4.229;4.2455;-0.20
2023-01-25;4.2145;4.24;4.2145;4.24;-0.13
2023-01-26;4.255;4.267;4.2375;4.267;+0.64
2023-01-27;4.224;4.224;4.224;4.224;-1.01
2023-01-30;4.2345;4.2365;4.1755;4.2035;-0.49
2023-01-31;4.17;4.2325;4.1415;4.2285;+0.59
2023-02-01;4.1675;4.1925;4.1095;4.111;-2.78
2023-02-02;4.189;4.189;4.0885;4.094;-0.41
2023-02-03;4.096;4.119;4.054;4.063;-0.76
2023-02-06;4.0685;4.0685;4.006;4.0435;-0.48
2023-02-07;4.02;4.0885;4.0175;4.0885;+1.11
2023-02-08;4.1135;4.1135;4.0265;4.0435;-1.10
2023-02-09;4.1055;4.1055;4.0745;4.1055;+1.53
2023-02-10;4.0435;4.0435;4.0275;4.0275;-1.90
2023-02-13;4.0275;4.087;4.0275;4.087;+1.48
2023-02-14;4.083;4.11;4.08;4.11;+0.56
2023-02-15;4.024;4.0695;4.015;4.052;-1.41
2023-02-16;4.11;4.1655;4.11;4.1655;+2.80
2023-02-17;4.114;4.132;4.114;4.114;-1.24
2023-02-21;4.18;4.237;4.1795;4.2345;+2.93
2023-02-22;4.201;4.2035;4.174;4.2025;-0.76
2023-02-23;4.1515;4.1525;4.0715;4.073;-3.08
2023-02-24;4.0195;4.0195;3.955;3.955;-2.90
2023-02-27;3.957;4.018;3.9345;4.009;+1.37
2023-02-28;4.0125;4.1005;4.003;4.0975;+2.21
2023-03-01;4.11;4.181;4.11;4.168;+1.72
2023-03-02;4.175;4.175;4.06;4.084;-2.02
2023-03-03;4.0795;4.123;4.073;4.078;-0.15
2023-03-06;4.055;4.1005;4.023;4.1005;+0.55
2023-03-07;4.087;4.088;3.9755;3.9865;-2.78
2023-03-08;3.9815;4.079;3.981;4.0415;+1.38
2023-03-09;4.0465;4.0565;4.03;4.0545;+0.32
2023-03-10;4.012;4.0675;3.99;4.0455;-0.22
2023-03-13;4.023;4.08;3.946;4.0695;+0.59
2023-03-14;4.0395;4.062;4.001;4.0105;-1.45
2023-03-15;4.021;4.021;3.8565;3.8565;-3.84
2023-03-16;3.904;3.906;3.84;3.8855;+0.75
2023-03-17;3.9425;3.959;3.8965;3.9135;+0.72
2023-03-20;3.937;3.9825;3.924;3.9755;+1.58
2023-03-21;4.051;4.0515;4.017;4.0185;+1.08
2023-03-22;4.0215;4.081;4.005;4.0685;+1.24
2023-03-23;4.1;4.146;4.0855;4.146;+1.90
2023-03-24;4.1655;4.1655;4.0755;4.1015;-1.07
2023-03-27;4.06;4.1255;4.06;4.1045;+0.07
2023-03-28;4.1085;4.1245;4.088;4.112;+0.18
2023-03-29;4.133;4.133;4.111;4.115;+0.07
2023-03-30;4.12;4.1205;4.079;4.0905;-0.60
2023-03-31;4.032;4.1045;4.032;4.1045;+0.34
2023-04-03;4.0965;4.0965;4.056;4.0595;-1.10
2023-04-04;4.066;4.066;3.974;3.9835;-1.87
2023-04-05;3.979;3.998;3.958;3.998;+0.36
2023-04-06;4.037;4.037;3.9975;4.026;+0.70
2023-04-10;3.9885;3.998;3.978;3.9865;-0.98
2023-04-11;4.041;4.041;4.0245;4.0245;+0.95
2023-04-12;4.0105;4.0845;3.999;4.0845;+1.49
2023-04-13;4.1;4.1345;4.1;4.124;+0.97
2023-04-14;4.1895;4.1895;4.1005;4.1075;-0.40
2023-04-17;4.107;4.108;4.0615;4.066;-1.01
2023-04-18;4.06;4.0895;4.06;4.0895;+0.58
2023-04-19;4.07;4.072;4.029;4.072;-0.43
2023-04-20;4.058;4.0595;4.01;4.022;-1.23
2023-04-21;4.003;4.0055;3.98;3.98;-1.04
2023-04-24;3.964;3.964;3.95;3.953;-0.68
2023-04-25;3.88;3.88;3.843;3.846;-2.71
2023-04-26;3.868;3.868;3.8435;3.85;+0.10
2023-04-27;3.841;3.8785;3.805;3.8645;+0.38
2023-04-28;3.8715;3.8995;3.84;3.87;+0.14
2023-05-01;3.8715;3.983;3.8555;3.917;+1.21
2023-05-02;3.9185;3.9315;3.843;3.848;-1.76
2023-05-03;3.83;3.845;3.8215;3.8315;-0.43
2023-05-04;3.8835;3.8835;3.824;3.85;+0.48
2023-05-05;3.849;3.8855;3.8435;3.8715;+0.56
2023-05-08;3.8895;3.941;3.8865;3.918;+1.20
2023-05-09;3.9095;3.9095;3.874;3.889;-0.74
2023-05-10;3.849;3.8735;3.818;3.828;-1.57
2023-05-11;3.8;3.802;3.678;3.6975;-3.41
2023-05-12;3.69;3.726;3.69;3.7165;+0.51
2023-05-15;3.7515;3.7515;3.731;3.7375;+0.57
2023-05-16;3.736;3.737;3.6455;3.6545;-2.22
2023-05-17;3.646;3.749;3.646;3.743;+2.42
2023-05-18;3.7135;3.7135;3.6805;3.6815;-1.64
2023-05-19;3.6925;3.7555;3.6925;3.7225;+1.11
2023-05-22;3.718;3.7185;3.66;3.674;-1.30
2023-05-23;3.67;3.67;3.613;3.6415;-0.88
2023-05-24;3.6;3.604;3.54;3.5535;-2.42
2023-05-25;3.5845;3.609;3.5685;3.5805;+0.76
2023-05-26;3.605;3.6735;3.605;3.6735;+2.60
2023-05-30;3.667;3.68;3.6325;3.658;-0.42
2023-05-31;3.6265;3.66;3.6185;3.631;-0.74
2023-06-01;3.6835;3.7115;3.679;3.7065;+2.08
2023-06-02;3.767;3.7675;3.719;3.7225;+0.43
2023-06-05;3.7205;3.773;3.7205;3.7625;+1.07
2023-06-06;3.733;3.7685;3.733;3.767;+0.12
2023-06-07;3.7585;3.7825;3.75;3.7545;-0.33
2023-06-08;3.7795;3.7965;3.7775;3.7965;+1.12
2023-06-09;3.789;3.789;3.78;3.789;-0.20
2023-06-12;3.75;3.7685;3.7485;3.7505;-1.02
2023-06-13;3.818;3.857;3.816;3.8285;+2.08
2023-06-14;3.8405;3.866;3.84;3.866;+0.98
2023-06-15;3.8125;3.8965;3.8125;3.8965;+0.79
2023-06-16;3.895;3.895;3.8785;3.8845;-0.31
2023-06-20;3.86;3.8945;3.8415;3.8785;-0.15
2023-06-21;3.86;3.911;3.86;3.911;+0.84
2023-06-22;3.95;3.95;3.887;3.8885;-0.58
2023-06-23;3.83;3.83;3.795;3.806;-2.12
2023-06-26;3.8205;3.8235;3.78;3.7865;-0.51
2023-06-27;3.773;3.7985;3.772;3.7815;-0.13
2023-06-28;3.74;3.74;3.716;3.7205;-1.61
2023-06-29;3.711;3.731;3.6625;3.6775;-1.16
2023-06-30;3.6775;3.7515;3.6775;3.741;+1.73
2023-07-03;3.7475;3.7905;3.7475;3.779;+1.02
2023-07-05;3.771;3.773;3.721;3.7535;-0.67
2023-07-06;3.743;3.7465;3.712;3.72;-0.89
2023-07-07;3.7325;3.77;3.727;3.767;+1.26
2023-07-10;3.7645;3.774;3.7375;3.7715;+0.12
2023-07-11;3.781;3.8;3.74;3.7535;-0.48
2023-07-12;3.7855;3.842;3.7765;3.842;+2.36
2023-07-13;3.8855;3.939;3.8855;3.9295;+2.28
2023-07-14;3.932;3.9355;3.9;3.922;-0.19
2023-07-17;3.888;3.888;3.8135;3.832;-2.29
2023-07-18;3.8335;3.8335;3.797;3.816;-0.42
2023-07-19;3.7975;3.803;3.78;3.7995;-0.43
2023-07-20;3.8255;3.873;3.812;3.8175;+0.47
2023-07-21;3.84;3.84;3.7925;3.803;-0.38
2023-07-24;3.812;3.8405;3.775;3.8405;+0.99
2023-07-25;3.8725;3.922;3.8725;3.902;+1.60
2023-07-26;3.8715;3.895;3.8715;3.8905;-0.29
2023-07-27;3.8635;3.8635;3.8635;3.8635;-0.69
2023-07-28;3.8805;3.9205;3.8805;3.917;+1.38
2023-07-31;3.921;4.001;3.921;3.9945;+1.98
2023-08-01;4.0025;4.0025;3.8935;3.8935;-2.53
2023-08-02;3.87;3.87;3.827;3.8275;-1.70
2023-08-03;3.828;3.876;3.825;3.876;+1.27
2023-08-04;3.8305;3.845;3.8035;3.845;-0.80
2023-08-07;3.807;3.813;3.804;3.813;-0.83
2023-08-08;3.78;3.78;3.7085;3.748;-1.70
2023-08-09;3.797;3.797;3.762;3.7675;+0.52
2023-08-10;3.789;3.8115;3.74;3.751;-0.44
2023-08-11;3.72;3.72;3.69;3.7145;-0.97
2023-08-14;3.7235;3.726;3.7045;3.7245;+0.27
2023-08-15;3.676;3.6875;3.653;3.6615;-1.69
2023-08-16;3.662;3.6775;3.6515;3.6515;-0.27
2023-08-17;3.6855;3.686;3.6745;3.6855;+0.93
2023-08-18;3.694;3.7;3.6865;3.699;+0.37
2023-08-21;3.719;3.719;3.7015;3.712;+0.35
2023-08-22;3.746;3.759;3.737;3.7505;+1.04
2023-08-23;3.795;3.807;3.795;3.8035;+1.41
2023-08-24;3.7815;3.7815;3.765;3.7675;-0.95
2023-08-25;3.7955;3.7955;3.76;3.76;-0.20
2023-08-28;3.7665;3.768;3.754;3.754;-0.16
2023-08-29;3.7905;3.793;3.788;3.793;+1.04
2023-08-30;3.7925;3.795;3.7635;3.785;-0.21
2023-08-31;3.788;3.7925;3.75;3.7725;-0.33
2023-09-01;3.792;3.862;3.786;3.8125;+1.06
2023-09-05;3.807;3.811;3.7665;3.811;-0.04
2023-09-06;3.799;3.8035;3.7435;3.7485;-1.64
2023-09-07;3.754;3.754;3.704;3.726;-0.60
2023-09-08;3.7135;3.7135;3.676;3.6805;-1.22
2023-09-11;3.7025;3.7745;3.7025;3.77;+2.43
2023-09-12;3.7625;3.763;3.736;3.752;-0.48
2023-09-13;3.7495;3.763;3.746;3.756;+0.11
2023-09-14;3.8;3.8;3.761;3.7825;+0.71
2023-09-15;3.8055;3.8055;3.757;3.7635;-0.50
2023-09-18;3.745;3.745;3.733;3.7415;-0.58
2023-09-19;3.71;3.714;3.7;3.714;-0.73
2023-09-20;3.7335;3.7465;3.708;3.7465;+0.88
2023-09-21;3.708;3.7185;3.61;3.6665;-2.14
2023-09-22;3.6865;3.6865;3.6655;3.6655;-0.03
2023-09-25;3.6635;3.666;3.649;3.6495;-0.44
2023-09-26;3.62;3.6435;3.62;3.625;-0.67
2023-09-27;3.62;3.627;3.6195;3.627;+0.06
2023-09-28;3.6255;3.6975;3.616;3.6945;+1.86
2023-09-29;3.738;3.7665;3.7175;3.726;+0.85
2023-10-02;3.6925;3.6925;3.6315;3.632;-2.52
2023-10-03;3.6315;3.6315;3.606;3.6155;-0.45
2023-10-04;3.6115;3.6115;3.5705;3.584;-0.87
2023-10-05;3.566;3.576;3.547;3.547;-1.03
2023-10-06;3.556;3.632;3.556;3.6245;+2.18
2023-10-09;3.643;3.654;3.6425;3.6425;+0.50
2023-10-10;3.5955;3.632;3.5955;3.632;-0.29
2023-10-11;3.614;3.614;3.614;3.614;-0.50
2023-10-12;3.618;3.618;3.5855;3.594;-0.55
2023-10-13;3.5945;3.595;3.5725;3.58;-0.39
2023-10-16;3.582;3.59;3.582;3.587;+0.20
2023-10-17;3.545;3.5755;3.545;3.5755;-0.32
2023-10-18;3.608;3.608;3.5785;3.582;+0.18
2023-10-19;3.574;3.5915;3.574;3.5915;+0.27
2023-10-20;3.567;3.567;3.5365;3.542;-1.38
2023-10-23;3.53;3.573;3.53;3.573;+0.88
2023-10-24;3.55;3.619;3.55;3.61;+1.04
2023-10-25;3.5925;3.5925;3.57;3.572;-1.05
2023-10-26;3.579;3.579;3.564;3.5685;-0.10
2023-10-27;3.635;3.635;3.631;3.634;+1.84
2023-10-30;3.6355;3.699;3.6355;3.6495;+0.43
2023-10-31;3.6465;3.6495;3.63;3.6415;-0.22
2023-11-01;3.6485;3.679;3.636;3.645;+0.10
2023-11-02;3.658;3.6765;3.658;3.667;+0.60
2023-11-03;3.6935;3.6935;3.663;3.6745;+0.20
2023-11-06;3.7075;3.71;3.7055;3.7095;+0.95
2023-11-07;3.6585;3.6765;3.64;3.67;-1.06
2023-11-08;3.647;3.647;3.628;3.628;-1.14
2023-11-09;3.62;3.6435;3.61;3.635;+0.19
2023-11-10;3.624;3.6245;3.5835;3.5835;-1.42
2023-11-13;3.644;3.6625;3.644;3.6625;+2.20
2023-11-14;3.703;3.703;3.6825;3.6825;+0.55
2023-11-15;3.6785;3.7205;3.6755;3.7175;+0.95
2023-11-16;3.693;3.7045;3.693;3.7045;-0.35
2023-11-17;3.6865;3.7375;3.6865;3.7375;+0.89
2023-11-20;3.75;3.8125;3.7485;3.8125;+2.01
2023-11-21;3.8105;3.8145;3.798;3.8145;+0.05
2023-11-22;3.78;3.78;3.76;3.7665;-1.26
2023-11-23;3.7695;3.779;3.7695;3.779;+0.33
2023-11-24;3.7695;3.7965;3.7695;3.7965;+0.46
2023-11-27;3.7815;3.7815;3.755;3.7625;-0.90
2023-11-28;3.755;3.801;3.755;3.801;+1.02
2023-11-29;3.808;3.822;3.773;3.786;-0.39
2023-11-30;3.8;3.84;3.7845;3.829;+1.14
2023-12-01;3.8375;3.91;3.83;3.909;+2.09
2023-12-04;3.896;3.8965;3.812;3.8205;-2.26
2023-12-05;3.812;3.823;3.759;3.7725;-1.26
2023-12-06;3.773;3.809;3.713;3.7165;-1.48
2023-12-07;3.716;3.7855;3.716;3.7845;+1.83
2023-12-08;3.786;3.851;3.786;3.82;+0.94
2023-12-11;3.784;3.7885;3.7675;3.78;-1.05
2023-12-12;3.7805;3.797;3.7715;3.786;+0.16
2023-12-13;3.788;3.832;3.755;3.786;0.00
2023-12-14;3.885;3.899;3.87;3.8885;+2.71
2023-12-15;3.8715;3.891;3.864;3.885;-0.09
2023-12-18;3.848;3.848;3.848;3.848;-0.95
2023-12-19;3.9;3.92;3.896;3.896;+1.25
2023-12-20;3.9015;3.927;3.874;3.9015;+0.14
2023-12-21;3.9075;3.9155;3.9075;3.9085;+0.18
2023-12-22;3.9145;3.9195;3.892;3.8955;-0.33
2023-12-26;3.9235;3.927;3.892;3.8955;0.00
2023-12-27;3.923;3.9435;3.923;3.9435;+1.23
2023-12-28;3.949;3.949;3.903;3.913;-0.77
2023-12-29;3.913;3.913;3.87;3.8805;-0.83
2024-01-02;3.8825;3.902;3.856;3.869;-0.30
2024-01-03;3.8375;3.862;3.8295;3.8475;-0.56
2024-01-04;3.855;3.856;3.8115;3.831;-0.43
2024-01-05;3.8325;3.8395;3.793;3.7945;-0.95
2024-01-08;3.797;3.8135;3.78;3.7995;+0.13
2024-01-09;3.7875;3.788;3.748;3.7485;-1.34
2024-01-10;3.758;3.784;3.758;3.781;+0.87
2024-01-11;3.793;3.7935;3.7765;3.7765;-0.12
2024-01-12;3.787;3.7925;3.74;3.74;-0.97
2024-01-16;3.763;3.775;3.763;3.7665;+0.71
2024-01-17;3.735;3.748;3.7295;3.7325;-0.90
2024-01-18;3.7275;3.745;3.72;3.745;+0.33
2024-01-19;3.7625;3.788;3.7625;3.787;+1.12
2024-01-22;3.762;3.7675;3.762;3.764;-0.61
2024-01-23;3.796;3.796;3.7855;3.7905;+0.70
2024-01-24;3.8025;3.885;3.797;3.8825;+2.43
2024-01-25;3.8625;3.8655;3.86;3.8655;-0.44
2024-01-26;3.866;3.8695;3.8505;3.8505;-0.39
2024-01-29;3.84;3.873;3.84;3.873;+0.58
2024-01-30;3.8685;3.9145;3.859;3.9065;+0.86
2024-01-31;3.911;3.936;3.885;3.9025;-0.10
2024-02-01;3.8955;3.8955;3.845;3.8525;-1.28
2024-02-02;3.85;3.85;3.8215;3.8215;-0.80
2024-02-05;3.805;3.805;3.767;3.772;-1.30
2024-02-06;3.7765;3.7915;3.7765;3.7825;+0.28
2024-02-07;3.7845;3.7845;3.735;3.7375;-1.19
2024-02-08;3.7425;3.7425;3.692;3.7055;-0.86
2024-02-09;3.6965;3.6965;3.686;3.686;-0.53
2024-02-12;3.721;3.7285;3.721;3.7285;+1.15
2024-02-13;3.7315;3.733;3.7065;3.714;-0.39
2024-02-14;3.6995;3.7005;3.6995;3.7005;-0.36
2024-02-15;3.7315;3.7575;3.7315;3.7565;+1.51
2024-02-16;3.8265;3.8415;3.8265;3.838;+2.17
2024-02-20;3.8665;3.8665;3.8665;3.8665;+0.74
2024-02-21;3.857;3.875;3.856;3.8745;+0.21
2024-02-22;3.8965;3.8975;3.867;3.8975;+0.59
2024-02-23;3.8605;3.882;3.8605;3.882;-0.40
2024-02-26;3.84;3.84;3.824;3.824;-1.49
2024-02-27;3.82;3.831;3.82;3.831;+0.18
2024-02-28;3.8305;3.8325;3.8015;3.8275;-0.09
2024-02-29;3.8275;3.8465;3.825;3.8345;+0.18
2024-03-01;3.838;3.858;3.809;3.855;+0.53
2024-03-04;3.845;3.8815;3.8435;3.852;-0.08
2024-03-05;3.8465;3.863;3.838;3.844;-0.21
2024-03-06;3.84;3.8915;3.8375;3.8705;+0.69
2024-03-07;3.874;3.931;3.874;3.9195;+1.27
2024-03-08;3.9175;3.932;3.878;3.885;-0.88
2024-03-11;3.887;3.923;3.887;3.9225;+0.97
2024-03-12;3.93;3.94;3.8965;3.925;+0.06
2024-03-13;3.923;4.056;3.9205;4.0525;+3.25
2024-03-14;4.055;4.055;4.018;4.037;-0.38
2024-03-15;4.0405;4.1205;4.036;4.1125;+1.87
2024-03-18;4.105;4.146;4.094;4.1145;+0.05
2024-03-19;4.1145;4.1145;4.05;4.0585;-1.36
2024-03-20;4.065;4.0775;4.02;4.0385;-0.49
2024-03-21;4.086;4.086;4.031;4.0465;+0.20
2024-03-22;4.0205;4.0205;3.99;3.996;-1.25
2024-03-25;3.9995;4.024;3.99;4.007;+0.28
2024-03-26;3.98;3.9985;3.98;3.996;-0.27
2024-03-27;3.9955;4.005;3.969;3.9925;-0.09
2024-03-28;4.0195;4.0195;3.982;4.0035;+0.28
2024-04-01;4.074;4.074;4.0445;4.046;+1.06
2024-04-02;4.054;4.0865;4.054;4.07;+0.59
2024-04-03;4.0725;4.2055;4.0725;4.193;+3.02
2024-04-04;4.222;4.2465;4.2175;4.2465;+1.28
2024-04-05;4.2395;4.2395;4.235;4.2395;-0.16
2024-04-08;4.1815;4.297;4.1815;4.277;+0.88
2024-04-09;4.277;4.286;4.2745;4.286;+0.21
2024-04-10;4.2745;4.282;4.2645;4.282;-0.09
2024-04-11;4.2725;4.2725;4.2305;4.252;-0.70
2024-04-12;4.34;4.34;4.2555;4.2575;+0.13
2024-04-15;4.383;4.383;4.286;4.379;+2.85
2024-04-16;4.365;4.3655;4.28;4.3055;-1.68
2024-04-17;4.3715;4.3715;4.3425;4.3425;+0.86
2024-04-18;4.415;4.4405;4.415;4.4405;+2.26
2024-04-19;4.4425;4.5145;4.4425;4.502;+1.38
2024-04-22;4.4785;4.5005;4.472;4.5005;-0.03
2024-04-23;4.485;4.4905;4.42;4.4905;-0.22
2024-04-24;4.467;4.4965;4.467;4.467;-0.52
2024-04-25;4.5705;4.5705;4.5705;4.5705;+2.32
2024-04-26;4.6245;4.6245;4.569;4.569;-0.03
2024-04-29;4.573;4.678;4.5625;4.659;+1.97
2024-04-30;4.675;4.691;4.5425;4.5645;-2.03
2024-05-01;4.5405;4.5985;4.5135;4.5525;-0.26
2024-05-02;4.581;4.581;4.476;4.494;-1.29
2024-05-03;4.5145;4.5735;4.5045;4.5735;+1.77
2024-05-06;4.5925;4.647;4.584;4.6345;+1.33
2024-05-07;4.63;4.637;4.5935;4.6255;-0.19
2024-05-08;4.583;4.594;4.532;4.562;-1.37
2024-05-09;4.559;4.6165;4.5385;4.6075;+1.00
2024-05-10;4.646;4.753;4.6455;4.6935;+1.87
2024-05-13;4.686;4.809;4.686;4.8045;+2.36
2024-05-14;4.823;5.082;4.8195;4.9535;+3.10
2024-05-15;4.99;5.1775;4.864;4.9695;+0.32
2024-05-16;5.023;5.023;4.882;4.892;-1.56
2024-05-17;4.865;5.0705;4.865;5.057;+3.37
2024-05-20;5.192;5.1985;5.029;5.0875;+0.60
2024-05-21;5.0575;5.1615;5.0575;5.119;+0.62
2024-05-22;5.075;5.075;4.839;4.8675;-4.91
2024-05-23;4.81;4.848;4.8035;4.8165;-1.05
2024-05-24;4.816;4.825;4.7725;4.7785;-0.79
2024-05-28;4.8635;4.899;4.86;4.8755;+2.03
2024-05-29;4.802;4.8055;4.796;4.8055;-1.44
2024-05-30;4.7755;4.7855;4.6425;4.672;-2.78
2024-05-31;4.6385;4.6515;4.5835;4.61;-1.33
2024-06-03;4.684;4.684;4.663;4.677;+1.45
2024-06-04;4.686;4.686;4.5445;4.548;-2.76
2024-06-05;4.538;4.6225;4.538;4.6195;+1.57
2024-06-06;4.6615;4.691;4.65;4.691;+1.55
2024-06-07;4.56;4.56;4.4795;4.4945;-4.19
2024-06-10;4.475;4.569;4.475;4.5565;+1.38
2024-06-11;4.4655;4.523;4.4655;4.523;-0.74
2024-06-12;4.5265;4.5875;4.5235;4.5815;+1.29
2024-06-13;4.5075;4.5075;4.5075;4.5075;-1.62
2024-06-14;4.5165;4.551;4.509;4.551;+0.97
2024-06-17;4.471;4.526;4.471;4.5215;-0.65
2024-06-18;4.45;4.562;4.45;4.562;+0.90
2024-06-20;4.605;4.618;4.592;4.618;+1.23
2024-06-21;4.5975;4.5975;4.479;4.494;-2.69
2024-06-24;4.48;4.527;4.4765;4.527;+0.73
2024-06-25;4.5115;4.5115;4.3675;4.381;-3.23
2024-06-26;4.3635;4.3675;4.363;4.3675;-0.31
2024-06-27;4.359;4.3655;4.305;4.3285;-0.89
2024-06-28;4.3265;4.416;4.319;4.3905;+1.43
2024-07-01;4.3885;4.4335;4.3625;4.4265;+0.82
2024-07-02;4.424;4.474;4.4005;4.4295;+0.07
2024-07-03;4.4525;4.5645;4.4525;4.541;+2.52
2024-07-05;4.544;4.68;4.544;4.6585;+2.59
2024-07-08;4.609;4.6675;4.6075;4.622;-0.78
2024-07-09;4.6165;4.647;4.559;4.578;-0.95
2024-07-10;4.5805;4.646;4.5625;4.6075;+0.64
2024-07-11;4.6005;4.611;4.5055;4.5085;-2.15
2024-07-12;4.5195;4.5985;4.49;4.5985;+2.00
2024-07-15;4.57;4.5735;4.51;4.529;-1.51
2024-07-16;4.5115;4.5135;4.43;4.444;-1.88
2024-07-17;4.4255;4.4275;4.393;4.399;-1.01
2024-07-18;4.3985;4.3985;4.266;4.266;-3.02
2024-07-19;4.252;4.261;4.218;4.219;-1.10
2024-07-22;4.219;4.221;4.1475;4.1805;-0.91
2024-07-23;4.1455;4.149;4.137;4.146;-0.83
2024-07-24;4.133;4.138;4.099;4.099;-1.13
2024-07-25;4.0605;4.1325;4.0605;4.1125;+0.33
2024-07-26;4.1125;4.127;4.088;4.1045;-0.19
2024-07-29;4.065;4.065;4.0495;4.062;-1.04
2024-07-30;4.061;4.076;4.0265;4.063;+0.02
2024-07-31;4.0765;4.179;4.0695;4.16;+2.39
2024-08-01;4.111;4.111;4.0505;4.0665;-2.25
2024-08-02;4.1075;4.11;4.084;4.084;+0.43
2024-08-05;4.1;4.1;3.926;3.984;-2.45
2024-08-06;3.95;4.0115;3.95;4.0115;+0.69
2024-08-07;3.9685;3.9685;3.928;3.9375;-1.84
2024-08-08;3.9175;3.9615;3.9175;3.945;+0.19
2024-08-09;3.966;4.014;3.966;3.98;+0.89
2024-08-12;4.02;4.071;4.0195;4.055;+1.88
2024-08-13;4.036;4.036;4.036;4.036;-0.47
2024-08-14;4.0505;4.052;4.025;4.025;-0.27
2024-08-15;4.0285;4.144;4.0285;4.139;+2.83
2024-08-16;4.0945;4.1275;4.0945;4.1275;-0.28
2024-08-19;4.166;4.1695;4.1645;4.1665;+0.94
2024-08-20;4.1755;4.191;4.139;4.1495;-0.41
2024-08-21;4.174;4.1845;4.174;4.1815;+0.77
2024-08-22;4.198;4.198;4.139;4.141;-0.97
2024-08-23;4.194;4.2045;4.194;4.1945;+1.29
2024-08-26;4.1995;4.2145;4.1995;4.2115;+0.41
2024-08-27;4.2435;4.244;4.2305;4.2305;+0.45
2024-08-28;4.22;4.22;4.145;4.145;-2.02
2024-08-29;4.145;4.178;4.1045;4.1475;+0.06
2024-08-30;4.1805;4.196;4.1425;4.145;-0.06
2024-09-03;4.149;4.1545;3.993;4.032;-2.73
2024-09-04;4.031;4.043;3.99;4.0195;-0.31
2024-09-05;4.027;4.1035;3.982;4.0775;+1.44
2024-09-06;4.079;4.114;4.0045;4.0145;-1.55
2024-09-09;4.046;4.096;4.046;4.0845;+1.74
2024-09-10;4.08;4.08;4.033;4.0405;-1.08
2024-09-11;4.058;4.103;4.058;4.083;+1.05
2024-09-12;4.112;4.1665;4.112;4.133;+1.22
2024-09-13;4.1485;4.184;4.1485;4.175;+1.02
2024-09-16;4.166;4.268;4.1322;4.2072;+0.77
2024-09-17;4.2052;4.242;3.8999;4.2249;+0.42
2024-09-18;4.2244;4.281;3.8998;4.21;-0.35
2024-09-19;4.21;4.3217;3.8981;4.2879;+1.85
2024-09-20;4.2863;4.326;3.8999;4.281;-0.16
2024-09-23;4.281;4.3019;4.2111;4.2883;+0.17
2024-09-24;4.2868;4.4698;4.2501;4.4658;+4.14
2024-09-25;4.4658;4.4912;4.2504;4.4268;-0.87
2024-09-26;4.4267;4.5958;4.4157;4.5928;+3.75
2024-09-27;4.5928;4.6033;4.5156;4.5315;-1.33
2024-09-30;4.5315;4.728;4.4422;4.4953;-0.80
2024-10-01;4.4952;4.579;4.4773;4.5224;+0.60
2024-10-02;4.5226;4.6103;4.5051;4.6068;+1.87
2024-10-03;4.6067;4.661;4.4646;4.4943;-2.44
2024-10-04;4.4942;4.604;4.4832;4.519;+0.55
2024-10-07;4.519;4.57;4.4657;4.5076;-0.25
2024-10-08;4.5073;4.5347;4.3737;4.4319;-1.68
2024-10-09;4.4314;4.4596;4.3289;4.3666;-1.47
2024-10-10;4.3666;4.418;4.3405;4.4037;+0.85
2024-10-11;4.4032;4.454;4.3777;4.446;+0.96
2024-10-14;4.446;4.446;4.3402;4.364;-1.84
2024-10-15;4.3641;4.3706;4.2878;4.3075;-1.29
2024-10-16;4.307;4.3568;4.2929;4.3308;+0.54
2024-10-17;4.3302;4.3736;4.2547;4.2944;-0.84
2024-10-18;4.2944;4.396;4.2897;4.339;+1.04
2024-10-21;4.339;4.4198;4.3113;4.3258;-0.30
2024-10-22;4.3253;4.405;4.3068;4.3532;+0.63
2024-10-23;4.3528;4.3597;4.2757;4.2942;-1.36
2024-10-24;4.2942;4.3685;4.2914;4.3351;+0.95
2024-10-25;4.3345;4.3578;4.2912;4.3365;+0.03
2024-10-28;4.3365;4.3534;4.3003;4.334;-0.06
2024-10-29;4.3345;4.405;4.3031;4.3399;+0.14
2024-10-30;4.3398;4.367;4.2987;4.3328;-0.16
2024-10-31;4.3332;4.3525;4.301;4.3307;-0.05
2024-11-01;4.3308;4.3821;4.3191;4.3221;-0.20
2024-11-04;4.3221;4.4239;4.3221;4.4078;+1.98
2024-11-05;4.4069;4.4677;4.3933;4.431;+0.53
2024-11-06;4.4304;4.4385;4.211;4.2144;-4.89
2024-11-07;4.214;4.4395;4.2;4.4047;+4.52
2024-11-08;4.4047;4.4208;4.2712;4.2915;-2.57
2024-11-11;4.2915;4.3138;4.2061;4.2222;-1.61
2024-11-12;4.2228;4.247;4.1144;4.1269;-2.26
2024-11-13;4.1275;4.1509;4.0555;4.0574;-1.68
2024-11-14;4.057;4.0865;3.9839;4.078;+0.51
2024-11-15;4.0774;4.1551;4.0449;4.0545;-0.58
2024-11-18;4.0545;4.1206;4.0392;4.111;+1.39
2024-11-19;4.1114;4.1458;4.078;4.1443;+0.81
2024-11-20;4.1449;4.169;4.1218;4.1293;-0.36
2024-11-21;4.1289;4.1556;4.0838;4.109;-0.49
2024-11-22;4.1089;4.1105;4.0481;4.0735;-0.86
2024-11-25;4.0735;4.1234;4.0735;4.1016;+0.69
2024-11-26;4.1012;4.1151;4.0428;4.0527;-1.19
2024-11-27;4.0523;4.0995;4.0423;4.0767;+0.59
2024-11-28;4.0785;4.1425;4.0492;4.0492;-0.67
2024-11-29;4.0492;4.0992;4.0492;4.082;+0.81
2024-12-02;4.082;4.0872;4.0245;4.0845;+0.06
2024-12-03;4.0839;4.2046;4.0522;4.1388;+1.33
2024-12-04;4.1383;4.213;4.0518;4.1418;+0.07
2024-12-05;4.1414;4.1975;4.0674;4.1408;-0.02
2024-12-06;4.1403;4.2165;4.0672;4.1405;-0.01
2024-12-09;4.1405;4.24;4.0669;4.2079;+1.63
2024-12-10;4.2067;4.253;4.065;4.223;+0.36
2024-12-11;4.2226;4.2726;4.1819;4.2122;-0.26
2024-12-12;4.2127;4.2807;4.065;4.1828;-0.70
2024-12-13;4.1823;4.237;4.0488;4.1445;-0.92
2024-12-16;4.1445;4.193;4.0508;4.1451;+0.01
2024-12-17;4.1446;4.1498;4.0775;4.0899;-1.33
2024-12-18;4.0903;4.1575;4.0378;4.0518;-0.93
2024-12-19;4.0507;4.089;4.0129;4.0209;-0.76
2024-12-20;4.0215;4.0547;3.9999;4.044;+0.57
2024-12-23;4.044;4.0686;4.0135;4.0321;-0.29
2024-12-24;4.0327;4.058;4.0214;4.041;+0.22
2024-12-25;4.048;4.0484;4.0406;4.0478;+0.17
2024-12-26;4.0478;4.0848;3.9993;4.0762;+0.70
2024-12-27;4.0766;4.1023;3.9982;4.078;+0.04
2024-12-30;4.078;4.1015;4.0343;4.0454;-0.80
2024-12-31;4.0449;4.0539;3.9665;3.9793;-1.63
2025-01-01;3.9795;3.9825;3.9779;3.982;+0.07
2025-01-02;3.982;4.0167;3.7501;3.9869;+0.12
2025-01-03;3.9875;4.0463;3.9717;4.0395;+1.32
2025-01-06;4.0395;4.1647;4.0211;4.1141;+1.85
2025-01-07;4.1137;4.2125;4.0812;4.1453;+0.76
2025-01-08;4.1449;4.256;4.0786;4.2397;+2.28
2025-01-09;4.2392;4.3144;4.0807;4.2841;+1.05
2025-01-10;4.2844;4.3261;4.078;4.314;+0.70
2025-01-13;4.314;4.314;4.0815;4.2906;-0.54
2025-01-14;4.2899;4.3505;4.0814;4.3116;+0.49
2025-01-15;4.3111;4.3855;4.0793;4.3683;+1.32
2025-01-16;4.3683;4.4151;4.3532;4.4081;+0.91
2025-01-17;4.4075;4.4367;4.0821;4.33;-1.77
2025-01-20;4.33;4.3478;3.7501;3.7501;-13.39
2025-01-21;3.7502;4.3185;3.75;4.3037;+14.76
2025-01-22;4.3031;4.3113;4.2504;4.2663;-0.87
2025-01-23;4.2669;4.3071;4.2116;4.2929;+0.62
2025-01-24;4.2923;4.3596;4.2785;4.2905;-0.06
2025-01-27;4.2905;4.2905;4.1927;4.2055;-1.98
2025-01-28;4.206;4.2499;4.2028;4.2287;+0.55
2025-01-29;4.2281;4.2869;4.1824;4.2598;+0.74
2025-01-30;4.2591;4.3256;4.2376;4.294;+0.80
2025-01-31;4.2934;4.3012;4.241;4.2525;-0.97
2025-02-03;4.2525;4.3198;4.1672;4.3093;+1.34
2025-02-04;4.3088;4.36;4.2924;4.352;+0.99
2025-02-05;4.3524;4.4476;4.334;4.4372;+1.96
2025-02-06;4.4377;4.5095;4.411;4.444;+0.15
2025-02-07;4.4443;4.6015;4.4443;4.589;+3.26
2025-02-10;4.589;4.7065;4.5606;4.6957;+2.33
2025-02-11;4.6946;4.6967;4.3097;4.589;-2.27
2025-02-12;4.5894;4.7074;4.5694;4.6883;+2.16
2025-02-13;4.6878;4.775;4.6743;4.7652;+1.64
2025-02-14;4.7654;4.8265;4.6228;4.6311;-2.81
2025-02-17;4.6311;4.6565;4.5866;4.5866;-0.96
2025-02-18;4.5503;4.6085;4.5425;4.5759;-0.23
2025-02-19;4.5738;4.5997;4.5484;4.5631;-0.28
2025-02-20;4.5641;4.626;4.5409;4.6019;+0.85
2025-02-21;4.601;4.615;4.5327;4.5355;-1.44
2025-02-24;4.5355;4.5715;4.502;4.5117;-0.52
2025-02-25;4.5092;4.5657;4.4727;4.5006;-0.25
2025-02-26;4.5043;4.6978;4.5043;4.5305;+0.66
2025-02-27;4.5289;4.6195;4.5031;4.5571;+0.59
2025-02-28;4.5527;4.5665;4.4838;4.5295;-0.61
2025-03-03;4.5765;4.6198;4.5093;4.5446;+0.33
2025-03-04;4.5462;4.6027;4.4927;4.5446;0.00
2025-03-05;4.5439;4.825;4.4822;4.8075;+5.78
2025-03-06;4.8065;4.851;4.7225;4.7693;-0.79
2025-03-07;4.7692;4.7746;4.6586;4.6845;-1.78
2025-03-10;4.6845;4.7074;4.6045;4.617;-1.44
2025-03-11;4.6185;4.782;4.5999;4.7612;+3.12
2025-03-12;4.7601;4.901;4.7035;4.8141;+1.11
2025-03-13;4.8139;4.9064;4.7678;4.8884;+1.54
2025-03-14;4.8895;4.9324;4.8415;4.8575;-0.63
2025-03-17;4.8575;4.9557;4.8456;4.9474;+1.85
2025-03-18;4.948;4.9992;4.8634;4.9846;+0.75
2025-03-19;4.9835;5.0979;4.7999;5.0946;+2.21
2025-03-20;5.0952;5.1242;5.029;5.0765;-0.36
2025-03-21;5.0762;5.1095;4.9995;5.0825;+0.12
2025-03-24;5.0875;5.1549;5.047;5.0582;-0.48
2025-03-25;5.0581;5.197;5.0482;5.1901;+2.61
2025-03-26;5.2138;5.2892;5.1944;5.2079;+0.34
2025-03-27;5.2075;5.2486;5.0655;5.1003;-2.07
2025-03-28;5.1004;5.1525;4.8752;5.0902;-0.20
2025-03-31;5.0902;5.1324;4.9702;5.0357;-1.07
2025-04-01;5.0351;5.1009;4.99;5.0198;-0.32
2025-04-02;5.0192;5.0799;4.8752;5.0352;+0.31
2025-04-03;5.0355;5.1256;4.7904;4.7914;-4.84
2025-04-04;4.7914;4.8085;4.3557;4.3696;-8.80
2025-04-07;4.3696;4.465;4.0129;4.2849;-1.94
2025-04-08;4.2874;4.3445;4.0925;4.0979;-4.36
2025-04-09;4.0982;4.4615;4.0235;4.4509;+8.61
2025-04-10;4.4493;4.4493;4.2991;4.376;-1.68
2025-04-11;4.3752;4.5478;4.3113;4.5363;+3.66
2025-04-14;4.5363;4.6728;4.5051;4.647;+2.44
2025-04-15;4.6478;4.6519;4.5236;4.5989;-1.04
2025-04-16;4.6008;4.6985;4.5302;4.6651;+1.44
2025-04-17;4.6643;4.751;3.7489;4.6977;+0.70
2025-04-18;4.6959;4.6959;4.6023;4.6023;-2.03
2025-04-21;4.6023;4.7981;4.6023;4.7116;+2.37
2025-04-22;4.7114;4.8811;4.7109;4.8417;+2.76
2025-04-23;4.8408;4.9253;4.816;4.8255;-0.33
2025-04-24;4.8238;4.8784;4.798;4.8739;+1.00
2025-04-25;4.8748;4.8858;4.7282;4.8403;-0.69
2025-04-28;4.8403;4.8555;4.7704;4.8159;-0.50
2025-04-29;4.8235;4.9159;4.7925;4.8087;-0.15
2025-04-30;4.8113;4.8167;4.4622;4.5572;-5.23
2025-05-01;4.5598;4.6345;4.5503;4.5832;+0.57
2025-05-02;4.5833;4.6921;4.5716;4.6471;+1.39
2025-05-05;4.6471;4.7194;4.6166;4.6588;+0.25
2025-05-06;4.6587;4.7464;4.6266;4.7109;+1.12
2025-05-07;4.7108;4.7609;4.5675;4.5732;-2.92
2025-05-08;4.5732;4.6336;4.4984;4.5549;-0.40
2025-05-09;4.5549;4.6974;4.4354;4.6066;+1.14
2025-05-12;4.6066;4.6827;4.5471;4.5897;-0.37
2025-05-13;4.5897;4.6866;4.564;4.6649;+1.64
2025-05-14;4.6649;4.6963;4.5887;4.6023;-1.34
2025-05-15;4.6022;4.665;4.5333;4.6414;+0.85
2025-05-16;4.6415;4.6601;4.5305;4.5511;-1.95
2025-05-19;4.5511;4.6398;4.535;4.6233;+1.59
2025-05-20;4.6233;4.6464;4.5465;4.6389;+0.34
2025-05-21;4.6391;4.6756;4.6172;4.62;-0.41
2025-05-22;4.6202;4.7122;4.5408;4.6472;+0.59
2025-05-23;4.6472;4.8735;4.5978;4.8294;+3.92
2025-05-26;4.8294;4.857;4.5777;4.5802;-5.16
2025-05-27;4.5803;4.8256;4.58;4.7135;+2.91
2025-05-28;4.7135;4.7615;4.6399;4.6599;-1.14
2025-05-29;4.66;4.7455;4.6286;4.6464;-0.29
2025-05-30;4.6464;4.7008;4.628;4.6742;+0.60
2025-06-02;4.6742;4.9248;4.6742;4.8334;+3.41
2025-06-03;4.8333;4.8419;4.6942;4.8344;+0.02
2025-06-04;4.8345;4.8955;4.5975;4.8793;+0.93
2025-06-05;4.8793;5.0404;4.86;4.8937;+0.30
2025-06-06;4.8935;4.9405;4.8012;4.8129;-1.65
2025-06-09;4.8184;4.9246;4.807;4.8855;+1.51
2025-06-10;4.8856;4.9124;4.836;4.8703;-0.31
2025-06-11;4.8702;4.8986;4.7602;4.7943;-1.56
2025-06-12;4.7942;4.835;4.7532;4.8303;+0.75
2025-06-13;4.8302;4.8421;4.6952;4.7402;-1.87
2025-06-16;4.7494;4.8544;4.7243;4.8065;+1.40
2025-06-17;4.8064;4.8322;4.7655;4.7832;-0.48
2025-06-18;4.7832;4.8598;4.7774;4.8468;+1.33
2025-06-19;4.8467;4.8623;4.7515;4.7516;-1.96
2025-06-20;4.7515;4.8622;4.739;4.8259;+1.56
2025-06-23;4.7669;4.9088;4.7633;4.8784;+1.09
2025-06-24;4.8785;4.9383;4.8425;4.9005;+0.45
2025-06-25;4.8975;4.9295;4.8692;4.926;+0.52
2025-06-26;4.9315;5.0995;4.915;5.0486;+2.49
2025-06-27;5.0486;5.1225;4.9776;5.068;+0.38
2025-06-30;5.068;5.1115;4.9805;5.1115;+0.86
2025-07-01;5.109;5.178;5.025;5.0478;-1.25
2025-07-02;5.0478;5.212;5.0229;5.1445;+1.92
2025-07-03;5.1444;5.2;5.0731;5.0885;-1.09
2025-07-04;5.0887;5.1004;4.9858;5.0177;-1.39
2025-07-07;5.0177;5.0482;4.9443;4.9626;-1.10
2025-07-08;4.9625;5.8357;4.8696;5.4597;+10.02
2025-07-09;5.4597;5.6877;5.2703;5.4939;+0.63
2025-07-10;5.494;5.637;5.3517;5.5856;+1.67
2025-07-11;5.5856;5.6198;5.4324;5.537;-0.87
2025-07-14;5.5379;5.5609;5.4124;5.4891;-0.87
2025-07-15;5.4891;5.591;5.4546;5.4828;-0.11
2025-07-16;5.4827;5.556;5.4435;5.4883;+0.10
2025-07-17;5.4883;5.4991;5.451;5.4681;-0.37
2025-07-18;5.468;5.615;5.4654;5.551;+1.52
2025-07-21;5.5549;5.6385;5.5377;5.6137;+1.13
2025-07-22;5.6136;5.7429;5.4429;5.7401;+2.25
2025-07-23;5.7402;5.901;5.6979;5.812;+1.25
2025-07-24;5.812;5.9364;5.7632;5.8033;-0.15
2025-07-25;5.8036;5.8149;5.7266;5.7839;-0.33
2025-07-28;5.7854;5.8246;5.4087;5.5999;-3.18
2025-07-29;5.5998;5.67;5.5542;5.6441;+0.79
2025-07-30;5.6439;5.83;4.4796;4.5999;-18.50
2025-07-31;4.5999;4.6272;4.316;4.405;-4.24
2025-08-01;4.4051;4.436;4.341;4.4161;+0.25
2025-08-04;4.4413;4.4555;4.3812;4.4302;+0.32
2025-08-05;4.4301;4.4499;4.3488;4.3576;-1.64
2025-08-06;4.3576;4.4275;4.3576;4.391;+0.77
2025-08-07;4.391;4.4305;4.3742;4.3949;+0.09
2025-08-08;4.3948;4.4712;4.3797;4.463;+1.55
2025-08-11;4.4568;4.466;4.4078;4.4274;-0.80
2025-08-12;4.4275;4.5211;4.4269;4.4969;+1.57
2025-08-13;4.4968;4.5266;4.4717;4.484;-0.29
2025-08-14;4.484;4.5;4.433;4.482;-0.04
2025-08-15;4.482;4.5012;4.4535;4.4712;-0.24
2025-08-18;4.4698;4.4929;4.439;4.4605;-0.24
2025-08-19;4.4604;4.4803;4.4054;4.4163;-0.99
2025-08-20;4.4163;4.4435;4.4038;4.433;+0.38
2025-08-21;4.4197;4.4555;4.3972;4.4348;+0.04
2025-08-22;4.4349;4.478;4.4152;4.4515;+0.38
2025-08-25;4.4497;4.4867;4.4439;4.4502;-0.03
2025-08-26;4.4503;4.4805;4.4239;4.4601;+0.22
2025-08-27;4.4601;4.471;4.3749;4.423;-0.83
2025-08-28;4.4137;4.555;4.41;4.4685;+1.03
2025-08-29;4.4686;4.5241;4.4613;4.5142;+1.02
2025-09-01;4.5153;4.5393;4.402;4.4022;-2.48
2025-09-02;4.402;4.5759;4.402;4.5679;+3.76
2025-09-03;4.5681;4.6028;4.53;4.5417;-0.57
2025-09-04;4.5415;4.58;4.4791;4.4935;-1.06
2025-09-05;4.4937;4.5492;4.4656;4.4703;-0.52
2025-09-08;4.4709;4.5118;4.4582;4.5004;+0.67
2025-09-09;4.5003;4.5196;4.481;4.5039;+0.08
2025-09-10;4.504;4.5588;4.494;4.5368;+0.73
2025-09-11;4.5368;4.6159;4.5276;4.6019;+1.43
2025-09-12;4.6019;4.6322;4.5753;4.5816;-0.44
2025-09-15;4.5879;4.6641;4.5779;4.6531;+1.56
2025-09-16;4.6532;4.6562;4.6187;4.6341;-0.41
2025-09-17;4.6341;4.6402;4.5216;4.5549;-1.71
2025-09-18;4.5547;4.5683;4.5169;4.5403;-0.32
2025-09-19;4.5403;4.5846;4.53;4.5729;+0.72
2025-09-22;4.5714;4.6335;4.5409;4.5902;+0.38
2025-09-23;4.5901;4.5937;4.5556;4.5802;-0.22
2025-09-24;4.5801;4.7848;4.4677;4.7649;+4.03
2025-09-25;4.7649;4.8779;4.687;4.7283;-0.77
2025-09-26;4.7282;4.745;4.602;4.7111;-0.36
2025-09-29;4.7084;4.8682;4.6985;4.8573;+3.10
2025-09-30;4.8573;4.8625;4.7663;4.827;-0.62
2025-10-01;4.827;4.8499;4.7673;4.8411;+0.29
2025-10-02;4.8413;4.9705;4.8028;4.9015;+1.25
2025-10-03;4.9016;5.0706;4.8881;5.0322;+2.67
2025-10-06;5.0322;5.0765;4.9649;4.9965;-0.71
2025-10-07;4.9954;5.0898;4.985;5.0359;+0.79
2025-10-08;5.0365;5.1006;5.0139;5.0345;-0.03
2025-10-09;5.034;5.2099;4.9889;5.0914;+1.13
2025-10-10;5.092;5.1349;4.7794;4.7979;-5.76
2025-10-13;4.7979;5.1329;4.7653;5.082;+5.92
2025-10-14;5.0807;5.134;4.89;4.952;-2.56
2025-10-15;4.9525;5.0337;4.9053;4.9341;-0.36
2025-10-16;4.9344;4.9766;4.8881;4.9455;+0.23
2025-10-17;4.9455;4.984;4.8445;4.9571;+0.23
2025-10-20;4.9571;5.0381;4.9324;5.0165;+1.20
2025-10-21;5.0153;5.0277;4.8884;4.906;-2.20
2025-10-22;4.9038;4.9975;4.8678;4.9713;+1.33
2025-10-23;4.9715;5.0861;4.9451;5.0612;+1.81
2025-10-24;5.0612;5.144;5.0366;5.0861;+0.49
2025-10-27;5.0861;5.2179;4.8693;5.133;+0.92
2025-10-28;5.1324;5.1519;5.0551;5.1357;+0.05
2025-10-29;5.1346;5.2529;5.1241;5.209;+1.43
2025-10-30;5.2075;5.217;4.8811;5.0703;-2.66
2025-10-31;5.0707;5.115;5.0222;5.0878;+0.35
2025-11-03;5.0878;5.107;5.0053;5.0206;-1.32
2025-11-04;5.0209;5.0447;4.8876;4.9063;-2.28
2025-11-05;4.9063;4.9727;4.8752;4.9712;+1.32
2025-11-06;4.9715;5.0095;4.9329;4.9825;+0.23
2025-11-07;4.9815;5.004;4.9341;4.9399;-0.85
2025-11-10;4.9399;5.1013;4.9399;5.0819;+2.87
2025-11-11;5.083;5.0889;5.0316;5.0498;-0.63
2025-11-12;5.0502;5.1342;5.0161;5.0692;+0.38
2025-11-13;5.0688;5.1486;5.0205;5.0307;-0.76
2025-11-14;5.0301;5.0746;4.991;5.0353;+0.09
2025-11-17;5.0353;5.0461;4.9561;4.9565;-1.56
2025-11-18;4.9561;4.9972;4.9395;4.9709;+0.29
2025-11-19;4.9713;5.0385;4.942;5.009;+0.77
2025-11-20;5.0046;5.0535;4.9395;4.9619;-0.94
2025-11-21;4.9587;5.0126;4.915;4.9921;+0.61
2025-11-24;4.9921;5.0775;4.957;4.9885;-0.07
2025-11-25;4.9853;5.1465;4.9848;5.1035;+2.31
2025-11-26;5.105;5.21;5.014;5.199;+1.87
2025-11-27;5.1105;5.208;4.9588;4.9589;-4.62
2025-11-28;4.9588;5.3045;4.9587;5.1866;+4.59
2025-12-01;5.1866;5.3165;5.1866;5.2765;+1.73
2025-12-02;5.277;5.293;4.9321;5.245;-0.60
2025-12-03;5.165;5.4055;4.9275;5.397;+2.90
2025-12-04;5.398;5.4245;4.9576;5.3565;-0.75
2025-12-05;5.3565;5.49;4.9592;5.3749;+0.34
2025-12-08;5.3749;5.4505;4.9597;5.441;+1.23
2025-12-09;5.441;5.441;5.2337;5.3325;-1.99
2025-12-10;5.332;5.407;5.2435;5.3184;-0.26
2025-12-11;5.3237;5.505;5.2879;5.49;+3.23
2025-12-12;5.492;5.5275;5.2269;5.2809;-3.81
2025-12-15;5.2809;5.4343;5.1501;5.3413;+1.14
2025-12-16;5.3408;5.413;5.2665;5.2899;-0.96
2025-12-17;5.2902;5.4655;5.2862;5.423;+2.52
2025-12-18;5.4225;5.454;5.3138;5.422;-0.02
2025-12-19;5.4205;5.5295;5.3329;5.4111;-0.20
2025-12-22;5.4111;5.546;5.4072;5.4257;+0.27
2025-12-23;5.4252;5.6;5.4088;5.5715;+2.69
2025-12-24;5.5715;5.6165;5.475;5.4958;-1.36
2025-12-25;5.4957;5.4958;5.4931;5.4936;-0.04
2025-12-26;5.4936;5.888;5.4703;5.7744;+5.11
2025-12-29;5.7744;5.9025;5.4967;5.5131;-4.53
2025-12-30;5.5137;5.7955;5.4834;5.7545;+4.38
2025-12-31;5.7375;5.7785;5.5982;5.693;-1.07
2026-01-01;5.694;5.696;5.6361;5.6492;-0.77
2026-01-02;5.6492;5.744;5.2196;5.6474;-0.03
2026-01-05;5.6474;6.007;5.6473;6.002;+6.28
2026-01-06;6.0015;6.1125;5.8966;6.044;+0.70
2026-01-07;6.0445;6.07;5.7977;5.8545;-3.14
2026-01-08;5.8545;5.9285;5.6485;5.79;-1.10
2026-01-09;5.79;5.9355;5.6889;5.8555;+1.13
2026-01-12;5.8555;6.0193;5.8489;5.9692;+1.94
2026-01-13;5.9694;6.0595;5.8975;5.962;-0.12
2026-01-14;5.9623;6.1107;5.9399;6.0886;+2.12
2026-01-15;6.089;6.1052;5.9065;5.9896;-1.63
2026-01-16;5.9901;6.0266;5.7748;5.8303;-2.66
2026-01-19;5.8328;5.9351;5.8298;5.9048;+1.28
2026-01-20;5.9064;5.9157;5.7448;5.8029;-1.73
2026-01-21;5.7994;5.897;5.7311;5.751;-0.89
2026-01-22;5.7811;5.8207;5.6933;5.7985;+0.83
2026-01-23;5.799;5.967;5.7866;5.9492;+2.60
2026-01-26;5.9494;6.0335;5.8867;5.9326;-0.28
2026-01-27;5.9305;5.9509;5.8067;5.8997;-0.55
2026-01-28;5.902;6.0032;5.8947;5.9524;+0.89
2026-01-29;5.9519;6.5834;5.9479;6.1773;+3.78
2026-01-30;6.1773;6.3866;5.7661;5.9226;-4.12
2026-02-02;5.9235;5.9402;5.5602;5.8318;-1.53
2026-02-03;5.8317;6.1176;5.8057;6.0678;+4.05
2026-02-04;6.0692;6.116;5.8284;5.8947;-2.85
2026-02-05;5.8955;5.9569;5.7468;5.7834;-1.89
2026-02-06;5.7835;5.8951;5.5925;5.8808;+1.68
2026-02-09;5.8848;5.9805;5.839;5.9716;+1.54
2026-02-10;5.9722;5.9793;5.8843;5.9123;-0.99
2026-02-11;5.9117;6.0853;5.8879;5.9635;+0.87
2026-02-12;5.9655;6.0196;5.7545;5.7875;-2.95
2026-02-13;5.788;5.8524;5.6762;5.8057;+0.31
2026-02-16;5.8045;5.8051;5.7351;5.7689;-0.63
2026-02-17;5.7713;5.7737;5.6251;5.6777;-1.58
2026-02-18;5.6812;5.8116;5.6658;5.7615;+1.48
2026-02-19;5.761;5.8136;5.6772;5.7477;-0.24
2026-02-20;5.752;5.877;5.7265;5.8411;+1.62
2026-02-23;5.8406;5.9078;5.7517;5.7844;-0.97
2026-02-24;5.7846;5.9354;5.7791;5.8955;+1.92
2026-02-25;5.8946;5.9967;5.8855;5.9913;+1.62
2026-02-26;5.9956;6.0095;5.9098;5.9685;-0.38
2026-02-27;5.972;6.1293;5.9621;6.0067;+0.64
2026-03-02;6.0061;6.0467;5.8739;5.9139;-1.54
2026-03-03;5.9137;5.962;5.6904;5.803;-1.88
2026-03-04;5.8036;5.9167;5.7003;5.8544;+0.89
2026-03-05;5.8562;5.9023;5.7236;5.7413;-1.93
2026-03-06;5.7418;5.8338;5.7269;5.7591;+0.31
2026-03-09;5.7586;5.8575;5.5834;5.8422;+1.44
2026-03-10;5.8435;5.9575;5.8153;5.8733;+0.53
2026-03-11;5.8761;5.9105;5.7871;5.8824;+0.15
2026-03-12;5.8779;5.8819;5.7716;5.7918;-1.54
2026-03-13;5.7899;5.8141;5.6139;5.7164;-1.30
2026-03-16;5.7161;5.8209;5.6143;5.8031;+1.52
2026-03-17;5.8039;5.8105;5.7046;5.7285;-1.29
2026-03-18;5.7286;5.7432;5.4627;5.4738;-4.45
2026-03-19;5.4697;5.515;5.2598;5.4773;+0.06
2026-03-20;5.477;5.5318;5.2393;5.3439;-2.44
2026-03-23;5.3415;5.5539;5.2098;5.4482;+1.95
2026-03-24;5.4456;5.473;5.3182;5.4259;-0.41
2026-03-25;5.4216;5.5685;5.4208;5.501;+1.38
2026-03-26;5.5042;5.5281;5.4131;5.4246;-1.39
2026-03-27;5.4246;5.5422;5.4145;5.4684;+0.81
2026-03-30;5.4678;5.5248;5.3791;5.4652;-0.06
2026-03-31;5.4657;5.6153;5.4355;5.6083;+2.62
2026-04-01;5.6079;5.6537;5.5608;5.6005;-0.14
2026-04-02;5.601;5.7064;5.492;5.6061;+0.10
2026-04-03;5.6088;5.6759;5.5603;5.5624;-0.78
2026-04-06;5.6417;5.6838;5.5539;5.5871;+0.44
2026-04-07;5.5874;5.6315;5.5196;5.5773;-0.18
2026-04-08;5.5762;5.7718;5.5747;5.734;+2.81
2026-04-09;5.7369;5.7703;5.6731;5.7405;+0.11
2026-04-10;5.738;5.9294;5.72;5.8498;+1.90